id,partnerid,sessionid,males,females,ageyo,sex,impfa,impba,impku,impam,impin,impcr,impco,imphp,impha,gfattrac,gbattrac,goattrac,gintelligent,gconfident,gkindunder,gambitious,gfunny,gcreative,gpercfunny,prefa,preba,preku,pream,prein,preco,precr,prehp,preha
14000011,14001011,1401,4,3,17.5,M,5,5,5,5,4,NA,NA,NA,NA,2,2,3,5,4,5,4,4,5,NA,NA,NA,NA,NA,NA,NA,NA,NA,NA
14000011,14001012,1401,4,3,17.5,M,5,5,5,5,4,NA,NA,NA,NA,2,2,4,4,5,5,4,4,4,NA,NA,NA,NA,NA,NA,NA,NA,NA,NA
14000011,14001013,1401,4,3,17.5,M,5,5,5,5,4,NA,NA,NA,NA,4,5,5,6,6,4,4,4,5,NA,NA,NA,NA,NA,NA,NA,NA,NA,NA
14000012,14001011,1401,4,3,18.16666667,M,4,4,6,5,6,NA,NA,NA,NA,2,2,2,3,3,5,5,3,3,NA,NA,NA,NA,NA,NA,NA,NA,NA,NA
14000012,14001012,1401,4,3,18.16666667,M,4,4,6,5,6,NA,NA,NA,NA,3,2,2,3,3,5,3,4,4,NA,NA,NA,NA,NA,NA,NA,NA,NA,NA
14000012,14001013,1401,4,3,18.16666667,M,4,4,6,5,6,NA,NA,NA,NA,3,3,3,4,2,5,5,4,2,NA,NA,NA,NA,NA,NA,NA,NA,NA,NA
14000013,14001011,1401,4,3,21.16666667,M,6,6,6,7,6,NA,NA,NA,NA,4,3,4,5,3,6,6,3,3,NA,NA,NA,NA,NA,NA,NA,NA,NA,NA
14000013,14001012,1401,4,3,21.16666667,M,6,6,6,7,6,NA,NA,NA,NA,5,3,4,5,5,6,5,6,5,NA,NA,NA,NA,NA,NA,NA,NA,NA,NA
14000013,14001013,1401,4,3,21.16666667,M,6,6,6,7,6,NA,NA,NA,NA,6,5,6,6,6,5,6,5,5,NA,NA,NA,NA,NA,NA,NA,NA,NA,NA
14000014,14001011,1401,4,3,18.33333333,M,6,4,6,4,6,NA,NA,NA,NA,3,4,5,7,5,6,3,4,3,NA,NA,NA,NA,NA,NA,NA,NA,NA,NA
14000014,14001012,1401,4,3,18.33333333,M,6,4,6,4,6,NA,NA,NA,NA,3,2,4,6,3,6,4,5,6,NA,NA,NA,NA,NA,NA,NA,NA,NA,NA
14000014,14001013,1401,4,3,18.33333333,M,6,4,6,4,6,NA,NA,NA,NA,4,6,6,6,3,5,3,5,6,NA,NA,NA,NA,NA,NA,NA,NA,NA,NA
14000021,14001021,1402,4,4,20.33333333,M,6,5,6,6,6,NA,NA,NA,NA,4,5,4,5,6,5,3,5,4,NA,NA,NA,NA,NA,NA,NA,NA,NA,NA
14000021,14001022,1402,4,4,20.33333333,M,6,5,6,6,6,NA,NA,NA,NA,6,5,6,4,4,6,4,6,5,NA,NA,NA,NA,NA,NA,NA,NA,NA,NA
14000021,14001023,1402,4,4,20.33333333,M,6,5,6,6,6,NA,NA,NA,NA,2,2,3,5,5,4,6,4,5,NA,NA,NA,NA,NA,NA,NA,NA,NA,NA
14000021,14001024,1402,4,4,20.33333333,M,6,5,6,6,6,NA,NA,NA,NA,4,3,5,4,5,5,5,5,5,NA,NA,NA,NA,NA,NA,NA,NA,NA,NA
14000022,14001021,1402,4,4,18.16666667,M,5,5,6,5,5,NA,NA,NA,NA,5,6,6,5,5,5,5,5,4,NA,NA,NA,NA,NA,NA,NA,NA,NA,NA
14000022,14001022,1402,4,4,18.16666667,M,5,5,6,5,5,NA,NA,NA,NA,6,6,6,4,4,5,5,5,6,NA,NA,NA,NA,NA,NA,NA,NA,NA,NA
14000022,14001023,1402,4,4,18.16666667,M,5,5,6,5,5,NA,NA,NA,NA,2,3,3,7,6,4,6,3,4,NA,NA,NA,NA,NA,NA,NA,NA,NA,NA
14000022,14001024,1402,4,4,18.16666667,M,5,5,6,5,5,NA,NA,NA,NA,4,5,5,5,5,5,5,4,5,NA,NA,NA,NA,NA,NA,NA,NA,NA,NA
14000023,14001021,1402,4,4,19.5,M,5,5,6,6,5,NA,NA,NA,NA,2,2,2,5,4,4,4,3,5,NA,NA,NA,NA,NA,NA,NA,NA,NA,NA
14000023,14001022,1402,4,4,19.5,M,5,5,6,6,5,NA,NA,NA,NA,5,4,5,5,5,4,5,5,6,NA,NA,NA,NA,NA,NA,NA,NA,NA,NA
14000023,14001023,1402,4,4,19.5,M,5,5,6,6,5,NA,NA,NA,NA,3,4,4,5,6,4,3,5,3,NA,NA,NA,NA,NA,NA,NA,NA,NA,NA
14000023,14001024,1402,4,4,19.5,M,5,5,6,6,5,NA,NA,NA,NA,4,4,4,5,5,4,5,5,4,NA,NA,NA,NA,NA,NA,NA,NA,NA,NA
14000024,14001021,1402,4,4,18.41666667,M,6,6,7,5,7,NA,NA,NA,NA,3,5,3,4,6,5,5,3,5,NA,NA,NA,NA,NA,NA,NA,NA,NA,NA
14000024,14001022,1402,4,4,18.41666667,M,6,6,7,5,7,NA,NA,NA,NA,3,3,3,4,5,5,5,3,5,NA,NA,NA,NA,NA,NA,NA,NA,NA,NA
14000024,14001023,1402,4,4,18.41666667,M,6,6,7,5,7,NA,NA,NA,NA,2,2,2,6,3,5,6,5,5,NA,NA,NA,NA,NA,NA,NA,NA,NA,NA
14000024,14001024,1402,4,4,18.41666667,M,6,6,7,5,7,NA,NA,NA,NA,3,4,3,5,7,6,7,4,4,NA,NA,NA,NA,NA,NA,NA,NA,NA,NA
14000031,14001031,1403,4,5,23.75,M,5,5,6,5,6,NA,NA,NA,NA,4,4,5,6,6,6,6,6,6,NA,NA,NA,NA,NA,NA,NA,NA,NA,NA
14000031,14001032,1403,4,5,23.75,M,5,5,6,5,6,NA,NA,NA,NA,6,6,6,6,6,6,6,6,6,NA,NA,NA,NA,NA,NA,NA,NA,NA,NA
14000031,14001033,1403,4,5,23.75,M,5,5,6,5,6,NA,NA,NA,NA,5,5,6,6,6,6,6,6,6,NA,NA,NA,NA,NA,NA,NA,NA,NA,NA
14000031,14001034,1403,4,5,23.75,M,5,5,6,5,6,NA,NA,NA,NA,3,5,5,6,6,6,5,6,6,NA,NA,NA,NA,NA,NA,NA,NA,NA,NA
14000031,14001035,1403,4,5,23.75,M,5,5,6,5,6,NA,NA,NA,NA,6,6,6,6,6,6,5,6,5,NA,NA,NA,NA,NA,NA,NA,NA,NA,NA
14000032,14001031,1403,4,5,17.83333333,M,5,4,7,5,4,NA,NA,NA,NA,5,5,5,5,6,5,4,5,5,NA,NA,NA,NA,NA,NA,NA,NA,NA,NA
14000032,14001032,1403,4,5,17.83333333,M,5,4,7,5,4,NA,NA,NA,NA,5,5,5,5,5,5,5,4,4,NA,NA,NA,NA,NA,NA,NA,NA,NA,NA
14000032,14001033,1403,4,5,17.83333333,M,5,4,7,5,4,NA,NA,NA,NA,7,6,7,5,6,6,4,7,6,NA,NA,NA,NA,NA,NA,NA,NA,NA,NA
14000032,14001034,1403,4,5,17.83333333,M,5,4,7,5,4,NA,NA,NA,NA,5,5,5,6,6,5,5,5,4,NA,NA,NA,NA,NA,NA,NA,NA,NA,NA
14000032,14001035,1403,4,5,17.83333333,M,5,4,7,5,4,NA,NA,NA,NA,6,6,6,5,5,5,5,5,4,NA,NA,NA,NA,NA,NA,NA,NA,NA,NA
14000033,14001031,1403,4,5,24.75,M,5,5,6,6,4,NA,NA,NA,NA,4,4,3,6,6,4,6,6,5,NA,NA,NA,NA,NA,NA,NA,NA,NA,NA
14000033,14001032,1403,4,5,24.75,M,5,5,6,6,4,NA,NA,NA,NA,6,5,5,6,4,5,5,5,6,NA,NA,NA,NA,NA,NA,NA,NA,NA,NA
14000033,14001033,1403,4,5,24.75,M,5,5,6,6,4,NA,NA,NA,NA,6,5,6,6,6,6,7,6,6,NA,NA,NA,NA,NA,NA,NA,NA,NA,NA
14000033,14001034,1403,4,5,24.75,M,5,5,6,6,4,NA,NA,NA,NA,6,6,6,4,5,6,4,6,6,NA,NA,NA,NA,NA,NA,NA,NA,NA,NA
14000033,14001035,1403,4,5,24.75,M,5,5,6,6,4,NA,NA,NA,NA,3,3,4,5,4,4,5,5,4,NA,NA,NA,NA,NA,NA,NA,NA,NA,NA
14000035,14001031,1403,4,5,18.08333333,M,6,4,5,5,5,NA,NA,NA,NA,4,5,5,4,6,6,5,4,5,NA,NA,NA,NA,NA,NA,NA,NA,NA,NA
14000035,14001032,1403,4,5,18.08333333,M,6,4,5,5,5,NA,NA,NA,NA,5,5,5,6,6,5,6,5,4,NA,NA,NA,NA,NA,NA,NA,NA,NA,NA
14000035,14001033,1403,4,5,18.08333333,M,6,4,5,5,5,NA,NA,NA,NA,5,5,6,5,6,5,5,4,5,NA,NA,NA,NA,NA,NA,NA,NA,NA,NA
14000035,14001034,1403,4,5,18.08333333,M,6,4,5,5,5,NA,NA,NA,NA,5,3,5,6,6,5,5,5,4,NA,NA,NA,NA,NA,NA,NA,NA,NA,NA
14000035,14001035,1403,4,5,18.08333333,M,6,4,5,5,5,NA,NA,NA,NA,6,6,6,4,4,5,5,4,6,NA,NA,NA,NA,NA,NA,NA,NA,NA,NA
14000041,14001041,1404,5,5,20.91666667,M,5,5,5,4,4,NA,NA,NA,NA,5,5,5,5,6,6,5,5,5,NA,NA,NA,NA,NA,NA,NA,NA,NA,NA
14000041,14001042,1404,5,5,20.91666667,M,5,5,5,4,4,NA,NA,NA,NA,4,5,5,4,5,4,5,4,4,NA,NA,NA,NA,NA,NA,NA,NA,NA,NA
14000041,14001043,1404,5,5,20.91666667,M,5,5,5,4,4,NA,NA,NA,NA,5,5,5,6,6,6,5,5,5,NA,NA,NA,NA,NA,NA,NA,NA,NA,NA
14000041,14001044,1404,5,5,20.91666667,M,5,5,5,4,4,NA,NA,NA,NA,6,4,5,4,4,5,5,5,5,NA,NA,NA,NA,NA,NA,NA,NA,NA,NA
14000041,14001045,1404,5,5,20.91666667,M,5,5,5,4,4,NA,NA,NA,NA,5,5,5,5,5,6,5,6,5,NA,NA,NA,NA,NA,NA,NA,NA,NA,NA
14000042,14001041,1404,5,5,17.91666667,M,6,5,6,6,5,NA,NA,NA,NA,2,3,3,6,5,5,5,3,4,NA,NA,NA,NA,NA,NA,NA,NA,NA,NA
14000042,14001042,1404,5,5,17.91666667,M,6,5,6,6,5,NA,NA,NA,NA,3,5,3,5,2,3,2,2,4,NA,NA,NA,NA,NA,NA,NA,NA,NA,NA
14000042,14001043,1404,5,5,17.91666667,M,6,5,6,6,5,NA,NA,NA,NA,5,5,NA,5,6,5,5,6,5,NA,NA,NA,NA,NA,NA,NA,NA,NA,NA
14000042,14001044,1404,5,5,17.91666667,M,6,5,6,6,5,NA,NA,NA,NA,3,3,3,6,2,5,3,3,4,NA,NA,NA,NA,NA,NA,NA,NA,NA,NA
14000042,14001045,1404,5,5,17.91666667,M,6,5,6,6,5,NA,NA,NA,NA,6,6,6,6,6,6,5,7,6,NA,NA,NA,NA,NA,NA,NA,NA,NA,NA
14000043,14001041,1404,5,5,18.16666667,M,5,5,6,5,5,NA,NA,NA,NA,4,5,5,6,6,6,5,4,5,NA,NA,NA,NA,NA,NA,NA,NA,NA,NA
14000043,14001042,1404,5,5,18.16666667,M,5,5,6,5,5,NA,NA,NA,NA,4,6,5,5,5,5,5,4,4,NA,NA,NA,NA,NA,NA,NA,NA,NA,NA
14000043,14001043,1404,5,5,18.16666667,M,5,5,6,5,5,NA,NA,NA,NA,5,5,5,5,5,5,4,5,4,NA,NA,NA,NA,NA,NA,NA,NA,NA,NA
14000043,14001044,1404,5,5,18.16666667,M,5,5,6,5,5,NA,NA,NA,NA,6,5,6,6,4,6,4,4,4,NA,NA,NA,NA,NA,NA,NA,NA,NA,NA
14000043,14001045,1404,5,5,18.16666667,M,5,5,6,5,5,NA,NA,NA,NA,6,6,6,5,5,5,5,5,5,NA,NA,NA,NA,NA,NA,NA,NA,NA,NA
14000044,14001041,1404,5,5,20.83333333,M,5,5,6,6,6,NA,NA,NA,NA,5,6,5,5,5,6,5,6,6,NA,NA,NA,NA,NA,NA,NA,NA,NA,NA
14000044,14001042,1404,5,5,20.83333333,M,5,5,6,6,6,NA,NA,NA,NA,4,6,4,3,5,4,4,3,3,NA,NA,NA,NA,NA,NA,NA,NA,NA,NA
14000044,14001043,1404,5,5,20.83333333,M,5,5,6,6,6,NA,NA,NA,NA,6,7,6,6,6,NA,6,6,6,NA,NA,NA,NA,NA,NA,NA,NA,NA,NA
14000044,14001044,1404,5,5,20.83333333,M,5,5,6,6,6,NA,NA,NA,NA,6,7,5,5,5,5,5,6,5,NA,NA,NA,NA,NA,NA,NA,NA,NA,NA
14000044,14001045,1404,5,5,20.83333333,M,5,5,6,6,6,NA,NA,NA,NA,6,5,6,5,5,5,5,6,5,NA,NA,NA,NA,NA,NA,NA,NA,NA,NA
14000045,14001041,1404,5,5,20.91666667,M,5,5,5,6,6,NA,NA,NA,NA,5,6,6,7,6,7,7,5,5,NA,NA,NA,NA,NA,NA,NA,NA,NA,NA
14000045,14001042,1404,5,5,20.91666667,M,5,5,5,6,6,NA,NA,NA,NA,4,6,6,5,6,5,7,6,6,NA,NA,NA,NA,NA,NA,NA,NA,NA,NA
14000045,14001043,1404,5,5,20.91666667,M,5,5,5,6,6,NA,NA,NA,NA,6,6,6,6,6,5,6,5,6,NA,NA,NA,NA,NA,NA,NA,NA,NA,NA
14000045,14001044,1404,5,5,20.91666667,M,5,5,5,6,6,NA,NA,NA,NA,5,5,5,6,5,7,6,5,5,NA,NA,NA,NA,NA,NA,NA,NA,NA,NA
14000045,14001045,1404,5,5,20.91666667,M,5,5,5,6,6,NA,NA,NA,NA,6,6,NA,6,6,5,5,6,6,NA,NA,NA,NA,NA,NA,NA,NA,NA,NA
14000051,14001051,1405,3,4,18.83333333,M,6,4,6,5,6,NA,NA,NA,NA,2,3,3,3,3,3,3,4,4,NA,NA,NA,NA,NA,NA,NA,NA,NA,NA
14000051,14001052,1405,3,4,18.83333333,M,6,4,6,5,6,NA,NA,NA,NA,6,5,5,4,5,4,4,5,5,NA,NA,NA,NA,NA,NA,NA,NA,NA,NA
14000051,14001053,1405,3,4,18.83333333,M,6,4,6,5,6,NA,NA,NA,NA,5,4,5,6,6,5,5,5,4,NA,NA,NA,NA,NA,NA,NA,NA,NA,NA
14000051,14001054,1405,3,4,18.83333333,M,6,4,6,5,6,NA,NA,NA,NA,3,3,4,3,4,4,3,4,6,NA,NA,NA,NA,NA,NA,NA,NA,NA,NA
14000052,14001051,1405,3,4,21.58333333,M,7,6,6,6,5,NA,NA,NA,NA,3,2,3,4,5,5,5,5,6,NA,NA,NA,NA,NA,NA,NA,NA,NA,NA
14000052,14001052,1405,3,4,21.58333333,M,7,6,6,6,5,NA,NA,NA,NA,5,5,5,4,5,5,5,5,5,NA,NA,NA,NA,NA,NA,NA,NA,NA,NA
14000052,14001053,1405,3,4,21.58333333,M,7,6,6,6,5,NA,NA,NA,NA,4,3,4,5,4,6,5,5,4,NA,NA,NA,NA,NA,NA,NA,NA,NA,NA
14000052,14001054,1405,3,4,21.58333333,M,7,6,6,6,5,NA,NA,NA,NA,2,3,3,5,3,5,5,4,6,NA,NA,NA,NA,NA,NA,NA,NA,NA,NA
14000053,14001051,1405,3,4,18.33333333,M,5,6,5,3,5,NA,NA,NA,NA,2,3,3,5,5,6,3,5,5,NA,NA,NA,NA,NA,NA,NA,NA,NA,NA
14000053,14001052,1405,3,4,18.33333333,M,5,6,5,3,5,NA,NA,NA,NA,4,5,4,5,6,5,3,3,4,NA,NA,NA,NA,NA,NA,NA,NA,NA,NA
14000053,14001053,1405,3,4,18.33333333,M,5,6,5,3,5,NA,NA,NA,NA,3,3,4,6,5,6,5,5,4,NA,NA,NA,NA,NA,NA,NA,NA,NA,NA
14000053,14001054,1405,3,4,18.33333333,M,5,6,5,3,5,NA,NA,NA,NA,3,3,4,6,5,6,5,4,4,NA,NA,NA,NA,NA,NA,NA,NA,NA,NA
14000061,14001061,1406,4,4,18.66666667,M,5,5,5,4,5,NA,NA,NA,NA,4,3,4,6,6,6,4,4,5,NA,NA,NA,NA,NA,NA,NA,NA,NA,NA
14000061,14001062,1406,4,4,18.66666667,M,5,5,5,4,5,NA,NA,NA,NA,3,5,4,6,5,6,7,4,3,NA,NA,NA,NA,NA,NA,NA,NA,NA,NA
14000061,14001063,1406,4,4,18.66666667,M,5,5,5,4,5,NA,NA,NA,NA,5,6,6,6,5,5,5,5,4,NA,NA,NA,NA,NA,NA,NA,NA,NA,NA
14000061,14001064,1406,4,4,18.66666667,M,5,5,5,4,5,NA,NA,NA,NA,6,5,5,6,6,6,5,5,4,NA,NA,NA,NA,NA,NA,NA,NA,NA,NA
14000062,14001061,1406,4,4,17.91666667,M,6,5,6,5,6,NA,NA,NA,NA,3,3,4,5,5,5,6,5,6,NA,NA,NA,NA,NA,NA,NA,NA,NA,NA
14000062,14001062,1406,4,4,17.91666667,M,6,5,6,5,6,NA,NA,NA,NA,2,3,3,4,2,5,3,4,4,NA,NA,NA,NA,NA,NA,NA,NA,NA,NA
14000062,14001063,1406,4,4,17.91666667,M,6,5,6,5,6,NA,NA,NA,NA,5,6,6,6,6,5,5,5,5,NA,NA,NA,NA,NA,NA,NA,NA,NA,NA
14000062,14001064,1406,4,4,17.91666667,M,6,5,6,5,6,NA,NA,NA,NA,3,5,5,6,6,6,6,6,5,NA,NA,NA,NA,NA,NA,NA,NA,NA,NA
14000063,14001061,1406,4,4,17.58333333,M,5,3,6,4,7,NA,NA,NA,NA,2,3,3,5,7,7,7,3,5,NA,NA,NA,NA,NA,NA,NA,NA,NA,NA
14000063,14001062,1406,4,4,17.58333333,M,5,3,6,4,7,NA,NA,NA,NA,5,4,6,6,7,5,5,4,5,NA,NA,NA,NA,NA,NA,NA,NA,NA,NA
14000063,14001063,1406,4,4,17.58333333,M,5,3,6,4,7,NA,NA,NA,NA,6,4,5,6,7,3,4,5,6,NA,NA,NA,NA,NA,NA,NA,NA,NA,NA
14000063,14001064,1406,4,4,17.58333333,M,5,3,6,4,7,NA,NA,NA,NA,2,5,4,5,4,5,3,2,3,NA,NA,NA,NA,NA,NA,NA,NA,NA,NA
14000064,14001061,1406,4,4,22.33333333,M,6,6,6,6,6,NA,NA,NA,NA,5,5,5,6,6,5,6,6,5,NA,NA,NA,NA,NA,NA,NA,NA,NA,NA
14000064,14001062,1406,4,4,22.33333333,M,6,6,6,6,6,NA,NA,NA,NA,5,4,5,5,4,5,4,5,5,NA,NA,NA,NA,NA,NA,NA,NA,NA,NA
14000064,14001063,1406,4,4,22.33333333,M,6,6,6,6,6,NA,NA,NA,NA,6,6,6,6,6,6,5,6,5,NA,NA,NA,NA,NA,NA,NA,NA,NA,NA
14000064,14001064,1406,4,4,22.33333333,M,6,6,6,6,6,NA,NA,NA,NA,5,5,5,5,5,5,5,6,6,NA,NA,NA,NA,NA,NA,NA,NA,NA,NA
14000071,14001071,1407,4,3,18,M,7,7,6,5,5,NA,NA,NA,NA,1,1,1,5,4,4,3,3,4,NA,NA,NA,NA,NA,NA,NA,NA,NA,NA
14000071,14001072,1407,4,3,18,M,7,7,6,5,5,NA,NA,NA,NA,1,1,2,6,4,3,2,3,4,NA,NA,NA,NA,NA,NA,NA,NA,NA,NA
14000071,14001073,1407,4,3,18,M,7,7,6,5,5,NA,NA,NA,NA,5,6,6,6,6,6,6,6,6,NA,NA,NA,NA,NA,NA,NA,NA,NA,NA
14000072,14001071,1407,4,3,17.75,M,7,7,7,6,7,NA,NA,NA,NA,4,3,4,5,4,6,3,6,5,NA,NA,NA,NA,NA,NA,NA,NA,NA,NA
14000072,14001072,1407,4,3,17.75,M,7,7,7,6,7,NA,NA,NA,NA,4,4,3,5,3,4,4,5,5,NA,NA,NA,NA,NA,NA,NA,NA,NA,NA
14000072,14001073,1407,4,3,17.75,M,7,7,7,6,7,NA,NA,NA,NA,5,6,6,7,7,6,5,6,6,NA,NA,NA,NA,NA,NA,NA,NA,NA,NA
14000073,14001071,1407,4,3,17.91666667,M,5,6,7,5,6,NA,NA,NA,NA,3,4,4,5,2,4,4,4,4,NA,NA,NA,NA,NA,NA,NA,NA,NA,NA
14000073,14001072,1407,4,3,17.91666667,M,5,6,7,5,6,NA,NA,NA,NA,2,3,4,5,3,4,4,4,4,NA,NA,NA,NA,NA,NA,NA,NA,NA,NA
14000073,14001073,1407,4,3,17.91666667,M,5,6,7,5,6,NA,NA,NA,NA,6,6,6,6,6,4,4,6,4,NA,NA,NA,NA,NA,NA,NA,NA,NA,NA
14000074,14001071,1407,4,3,17.5,M,2,4,6,1,6,NA,NA,NA,NA,3,4,5,7,7,7,5,6,4,NA,NA,NA,NA,NA,NA,NA,NA,NA,NA
14000074,14001072,1407,4,3,17.5,M,2,4,6,1,6,NA,NA,NA,NA,4,6,4,5,5,6,6,3,4,NA,NA,NA,NA,NA,NA,NA,NA,NA,NA
14000074,14001073,1407,4,3,17.5,M,2,4,6,1,6,NA,NA,NA,NA,5,6,6,7,7,7,4,5,4,NA,NA,NA,NA,NA,NA,NA,NA,NA,NA
14000081,14001081,1408,4,4,20.66666667,M,5,5,7,5,7,NA,NA,NA,NA,5,5,6,6,6,4,4,6,6,NA,NA,NA,NA,NA,NA,NA,NA,NA,NA
14000081,14001082,1408,4,4,20.66666667,M,5,5,7,5,7,NA,NA,NA,NA,5,5,5,5,5,5,5,5,5,NA,NA,NA,NA,NA,NA,NA,NA,NA,NA
14000081,14001083,1408,4,4,20.66666667,M,5,5,7,5,7,NA,NA,NA,NA,5,5,6,6,6,6,7,5,4,NA,NA,NA,NA,NA,NA,NA,NA,NA,NA
14000081,14001084,1408,4,4,20.66666667,M,5,5,7,5,7,NA,NA,NA,NA,5,5,5,5,5,5,5,5,5,NA,NA,NA,NA,NA,NA,NA,NA,NA,NA
14000082,14001081,1408,4,4,20.75,M,5,4,7,4,6,NA,NA,NA,NA,4,5,5,6,6,5,5,6,5,NA,NA,NA,NA,NA,NA,NA,NA,NA,NA
14000082,14001082,1408,4,4,20.75,M,5,4,7,4,6,NA,NA,NA,NA,5,4,4,4,6,5,4,5,5,NA,NA,NA,NA,NA,NA,NA,NA,NA,NA
14000082,14001083,1408,4,4,20.75,M,5,4,7,4,6,NA,NA,NA,NA,5,6,5,6,7,5,5,6,6,NA,NA,NA,NA,NA,NA,NA,NA,NA,NA
14000082,14001084,1408,4,4,20.75,M,5,4,7,4,6,NA,NA,NA,NA,6,4,6,6,5,5,5,6,6,NA,NA,NA,NA,NA,NA,NA,NA,NA,NA
14000083,14001081,1408,4,4,18,M,6,6,6,5,5,NA,NA,NA,NA,5,5,5,6,6,5,5,5,4,NA,NA,NA,NA,NA,NA,NA,NA,NA,NA
14000083,14001082,1408,4,4,18,M,6,6,6,5,5,NA,NA,NA,NA,3,3,3,4,4,5,5,5,5,NA,NA,NA,NA,NA,NA,NA,NA,NA,NA
14000083,14001083,1408,4,4,18,M,6,6,6,5,5,NA,NA,NA,NA,2,2,2,5,5,4,6,2,2,NA,NA,NA,NA,NA,NA,NA,NA,NA,NA
14000083,14001084,1408,4,4,18,M,6,6,6,5,5,NA,NA,NA,NA,3,3,3,6,6,5,5,3,3,NA,NA,NA,NA,NA,NA,NA,NA,NA,NA
14000084,14001081,1408,4,4,23.75,M,5,5,5,5,6,NA,NA,NA,NA,7,7,7,6,6,6,7,6,6,NA,NA,NA,NA,NA,NA,NA,NA,NA,NA
14000084,14001082,1408,4,4,23.75,M,5,5,5,5,6,NA,NA,NA,NA,5,6,5,5,5,4,4,3,3,NA,NA,NA,NA,NA,NA,NA,NA,NA,NA
14000084,14001083,1408,4,4,23.75,M,5,5,5,5,6,NA,NA,NA,NA,4,4,4,6,7,5,6,5,4,NA,NA,NA,NA,NA,NA,NA,NA,NA,NA
14000084,14001084,1408,4,4,23.75,M,5,5,5,5,6,NA,NA,NA,NA,5,5,5,6,4,4,5,4,4,NA,NA,NA,NA,NA,NA,NA,NA,NA,NA
14000091,14001092,1409,2,2,19.91666667,M,5,5,6,5,3,NA,NA,NA,NA,5,5,5,5,5,5,4,5,4,NA,NA,NA,NA,NA,NA,NA,NA,NA,NA
14000091,14001094,1409,2,2,19.91666667,M,5,5,6,5,3,NA,NA,NA,NA,4,5,5,6,4,4,5,6,5,NA,NA,NA,NA,NA,NA,NA,NA,NA,NA
14000092,14001092,1409,2,2,18.33333333,M,6,5,6,2,6,NA,NA,NA,NA,4,3,3,6,4,4,4,4,4,NA,NA,NA,NA,NA,NA,NA,NA,NA,NA
14000092,14001094,1409,2,2,18.33333333,M,6,5,6,2,6,NA,NA,NA,NA,3,4,3,5,5,4,4,4,4,NA,NA,NA,NA,NA,NA,NA,NA,NA,NA
14000101,14001101,1410,4,3,18.66666667,M,6,5,6,6,6,NA,NA,NA,NA,2,2,3,6,6,6,6,5,5,NA,NA,NA,NA,NA,NA,NA,NA,NA,NA
14000101,14001102,1410,4,3,18.66666667,M,6,5,6,6,6,NA,NA,NA,NA,1,1,2,4,3,6,6,5,4,NA,NA,NA,NA,NA,NA,NA,NA,NA,NA
14000101,14001103,1410,4,3,18.66666667,M,6,5,6,6,6,NA,NA,NA,NA,2,2,3,5,6,6,6,6,6,NA,NA,NA,NA,NA,NA,NA,NA,NA,NA
14000102,14001101,1410,4,3,22.5,M,6,6,6,2,6,NA,NA,NA,NA,5,5,5,5,5,6,5,5,5,NA,NA,NA,NA,NA,NA,NA,NA,NA,NA
14000102,14001102,1410,4,3,22.5,M,6,6,6,2,6,NA,NA,NA,NA,4,4,5,3,3,6,3,3,4,NA,NA,NA,NA,NA,NA,NA,NA,NA,NA
14000102,14001103,1410,4,3,22.5,M,6,6,6,2,6,NA,NA,NA,NA,5,5,5,5,6,6,5,5,5,NA,NA,NA,NA,NA,NA,NA,NA,NA,NA
14000103,14001101,1410,4,3,18.41666667,M,5,5,6,5,3,NA,NA,NA,NA,4,4,5,5,6,5,5,5,3,NA,NA,NA,NA,NA,NA,NA,NA,NA,NA
14000103,14001102,1410,4,3,18.41666667,M,5,5,6,5,3,NA,NA,NA,NA,3,4,4,5,6,6,5,4,5,NA,NA,NA,NA,NA,NA,NA,NA,NA,NA
14000103,14001103,1410,4,3,18.41666667,M,5,5,6,5,3,NA,NA,NA,NA,5,5,5,6,5,6,6,4,5,NA,NA,NA,NA,NA,NA,NA,NA,NA,NA
14000104,14001101,1410,4,3,17,M,6,6,6,5,5,NA,NA,NA,NA,5,6,6,6,7,6,6,6,6,NA,NA,NA,NA,NA,NA,NA,NA,NA,NA
14000104,14001102,1410,4,3,17,M,6,6,6,5,5,NA,NA,NA,NA,2,5,3,4,5,5,5,5,4,NA,NA,NA,NA,NA,NA,NA,NA,NA,NA
14000104,14001103,1410,4,3,17,M,6,6,6,5,5,NA,NA,NA,NA,3,5,4,6,5,6,4,6,5,NA,NA,NA,NA,NA,NA,NA,NA,NA,NA
14000111,14001111,1411,3,4,19.41666667,M,5,5,7,6,6,NA,NA,NA,NA,5,3,5,6,6,6,5,6,6,NA,NA,NA,NA,NA,NA,NA,NA,NA,NA
14000111,14001112,1411,3,4,19.41666667,M,5,5,7,6,6,NA,NA,NA,NA,4,6,6,7,4,6,6,4,NA,NA,NA,NA,NA,NA,NA,NA,NA,NA,NA
14000111,14001113,1411,3,4,19.41666667,M,5,5,7,6,6,NA,NA,NA,NA,2,4,3,6,2,5,5,3,4,NA,NA,NA,NA,NA,NA,NA,NA,NA,NA
14000111,14001114,1411,3,4,19.41666667,M,5,5,7,6,6,NA,NA,NA,NA,6,7,6,7,6,5,6,5,4,NA,NA,NA,NA,NA,NA,NA,NA,NA,NA
14000112,14001111,1411,3,4,27.16666667,M,5,5,6,4,5,NA,NA,NA,NA,4,4,5,4,6,6,5,6,7,NA,NA,NA,NA,NA,NA,NA,NA,NA,NA
14000112,14001112,1411,3,4,27.16666667,M,5,5,6,4,5,NA,NA,NA,NA,4,5,4,7,3,6,6,4,3,NA,NA,NA,NA,NA,NA,NA,NA,NA,NA
14000112,14001113,1411,3,4,27.16666667,M,5,5,6,4,5,NA,NA,NA,NA,5,6,6,5,6,5,5,6,7,NA,NA,NA,NA,NA,NA,NA,NA,NA,NA
14000112,14001114,1411,3,4,27.16666667,M,5,5,6,4,5,NA,NA,NA,NA,6,7,6,6,6,6,6,4,3,NA,NA,NA,NA,NA,NA,NA,NA,NA,NA
14000113,14001111,1411,3,4,17.75,M,7,7,7,7,5,NA,NA,NA,NA,2,2,3,1,6,7,6,1,6,NA,NA,NA,NA,NA,NA,NA,NA,NA,NA
14000113,14001112,1411,3,4,17.75,M,7,7,7,7,5,NA,NA,NA,NA,2,4,3,1,6,6,7,1,2,NA,NA,NA,NA,NA,NA,NA,NA,NA,NA
14000113,14001113,1411,3,4,17.75,M,7,7,7,7,5,NA,NA,NA,NA,3,6,4,4,3,6,5,1,5,NA,NA,NA,NA,NA,NA,NA,NA,NA,NA
14000113,14001114,1411,3,4,17.75,M,7,7,7,7,5,NA,NA,NA,NA,6,7,6,1,3,7,5,1,5,NA,NA,NA,NA,NA,NA,NA,NA,NA,NA
14000121,14001121,1412,5,4,17.66666667,M,4,4,6,5,6,NA,NA,NA,NA,4,5,5,5,5,6,5,4,5,NA,NA,NA,NA,NA,NA,NA,NA,NA,NA
14000121,14001122,1412,5,4,17.66666667,M,4,4,6,5,6,NA,NA,NA,NA,4,5,4,6,6,5,6,4,4,NA,NA,NA,NA,NA,NA,NA,NA,NA,NA
14000121,14001123,1412,5,4,17.66666667,M,4,4,6,5,6,NA,NA,NA,NA,4,4,4,4,6,4,5,5,5,NA,NA,NA,NA,NA,NA,NA,NA,NA,NA
14000121,14001124,1412,5,4,17.66666667,M,4,4,6,5,6,NA,NA,NA,NA,5,5,5,6,7,5,5,7,4,NA,NA,NA,NA,NA,NA,NA,NA,NA,NA
14000122,14001121,1412,5,4,18.08333333,M,7,6,7,5,7,NA,NA,NA,NA,2,4,4,6,5,6,3,4,4,NA,NA,NA,NA,NA,NA,NA,NA,NA,NA
14000122,14001122,1412,5,4,18.08333333,M,7,6,7,5,7,NA,NA,NA,NA,5,6,6,5,7,6,6,6,4,NA,NA,NA,NA,NA,NA,NA,NA,NA,NA
14000122,14001123,1412,5,4,18.08333333,M,7,6,7,5,7,NA,NA,NA,NA,4,6,4,6,7,6,5,4,1,NA,NA,NA,NA,NA,NA,NA,NA,NA,NA
14000122,14001124,1412,5,4,18.08333333,M,7,6,7,5,7,NA,NA,NA,NA,3,3,4,7,7,6,5,4,4,NA,NA,NA,NA,NA,NA,NA,NA,NA,NA
14000123,14001121,1412,5,4,18.41666667,M,6,6,7,7,6,NA,NA,NA,NA,4,3,5,6,6,6,5,6,6,NA,NA,NA,NA,NA,NA,NA,NA,NA,NA
14000123,14001122,1412,5,4,18.41666667,M,6,6,7,7,6,NA,NA,NA,NA,6,6,6,6,7,6,6,5,5,NA,NA,NA,NA,NA,NA,NA,NA,NA,NA
14000123,14001123,1412,5,4,18.41666667,M,6,6,7,7,6,NA,NA,NA,NA,5,5,5,6,6,5,5,5,5,NA,NA,NA,NA,NA,NA,NA,NA,NA,NA
14000123,14001124,1412,5,4,18.41666667,M,6,6,7,7,6,NA,NA,NA,NA,4,6,5,6,6,5,5,5,4,NA,NA,NA,NA,NA,NA,NA,NA,NA,NA
14000124,14001121,1412,5,4,18,M,6,5,6,5,5,NA,NA,NA,NA,3,3,3,5,4,5,5,5,5,NA,NA,NA,NA,NA,NA,NA,NA,NA,NA
14000124,14001122,1412,5,4,18,M,6,5,6,5,5,NA,NA,NA,NA,6,5,5,6,6,6,6,5,5,NA,NA,NA,NA,NA,NA,NA,NA,NA,NA
14000124,14001123,1412,5,4,18,M,6,5,6,5,5,NA,NA,NA,NA,6,5,6,5,5,5,5,5,5,NA,NA,NA,NA,NA,NA,NA,NA,NA,NA
14000124,14001124,1412,5,4,18,M,6,5,6,5,5,NA,NA,NA,NA,4,5,5,5,6,4,5,5,5,NA,NA,NA,NA,NA,NA,NA,NA,NA,NA
14000125,14001121,1412,5,4,18.08333333,M,6,5,7,7,6,NA,NA,NA,NA,4,4,4,4,3,5,6,4,4,NA,NA,NA,NA,NA,NA,NA,NA,NA,NA
14000125,14001122,1412,5,4,18.08333333,M,6,5,7,7,6,NA,NA,NA,NA,5,5,6,5,4,6,5,5,6,NA,NA,NA,NA,NA,NA,NA,NA,NA,NA
14000125,14001123,1412,5,4,18.08333333,M,6,5,7,7,6,NA,NA,NA,NA,5,5,5,5,4,6,3,3,4,NA,NA,NA,NA,NA,NA,NA,NA,NA,NA
14000125,14001124,1412,5,4,18.08333333,M,6,5,7,7,6,NA,NA,NA,NA,4,4,4,5,3,5,5,3,2,NA,NA,NA,NA,NA,NA,NA,NA,NA,NA
14000131,14001131,1413,4,3,28.41666667,M,5,5,6,6,6,NA,NA,NA,NA,5,5,5,4,5,6,4,5,4,NA,NA,NA,NA,NA,NA,NA,NA,NA,NA
14000131,14001132,1413,4,3,28.41666667,M,5,5,6,6,6,NA,NA,NA,NA,5,5,5,5,5,5,5,5,5,NA,NA,NA,NA,NA,NA,NA,NA,NA,NA
14000131,14001133,1413,4,3,28.41666667,M,5,5,6,6,6,NA,NA,NA,NA,4,4,4,4,4,5,4,4,4,NA,NA,NA,NA,NA,NA,NA,NA,NA,NA
14000132,14001131,1413,4,3,43.33333333,M,6,5,5,4,4,NA,NA,NA,NA,4,4,5,6,6,6,5,5,5,NA,NA,NA,NA,NA,NA,NA,NA,NA,NA
14000132,14001132,1413,4,3,43.33333333,M,6,5,5,4,4,NA,NA,NA,NA,6,5,6,6,6,5,5,5,5,NA,NA,NA,NA,NA,NA,NA,NA,NA,NA
14000132,14001133,1413,4,3,43.33333333,M,6,5,5,4,4,NA,NA,NA,NA,5,5,6,6,4,5,5,5,5,NA,NA,NA,NA,NA,NA,NA,NA,NA,NA
14000133,14001131,1413,4,3,31.08333333,M,6,6,7,5,7,NA,NA,NA,NA,2,2,2,5,2,4,4,4,3,NA,NA,NA,NA,NA,NA,NA,NA,NA,NA
14000133,14001132,1413,4,3,31.08333333,M,6,6,7,5,7,NA,NA,NA,NA,5,3,5,5,6,5,6,4,3,NA,NA,NA,NA,NA,NA,NA,NA,NA,NA
14000133,14001133,1413,4,3,31.08333333,M,6,6,7,5,7,NA,NA,NA,NA,5,5,6,7,6,6,7,5,5,NA,NA,NA,NA,NA,NA,NA,NA,NA,NA
14000134,14001131,1413,4,3,19.41666667,M,5,5,5,5,6,NA,NA,NA,NA,4,4,5,6,5,6,5,6,6,NA,NA,NA,NA,NA,NA,NA,NA,NA,NA
14000134,14001132,1413,4,3,19.41666667,M,5,5,5,5,6,NA,NA,NA,NA,6,6,6,6,6,5,4,4,4,NA,NA,NA,NA,NA,NA,NA,NA,NA,NA
14000134,14001133,1413,4,3,19.41666667,M,5,5,5,5,6,NA,NA,NA,NA,4,5,5,7,5,4,6,5,5,NA,NA,NA,NA,NA,NA,NA,NA,NA,NA
14000141,14001141,1414,4,3,18.08333333,M,NA,4,5,6,5,NA,NA,NA,NA,4,5,4,6,6,6,5,6,5,NA,NA,NA,NA,NA,NA,NA,NA,NA,NA
14000141,14001142,1414,4,3,18.08333333,M,NA,4,5,6,5,NA,NA,NA,NA,5,5,5,6,6,6,5,6,5,NA,NA,NA,NA,NA,NA,NA,NA,NA,NA
14000141,14001143,1414,4,3,18.08333333,M,NA,4,5,6,5,NA,NA,NA,NA,4,4,4,5,6,5,5,5,5,NA,NA,NA,NA,NA,NA,NA,NA,NA,NA
14000142,14001141,1414,4,3,17.91666667,M,5,5,6,6,5,NA,NA,NA,NA,4,4,4,5,5,6,4,5,4,NA,NA,NA,NA,NA,NA,NA,NA,NA,NA
14000142,14001142,1414,4,3,17.91666667,M,5,5,6,6,5,NA,NA,NA,NA,4,5,4,3,4,5,6,4,4,NA,NA,NA,NA,NA,NA,NA,NA,NA,NA
14000142,14001143,1414,4,3,17.91666667,M,5,5,6,6,5,NA,NA,NA,NA,4,3,4,4,5,5,4,5,5,NA,NA,NA,NA,NA,NA,NA,NA,NA,NA
14000143,14001141,1414,4,3,18.16666667,M,5,5,7,7,7,NA,NA,NA,NA,4,4,5,6,4,6,6,5,6,NA,NA,NA,NA,NA,NA,NA,NA,NA,NA
14000143,14001142,1414,4,3,18.16666667,M,5,5,7,7,7,NA,NA,NA,NA,6,6,6,6,6,5,7,6,6,NA,NA,NA,NA,NA,NA,NA,NA,NA,NA
14000143,14001143,1414,4,3,18.16666667,M,5,5,7,7,7,NA,NA,NA,NA,5,5,5,6,5,5,6,7,6,NA,NA,NA,NA,NA,NA,NA,NA,NA,NA
14000144,14001141,1414,4,3,19.25,M,5,5,7,5,6,NA,NA,NA,NA,3,2,4,6,5,5,5,4,3,NA,NA,NA,NA,NA,NA,NA,NA,NA,NA
14000144,14001142,1414,4,3,19.25,M,5,5,7,5,6,NA,NA,NA,NA,3,5,4,4,4,4,5,3,3,NA,NA,NA,NA,NA,NA,NA,NA,NA,NA
14000144,14001143,1414,4,3,19.25,M,5,5,7,5,6,NA,NA,NA,NA,3,4,5,6,6,6,6,6,5,NA,NA,NA,NA,NA,NA,NA,NA,NA,NA
14000151,14001151,1415,4,5,17.41666667,M,6,5,7,4,4,NA,NA,NA,NA,5,6,5,4,4,3,4,1,1,NA,NA,NA,NA,NA,NA,NA,NA,NA,NA
14000151,14001152,1415,4,5,17.41666667,M,6,5,7,4,4,NA,NA,NA,NA,4,4,4,5,4,4,4,2,2,NA,NA,NA,NA,NA,NA,NA,NA,NA,NA
14000151,14001153,1415,4,5,17.41666667,M,6,5,7,4,4,NA,NA,NA,NA,3,2,3,3,4,4,4,3,2,NA,NA,NA,NA,NA,NA,NA,NA,NA,NA
14000151,14001154,1415,4,5,17.41666667,M,6,5,7,4,4,NA,NA,NA,NA,6,6,5,4,5,4,5,3,2,NA,NA,NA,NA,NA,NA,NA,NA,NA,NA
14000151,14001155,1415,4,5,17.41666667,M,6,5,7,4,4,NA,NA,NA,NA,5,4,5,4,4,4,3,2,2,NA,NA,NA,NA,NA,NA,NA,NA,NA,NA
14000152,14001151,1415,4,5,17.83333333,M,6,6,7,6,6,NA,NA,NA,NA,5,5,5,5,5,5,6,4,3,NA,NA,NA,NA,NA,NA,NA,NA,NA,NA
14000152,14001152,1415,4,5,17.83333333,M,6,6,7,6,6,NA,NA,NA,NA,6,6,6,5,6,5,5,6,6,NA,NA,NA,NA,NA,NA,NA,NA,NA,NA
14000152,14001153,1415,4,5,17.83333333,M,6,6,7,6,6,NA,NA,NA,NA,2,2,2,6,6,5,6,6,5,NA,NA,NA,NA,NA,NA,NA,NA,NA,NA
14000152,14001154,1415,4,5,17.83333333,M,6,6,7,6,6,NA,NA,NA,NA,6,6,5,5,5,6,6,5,5,NA,NA,NA,NA,NA,NA,NA,NA,NA,NA
14000152,14001155,1415,4,5,17.83333333,M,6,6,7,6,6,NA,NA,NA,NA,4,5,4,6,5,5,5,3,3,NA,NA,NA,NA,NA,NA,NA,NA,NA,NA
14000153,14001151,1415,4,5,18.83333333,M,NA,NA,NA,NA,NA,NA,NA,NA,NA,7,6,6,6,6,3,6,4,4,NA,NA,NA,NA,NA,NA,NA,NA,NA,NA
14000153,14001152,1415,4,5,18.83333333,M,NA,NA,NA,NA,NA,NA,NA,NA,NA,6,6,5,5,6,6,6,5,5,NA,NA,NA,NA,NA,NA,NA,NA,NA,NA
14000153,14001153,1415,4,5,18.83333333,M,NA,NA,NA,NA,NA,NA,NA,NA,NA,3,1,4,6,6,5,6,4,4,NA,NA,NA,NA,NA,NA,NA,NA,NA,NA
14000153,14001154,1415,4,5,18.83333333,M,NA,NA,NA,NA,NA,NA,NA,NA,NA,5,5,6,6,6,4,4,4,4,NA,NA,NA,NA,NA,NA,NA,NA,NA,NA
14000153,14001155,1415,4,5,18.83333333,M,NA,NA,NA,NA,NA,NA,NA,NA,NA,4,5,5,6,5,3,5,4,4,NA,NA,NA,NA,NA,NA,NA,NA,NA,NA
14000154,14001151,1415,4,5,18.5,M,6,6,6,5,5,NA,NA,NA,NA,5,5,5,6,6,5,5,5,5,NA,NA,NA,NA,NA,NA,NA,NA,NA,NA
14000154,14001152,1415,4,5,18.5,M,6,6,6,5,5,NA,NA,NA,NA,6,6,6,6,6,6,6,5,5,NA,NA,NA,NA,NA,NA,NA,NA,NA,NA
14000154,14001153,1415,4,5,18.5,M,6,6,6,5,5,NA,NA,NA,NA,4,3,4,5,4,4,4,3,3,NA,NA,NA,NA,NA,NA,NA,NA,NA,NA
14000154,14001154,1415,4,5,18.5,M,6,6,6,5,5,NA,NA,NA,NA,6,6,6,5,5,6,6,5,5,NA,NA,NA,NA,NA,NA,NA,NA,NA,NA
14000154,14001155,1415,4,5,18.5,M,6,6,6,5,5,NA,NA,NA,NA,5,5,5,5,5,6,6,6,5,NA,NA,NA,NA,NA,NA,NA,NA,NA,NA
14000161,14001161,1416,4,4,19.41666667,M,6,5,7,5,5,NA,NA,NA,NA,6,6,5,6,5,6,6,5,5,NA,NA,NA,NA,NA,NA,NA,NA,NA,NA
14000161,14001162,1416,4,4,19.41666667,M,6,5,7,5,5,NA,NA,NA,NA,4,6,5,6,6,6,7,6,4,NA,NA,NA,NA,NA,NA,NA,NA,NA,NA
14000161,14001163,1416,4,4,19.41666667,M,6,5,7,5,5,NA,NA,NA,NA,6,7,6,5,6,7,6,6,7,NA,NA,NA,NA,NA,NA,NA,NA,NA,NA
14000161,14001164,1416,4,4,19.41666667,M,6,5,7,5,5,NA,NA,NA,NA,4,4,4,6,6,6,6,5,4,NA,NA,NA,NA,NA,NA,NA,NA,NA,NA
14000162,14001161,1416,4,4,18,M,6,5,6,6,7,NA,NA,NA,NA,5,5,5,5,5,5,5,5,4,NA,NA,NA,NA,NA,NA,NA,NA,NA,NA
14000162,14001162,1416,4,4,18,M,6,5,6,6,7,NA,NA,NA,NA,4,3,4,6,5,5,5,5,5,NA,NA,NA,NA,NA,NA,NA,NA,NA,NA
14000162,14001163,1416,4,4,18,M,6,5,6,6,7,NA,NA,NA,NA,5,5,5,6,6,5,6,6,5,NA,NA,NA,NA,NA,NA,NA,NA,NA,NA
14000162,14001164,1416,4,4,18,M,6,5,6,6,7,NA,NA,NA,NA,5,5,5,6,5,5,5,5,5,NA,NA,NA,NA,NA,NA,NA,NA,NA,NA
14000163,14001161,1416,4,4,23.58333333,M,5,5,7,6,6,NA,NA,NA,NA,5,5,5,6,6,6,5,5,5,NA,NA,NA,NA,NA,NA,NA,NA,NA,NA
14000163,14001162,1416,4,4,23.58333333,M,5,5,7,6,6,NA,NA,NA,NA,3,3,4,6,6,5,6,5,4,NA,NA,NA,NA,NA,NA,NA,NA,NA,NA
14000163,14001163,1416,4,4,23.58333333,M,5,5,7,6,6,NA,NA,NA,NA,5,5,5,4,4,5,6,5,5,NA,NA,NA,NA,NA,NA,NA,NA,NA,NA
14000163,14001164,1416,4,4,23.58333333,M,5,5,7,6,6,NA,NA,NA,NA,4,4,4,5,4,5,6,5,4,NA,NA,NA,NA,NA,NA,NA,NA,NA,NA
14000164,14001161,1416,4,4,28.75,M,6,5,7,6,7,NA,NA,NA,NA,4,4,4,4,2,5,3,4,3,NA,NA,NA,NA,NA,NA,NA,NA,NA,NA
14000164,14001162,1416,4,4,28.75,M,6,5,7,6,7,NA,NA,NA,NA,2,3,3,3,1,3,4,3,3,NA,NA,NA,NA,NA,NA,NA,NA,NA,NA
14000164,14001163,1416,4,4,28.75,M,6,5,7,6,7,NA,NA,NA,NA,5,4,5,6,6,4,4,6,6,NA,NA,NA,NA,NA,NA,NA,NA,NA,NA
14000164,14001164,1416,4,4,28.75,M,6,5,7,6,7,NA,NA,NA,NA,3,4,5,4,2,5,5,3,4,NA,NA,NA,NA,NA,NA,NA,NA,NA,NA
14000171,14001171,1417,5,3,17.91666667,M,6,5,7,5,6,NA,NA,NA,NA,4,4,4,5,5,5,4,5,5,NA,NA,NA,NA,NA,NA,NA,NA,NA,NA
14000171,14001172,1417,5,3,17.91666667,M,6,5,7,5,6,NA,NA,NA,NA,5,5,5,5,5,6,5,5,4,NA,NA,NA,NA,NA,NA,NA,NA,NA,NA
14000171,14001173,1417,5,3,17.91666667,M,6,5,7,5,6,NA,NA,NA,NA,4,6,6,4,4,4,4,5,4,NA,NA,NA,NA,NA,NA,NA,NA,NA,NA
14000172,14001171,1417,5,3,23.5,M,6,4,7,5,6,NA,NA,NA,NA,5,4,3,6,6,4,4,5,5,NA,NA,NA,NA,NA,NA,NA,NA,NA,NA
14000172,14001172,1417,5,3,23.5,M,6,4,7,5,6,NA,NA,NA,NA,2,2,2,6,5,6,6,5,5,NA,NA,NA,NA,NA,NA,NA,NA,NA,NA
14000172,14001173,1417,5,3,23.5,M,6,4,7,5,6,NA,NA,NA,NA,2,2,2,3,5,4,3,4,4,NA,NA,NA,NA,NA,NA,NA,NA,NA,NA
14000173,14001171,1417,5,3,18.08333333,M,6,5,7,6,5,NA,NA,NA,NA,6,5,5,6,5,5,6,5,6,NA,NA,NA,NA,NA,NA,NA,NA,NA,NA
14000173,14001172,1417,5,3,18.08333333,M,6,5,7,6,5,NA,NA,NA,NA,5,6,6,7,6,6,6,6,5,NA,NA,NA,NA,NA,NA,NA,NA,NA,NA
14000173,14001173,1417,5,3,18.08333333,M,6,5,7,6,5,NA,NA,NA,NA,5,6,5,6,5,5,5,6,5,NA,NA,NA,NA,NA,NA,NA,NA,NA,NA
14000174,14001171,1417,5,3,18.25,M,6,4,7,6,6,NA,NA,NA,NA,5,5,5,6,5,6,4,6,5,NA,NA,NA,NA,NA,NA,NA,NA,NA,NA
14000174,14001172,1417,5,3,18.25,M,6,4,7,6,6,NA,NA,NA,NA,4,5,4,5,5,4,4,5,5,NA,NA,NA,NA,NA,NA,NA,NA,NA,NA
14000174,14001173,1417,5,3,18.25,M,6,4,7,6,6,NA,NA,NA,NA,3,4,4,6,5,6,6,5,5,NA,NA,NA,NA,NA,NA,NA,NA,NA,NA
14000175,14001171,1417,5,3,25.83333333,M,7,6,5,6,6,NA,NA,NA,NA,NA,NA,NA,NA,NA,NA,NA,NA,NA,NA,NA,NA,NA,NA,NA,NA,NA,NA,NA
14000175,14001172,1417,5,3,25.83333333,M,7,6,5,6,6,NA,NA,NA,NA,5,6,6,6,6,4,3,3,6,NA,NA,NA,NA,NA,NA,NA,NA,NA,NA
14000175,14001173,1417,5,3,25.83333333,M,7,6,5,6,6,NA,NA,NA,NA,4,5,4,6,5,3,6,4,4,NA,NA,NA,NA,NA,NA,NA,NA,NA,NA
14000181,14001181,1418,4,4,18.25,M,6,5,6,4,4,NA,NA,NA,NA,3,4,3,6,5,4,4,2,2,NA,NA,NA,NA,NA,NA,NA,NA,NA,NA
14000181,14001182,1418,4,4,18.25,M,6,5,6,4,4,NA,NA,NA,NA,2,2,3,6,5,5,4,5,5,NA,NA,NA,NA,NA,NA,NA,NA,NA,NA
14000181,14001183,1418,4,4,18.25,M,6,5,6,4,4,NA,NA,NA,NA,3,4,3,5,2,6,3,2,3,NA,NA,NA,NA,NA,NA,NA,NA,NA,NA
14000181,14001184,1418,4,4,18.25,M,6,5,6,4,4,NA,NA,NA,NA,6,6,6,5,7,4,5,4,4,NA,NA,NA,NA,NA,NA,NA,NA,NA,NA
14000182,14001181,1418,4,4,20.58333333,M,5,4,6,5,6,NA,NA,NA,NA,6,5,6,5,6,5,5,5,4,NA,NA,NA,NA,NA,NA,NA,NA,NA,NA
14000182,14001182,1418,4,4,20.58333333,M,5,4,6,5,6,NA,NA,NA,NA,5,5,5,5,5,5,4,5,5,NA,NA,NA,NA,NA,NA,NA,NA,NA,NA
14000182,14001183,1418,4,4,20.58333333,M,5,4,6,5,6,NA,NA,NA,NA,4,5,4,5,4,4,4,4,4,NA,NA,NA,NA,NA,NA,NA,NA,NA,NA
14000182,14001184,1418,4,4,20.58333333,M,5,4,6,5,6,NA,NA,NA,NA,6,5,5,5,6,5,5,5,4,NA,NA,NA,NA,NA,NA,NA,NA,NA,NA
14000183,14001181,1418,4,4,18.08333333,M,7,6,7,6,6,NA,NA,NA,NA,4,5,4,6,6,5,6,5,5,NA,NA,NA,NA,NA,NA,NA,NA,NA,NA
14000183,14001182,1418,4,4,18.08333333,M,7,6,7,6,6,NA,NA,NA,NA,3,3,3,5,3,5,5,4,4,NA,NA,NA,NA,NA,NA,NA,NA,NA,NA
14000183,14001183,1418,4,4,18.08333333,M,7,6,7,6,6,NA,NA,NA,NA,3,3,2,4,4,4,4,3,4,NA,NA,NA,NA,NA,NA,NA,NA,NA,NA
14000183,14001184,1418,4,4,18.08333333,M,7,6,7,6,6,NA,NA,NA,NA,5,4,5,5,5,6,6,6,5,NA,NA,NA,NA,NA,NA,NA,NA,NA,NA
14000184,14001181,1418,4,4,19.5,M,7,7,5,3,3,NA,NA,NA,NA,4,4,5,4,4,3,3,3,3,NA,NA,NA,NA,NA,NA,NA,NA,NA,NA
14000184,14001182,1418,4,4,19.5,M,7,7,5,3,3,NA,NA,NA,NA,3,3,4,4,4,5,4,5,4,NA,NA,NA,NA,NA,NA,NA,NA,NA,NA
14000184,14001183,1418,4,4,19.5,M,7,7,5,3,3,NA,NA,NA,NA,4,3,5,4,5,3,3,3,3,NA,NA,NA,NA,NA,NA,NA,NA,NA,NA
14000184,14001184,1418,4,4,19.5,M,7,7,5,3,3,NA,NA,NA,NA,4,4,5,5,6,5,4,6,4,NA,NA,NA,NA,NA,NA,NA,NA,NA,NA
14000191,14001191,1419,3,4,18.91666667,M,5,5,6,5,4,NA,NA,NA,NA,5,5,6,4,4,6,4,5,5,NA,NA,NA,NA,NA,NA,NA,NA,NA,NA
14000191,14001192,1419,3,4,18.91666667,M,5,5,6,5,4,NA,NA,NA,NA,4,4,4,5,4,5,4,4,5,NA,NA,NA,NA,NA,NA,NA,NA,NA,NA
14000191,14001193,1419,3,4,18.91666667,M,5,5,6,5,4,NA,NA,NA,NA,3,3,4,6,4,4,3,5,6,NA,NA,NA,NA,NA,NA,NA,NA,NA,NA
14000191,14001194,1419,3,4,18.91666667,M,5,5,6,5,4,NA,NA,NA,NA,5,4,5,5,6,5,5,6,6,NA,NA,NA,NA,NA,NA,NA,NA,NA,NA
14000192,14001191,1419,3,4,19.66666667,M,4,4,4,4,4,NA,NA,NA,NA,4,4,4,4,4,4,4,4,4,NA,NA,NA,NA,NA,NA,NA,NA,NA,NA
14000192,14001192,1419,3,4,19.66666667,M,4,4,4,4,4,NA,NA,NA,NA,4,4,5,5,5,4,4,4,4,NA,NA,NA,NA,NA,NA,NA,NA,NA,NA
14000192,14001193,1419,3,4,19.66666667,M,4,4,4,4,4,NA,NA,NA,NA,4,4,4,6,5,5,5,4,4,NA,NA,NA,NA,NA,NA,NA,NA,NA,NA
14000192,14001194,1419,3,4,19.66666667,M,4,4,4,4,4,NA,NA,NA,NA,4,4,4,5,4,5,4,4,4,NA,NA,NA,NA,NA,NA,NA,NA,NA,NA
14000193,14001191,1419,3,4,19.75,M,5,5,5,5,5,NA,NA,NA,NA,5,5,5,5,4,5,4,4,5,NA,NA,NA,NA,NA,NA,NA,NA,NA,NA
14000193,14001192,1419,3,4,19.75,M,5,5,5,5,5,NA,NA,NA,NA,5,5,5,5,6,5,5,5,5,NA,NA,NA,NA,NA,NA,NA,NA,NA,NA
14000193,14001193,1419,3,4,19.75,M,5,5,5,5,5,NA,NA,NA,NA,5,5,5,6,5,6,5,5,5,NA,NA,NA,NA,NA,NA,NA,NA,NA,NA
14000193,14001194,1419,3,4,19.75,M,5,5,5,5,5,NA,NA,NA,NA,5,5,5,5,5,6,4,5,5,NA,NA,NA,NA,NA,NA,NA,NA,NA,NA
14000201,14001201,1420,4,4,19.58333333,M,6,6,6,6,7,NA,NA,NA,NA,4,5,5,5,4,5,4,5,6,NA,NA,NA,NA,NA,NA,NA,NA,NA,NA
14000201,14001202,1420,4,4,19.58333333,M,6,6,6,6,7,NA,NA,NA,NA,5,5,6,5,5,4,5,5,5,NA,NA,NA,NA,NA,NA,NA,NA,NA,NA
14000201,14001203,1420,4,4,19.58333333,M,6,6,6,6,7,NA,NA,NA,NA,5,5,5,5,5,4,5,5,5,NA,NA,NA,NA,NA,NA,NA,NA,NA,NA
14000201,14001204,1420,4,4,19.58333333,M,6,6,6,6,7,NA,NA,NA,NA,5,5,5,6,5,4,6,4,4,NA,NA,NA,NA,NA,NA,NA,NA,NA,NA
14000202,14001201,1420,4,4,17.66666667,M,6,6,4,5,6,NA,NA,NA,NA,3,4,3,4,3,5,4,4,5,NA,NA,NA,NA,NA,NA,NA,NA,NA,NA
14000202,14001202,1420,4,4,17.66666667,M,6,6,4,5,6,NA,NA,NA,NA,5,4,5,6,4,4,5,3,4,NA,NA,NA,NA,NA,NA,NA,NA,NA,NA
14000202,14001203,1420,4,4,17.66666667,M,6,6,4,5,6,NA,NA,NA,NA,4,6,6,5,5,4,4,5,4,NA,NA,NA,NA,NA,NA,NA,NA,NA,NA
14000202,14001204,1420,4,4,17.66666667,M,6,6,4,5,6,NA,NA,NA,NA,4,4,4,5,5,5,4,5,6,NA,NA,NA,NA,NA,NA,NA,NA,NA,NA
14000203,14001201,1420,4,4,17.66666667,M,6,6,7,5,6,NA,NA,NA,NA,3,4,4,4,4,6,4,5,5,NA,NA,NA,NA,NA,NA,NA,NA,NA,NA
14000203,14001202,1420,4,4,17.66666667,M,6,6,7,5,6,NA,NA,NA,NA,3,3,3,6,5,4,4,5,4,NA,NA,NA,NA,NA,NA,NA,NA,NA,NA
14000203,14001203,1420,4,4,17.66666667,M,6,6,7,5,6,NA,NA,NA,NA,5,5,5,3,5,5,4,4,4,NA,NA,NA,NA,NA,NA,NA,NA,NA,NA
14000203,14001204,1420,4,4,17.66666667,M,6,6,7,5,6,NA,NA,NA,NA,4,4,5,6,6,5,4,4,3,NA,NA,NA,NA,NA,NA,NA,NA,NA,NA
14000204,14001201,1420,4,4,18.33333333,M,6,6,7,7,6,NA,NA,NA,NA,5,6,5,6,5,5,7,5,7,NA,NA,NA,NA,NA,NA,NA,NA,NA,NA
14000204,14001202,1420,4,4,18.33333333,M,6,6,7,7,6,NA,NA,NA,NA,6,6,6,5,6,6,5,7,6,NA,NA,NA,NA,NA,NA,NA,NA,NA,NA
14000204,14001203,1420,4,4,18.33333333,M,6,6,7,7,6,NA,NA,NA,NA,4,5,4,4,5,6,4,5,6,NA,NA,NA,NA,NA,NA,NA,NA,NA,NA
14000204,14001204,1420,4,4,18.33333333,M,6,6,7,7,6,NA,NA,NA,NA,4,4,5,6,6,5,7,5,4,NA,NA,NA,NA,NA,NA,NA,NA,NA,NA
14000211,14001211,1421,5,3,17.75,M,6,6,7,5,6,NA,NA,NA,NA,4,3,4,6,6,6,6,6,6,NA,NA,NA,NA,NA,NA,NA,NA,NA,NA
14000211,14001212,1421,5,3,17.75,M,6,6,7,5,6,NA,NA,NA,NA,5,4,4,6,6,6,5,5,5,NA,NA,NA,NA,NA,NA,NA,NA,NA,NA
14000211,14001213,1421,5,3,17.75,M,6,6,7,5,6,NA,NA,NA,NA,4,6,5,5,5,5,6,5,5,NA,NA,NA,NA,NA,NA,NA,NA,NA,NA
14000212,14001211,1421,5,3,20.5,M,5,5,7,2,4,NA,NA,NA,NA,4,1,4,7,6,4,5,4,2,NA,NA,NA,NA,NA,NA,NA,NA,NA,NA
14000212,14001212,1421,5,3,20.5,M,5,5,7,2,4,NA,NA,NA,NA,2,1,3,5,4,4,3,6,4,NA,NA,NA,NA,NA,NA,NA,NA,NA,NA
14000212,14001213,1421,5,3,20.5,M,5,5,7,2,4,NA,NA,NA,NA,3,5,4,6,5,3,2,2,2,NA,NA,NA,NA,NA,NA,NA,NA,NA,NA
14000213,14001121,1421,5,3,17.91666667,M,6,6,6,5,6,NA,NA,NA,NA,4,4,5,5,5,6,4,5,6,NA,NA,NA,NA,NA,NA,NA,NA,NA,NA
14000213,14001211,1421,5,3,17.91666667,M,6,6,6,5,6,NA,NA,NA,NA,NA,NA,NA,NA,NA,NA,NA,NA,NA,NA,NA,NA,NA,NA,NA,NA,NA,NA,NA
14000213,14001212,1421,5,3,17.91666667,M,6,6,6,5,6,NA,NA,NA,NA,5,4,5,5,5,5,4,6,5,NA,NA,NA,NA,NA,NA,NA,NA,NA,NA
14000213,14001213,1421,5,3,17.91666667,M,6,6,6,5,6,NA,NA,NA,NA,5,5,6,5,6,5,5,6,6,NA,NA,NA,NA,NA,NA,NA,NA,NA,NA
14000214,14001211,1421,5,3,20.5,M,5,4,5,4,5,NA,NA,NA,NA,4,5,5,6,6,6,5,5,5,NA,NA,NA,NA,NA,NA,NA,NA,NA,NA
14000214,14001212,1421,5,3,20.5,M,5,4,5,4,5,NA,NA,NA,NA,4,4,4,5,6,6,4,5,5,NA,NA,NA,NA,NA,NA,NA,NA,NA,NA
14000214,14001213,1421,5,3,20.5,M,5,4,5,4,5,NA,NA,NA,NA,5,6,6,6,6,5,5,5,5,NA,NA,NA,NA,NA,NA,NA,NA,NA,NA
14000215,14001211,1421,5,3,18.16666667,M,5,6,7,4,6,NA,NA,NA,NA,5,6,5,6,5,4,4,6,6,NA,NA,NA,NA,NA,NA,NA,NA,NA,NA
14000215,14001212,1421,5,3,18.16666667,M,5,6,7,4,6,NA,NA,NA,NA,5,4,4,6,5,4,4,6,5,NA,NA,NA,NA,NA,NA,NA,NA,NA,NA
14000215,14001213,1421,5,3,18.16666667,M,5,6,7,4,6,NA,NA,NA,NA,5,5,4,6,6,5,4,5,4,NA,NA,NA,NA,NA,NA,NA,NA,NA,NA
14000221,14001221,1422,2,2,21.25,M,5,5,6,6,5,NA,NA,NA,NA,6,7,6,5,6,5,6,6,5,NA,NA,NA,NA,NA,NA,NA,NA,NA,NA
14000221,14001222,1422,2,2,21.25,M,5,5,6,6,5,NA,NA,NA,NA,4,5,5,5,6,5,6,6,6,NA,NA,NA,NA,NA,NA,NA,NA,NA,NA
14000222,14001221,1422,2,2,17.91666667,M,6,5,6,7,4,NA,NA,NA,NA,5,6,6,5,6,4,5,6,4,NA,NA,NA,NA,NA,NA,NA,NA,NA,NA
14000222,14001222,1422,2,2,17.91666667,M,6,5,6,7,4,NA,NA,NA,NA,5,6,6,7,6,6,6,6,4,NA,NA,NA,NA,NA,NA,NA,NA,NA,NA
14000231,14001231,1423,3,4,19,M,4,4,4,3,3,NA,NA,NA,NA,3,4,4,4,5,4,3,4,4,NA,NA,NA,NA,NA,NA,NA,NA,NA,NA
14000231,14001232,1423,3,4,19,M,4,4,4,3,3,NA,NA,NA,NA,4,4,4,4,4,5,4,5,4,NA,NA,NA,NA,NA,NA,NA,NA,NA,NA
14000231,14001233,1423,3,4,19,M,4,4,4,3,3,NA,NA,NA,NA,4,4,5,5,4,4,4,4,4,NA,NA,NA,NA,NA,NA,NA,NA,NA,NA
14000231,14001234,1423,3,4,19,M,4,4,4,3,3,NA,NA,NA,NA,6,5,6,5,5,6,3,6,4,NA,NA,NA,NA,NA,NA,NA,NA,NA,NA
14000232,14001231,1423,3,4,20.33333333,M,5,5,6,6,6,NA,NA,NA,NA,5,5,5,5,6,5,5,5,4,NA,NA,NA,NA,NA,NA,NA,NA,NA,NA
14000232,14001232,1423,3,4,20.33333333,M,5,5,6,6,6,NA,NA,NA,NA,4,4,4,4,5,4,5,5,3,NA,NA,NA,NA,NA,NA,NA,NA,NA,NA
14000232,14001233,1423,3,4,20.33333333,M,5,5,6,6,6,NA,NA,NA,NA,5,5,6,6,6,6,5,6,4,NA,NA,NA,NA,NA,NA,NA,NA,NA,NA
14000232,14001234,1423,3,4,20.33333333,M,5,5,6,6,6,NA,NA,NA,NA,7,6,7,6,6,6,6,6,7,NA,NA,NA,NA,NA,NA,NA,NA,NA,NA
14000233,14001231,1423,3,4,17.66666667,M,6,5,6,6,6,NA,NA,NA,NA,4,5,5,5,6,5,6,4,4,NA,NA,NA,NA,NA,NA,NA,NA,NA,NA
14000233,14001232,1423,3,4,17.66666667,M,6,5,6,6,6,NA,NA,NA,NA,4,4,4,5,4,5,5,4,3,NA,NA,NA,NA,NA,NA,NA,NA,NA,NA
14000233,14001233,1423,3,4,17.66666667,M,6,5,6,6,6,NA,NA,NA,NA,5,5,5,5,5,6,4,4,4,NA,NA,NA,NA,NA,NA,NA,NA,NA,NA
14000233,14001234,1423,3,4,17.66666667,M,6,5,6,6,6,NA,NA,NA,NA,6,6,6,5,5,5,5,5,4,NA,NA,NA,NA,NA,NA,NA,NA,NA,NA
14000241,14001241,1424,3,3,23.25,M,2,4,5,4,5,NA,NA,NA,NA,4,5,5,4,5,4,3,5,4,NA,NA,NA,NA,NA,NA,NA,NA,NA,NA
14000241,14001242,1424,3,3,23.25,M,2,4,5,4,5,NA,NA,NA,NA,3,3,4,2,3,3,2,4,5,NA,NA,NA,NA,NA,NA,NA,NA,NA,NA
14000241,14001243,1424,3,3,23.25,M,2,4,5,4,5,NA,NA,NA,NA,5,4,4,4,3,5,4,3,4,NA,NA,NA,NA,NA,NA,NA,NA,NA,NA
14000242,14001241,1424,3,3,19.83333333,M,6,6,6,5,5,NA,NA,NA,NA,4,5,5,5,5,6,4,4,4,NA,NA,NA,NA,NA,NA,NA,NA,NA,NA
14000242,14001242,1424,3,3,19.83333333,M,6,6,6,5,5,NA,NA,NA,NA,4,4,5,5,5,5,4,4,4,NA,NA,NA,NA,NA,NA,NA,NA,NA,NA
14000242,14001243,1424,3,3,19.83333333,M,6,6,6,5,5,NA,NA,NA,NA,4,4,4,5,5,6,5,4,4,NA,NA,NA,NA,NA,NA,NA,NA,NA,NA
14000243,14001241,1424,3,3,18.08333333,M,7,7,7,5,5,NA,NA,NA,NA,4,4,5,5,6,6,4,6,6,NA,NA,NA,NA,NA,NA,NA,NA,NA,NA
14000243,14001242,1424,3,3,18.08333333,M,7,7,7,5,5,NA,NA,NA,NA,6,3,5,6,6,6,3,6,6,NA,NA,NA,NA,NA,NA,NA,NA,NA,NA
14000243,14001243,1424,3,3,18.08333333,M,7,7,7,5,5,NA,NA,NA,NA,5,6,6,5,5,6,3,6,6,NA,NA,NA,NA,NA,NA,NA,NA,NA,NA
14000251,14001251,1425,3,3,25.91666667,M,6,5,7,4,7,NA,NA,NA,NA,5,5,5,5,5,5,4,6,6,NA,NA,NA,NA,NA,NA,NA,NA,NA,NA
14000251,14001252,1425,3,3,25.91666667,M,6,5,7,4,7,NA,NA,NA,NA,6,6,6,6,6,6,5,5,6,NA,NA,NA,NA,NA,NA,NA,NA,NA,NA
14000251,14001253,1425,3,3,25.91666667,M,6,5,7,4,7,NA,NA,NA,NA,5,5,5,6,6,6,5,5,5,NA,NA,NA,NA,NA,NA,NA,NA,NA,NA
14000252,14001251,1425,3,3,31.25,M,6,5,6,6,6,NA,NA,NA,NA,4,5,4,5,5,5,6,5,6,NA,NA,NA,NA,NA,NA,NA,NA,NA,NA
14000252,14001252,1425,3,3,31.25,M,6,5,6,6,6,NA,NA,NA,NA,6,6,6,5,6,5,6,5,5,NA,NA,NA,NA,NA,NA,NA,NA,NA,NA
14000252,14001253,1425,3,3,31.25,M,6,5,6,6,6,NA,NA,NA,NA,5,5,5,7,6,6,7,6,6,NA,NA,NA,NA,NA,NA,NA,NA,NA,NA
14000253,14001251,1425,3,3,18.41666667,M,6,6,5,5,5,NA,NA,NA,NA,2,2,2,3,2,2,3,2,2,NA,NA,NA,NA,NA,NA,NA,NA,NA,NA
14000253,14001252,1425,3,3,18.41666667,M,6,6,5,5,5,NA,NA,NA,NA,5,4,5,5,6,5,4,5,5,NA,NA,NA,NA,NA,NA,NA,NA,NA,NA
14000253,14001253,1425,3,3,18.41666667,M,6,6,5,5,5,NA,NA,NA,NA,2,2,3,6,6,6,6,4,3,NA,NA,NA,NA,NA,NA,NA,NA,NA,NA
14001011,14000011,1401,4,3,18.08333333,F,5,4,7,5,6,NA,NA,NA,NA,4,4,5,5,4,5,6,6,4,NA,NA,NA,NA,NA,NA,NA,NA,NA,NA
14001011,14000012,1401,4,3,18.08333333,F,5,4,7,5,6,NA,NA,NA,NA,5,5,5,5,6,4,5,6,4,NA,NA,NA,NA,NA,NA,NA,NA,NA,NA
14001011,14000013,1401,4,3,18.08333333,F,5,4,7,5,6,NA,NA,NA,NA,4,3,5,6,6,6,5,4,5,NA,NA,NA,NA,NA,NA,NA,NA,NA,NA
14001011,14000014,1401,4,3,18.08333333,F,5,4,7,5,6,NA,NA,NA,NA,5,5,5,5,6,4,4,5,4,NA,NA,NA,NA,NA,NA,NA,NA,NA,NA
14001012,14000011,1401,4,3,18.08333333,F,4,2,7,5,6,NA,NA,NA,NA,2,2,2,3,3,3,6,3,2,NA,NA,NA,NA,NA,NA,NA,NA,NA,NA
14001012,14000012,1401,4,3,18.08333333,F,4,2,7,5,6,NA,NA,NA,NA,5,5,5,4,4,6,5,4,5,NA,NA,NA,NA,NA,NA,NA,NA,NA,NA
14001012,14000013,1401,4,3,18.08333333,F,4,2,7,5,6,NA,NA,NA,NA,5,5,4,7,7,4,7,4,3,NA,NA,NA,NA,NA,NA,NA,NA,NA,NA
14001012,14000014,1401,4,3,18.08333333,F,4,2,7,5,6,NA,NA,NA,NA,5,5,5,5,3,5,6,4,5,NA,NA,NA,NA,NA,NA,NA,NA,NA,NA
14001013,14000011,1401,4,3,18.25,F,5,4,7,5,6,NA,NA,NA,NA,4,4,4,4,5,5,4,4,5,NA,NA,NA,NA,NA,NA,NA,NA,NA,NA
14001013,14000012,1401,4,3,18.25,F,5,4,7,5,6,NA,NA,NA,NA,6,6,6,6,5,5,6,4,4,NA,NA,NA,NA,NA,NA,NA,NA,NA,NA
14001013,14000013,1401,4,3,18.25,F,5,4,7,5,6,NA,NA,NA,NA,4,5,4,5,6,5,6,6,5,NA,NA,NA,NA,NA,NA,NA,NA,NA,NA
14001013,14000014,1401,4,3,18.25,F,5,4,7,5,6,NA,NA,NA,NA,5,5,5,5,4,5,4,5,6,NA,NA,NA,NA,NA,NA,NA,NA,NA,NA
14001021,14000021,1402,4,4,18.33333333,F,5,6,6,6,6,NA,NA,NA,NA,5,5,5,6,5,5,6,4,4,NA,NA,NA,NA,NA,NA,NA,NA,NA,NA
14001021,14000022,1402,4,4,18.33333333,F,5,6,6,6,6,NA,NA,NA,NA,5,5,5,6,6,5,5,5,5,NA,NA,NA,NA,NA,NA,NA,NA,NA,NA
14001021,14000023,1402,4,4,18.33333333,F,5,6,6,6,6,NA,NA,NA,NA,4,4,4,6,6,5,5,5,4,NA,NA,NA,NA,NA,NA,NA,NA,NA,NA
14001021,14000024,1402,4,4,18.33333333,F,5,6,6,6,6,NA,NA,NA,NA,3,4,4,6,5,5,5,4,4,NA,NA,NA,NA,NA,NA,NA,NA,NA,NA
14001022,14000021,1402,4,4,18,F,5,6,7,6,6,NA,NA,NA,NA,5,5,6,7,5,6,6,6,6,NA,NA,NA,NA,NA,NA,NA,NA,NA,NA
14001022,14000022,1402,4,4,18,F,5,6,7,6,6,NA,NA,NA,NA,3,4,6,6,7,7,6,7,6,NA,NA,NA,NA,NA,NA,NA,NA,NA,NA
14001022,14000023,1402,4,4,18,F,5,6,7,6,6,NA,NA,NA,NA,3,4,6,6,5,5,4,6,5,NA,NA,NA,NA,NA,NA,NA,NA,NA,NA
14001022,14000024,1402,4,4,18,F,5,6,7,6,6,NA,NA,NA,NA,3,2,4,6,4,6,6,6,4,NA,NA,NA,NA,NA,NA,NA,NA,NA,NA
14001023,14000021,1402,4,4,20.25,F,5,5,7,6,7,NA,NA,NA,NA,6,4,5,5,4,5,6,3,4,NA,NA,NA,NA,NA,NA,NA,NA,NA,NA
14001023,14000022,1402,4,4,20.25,F,5,5,7,6,7,NA,NA,NA,NA,4,5,5,5,6,4,4,6,4,NA,NA,NA,NA,NA,NA,NA,NA,NA,NA
14001023,14000023,1402,4,4,20.25,F,5,5,7,6,7,NA,NA,NA,NA,4,6,5,6,6,6,6,4,4,NA,NA,NA,NA,NA,NA,NA,NA,NA,NA
14001023,14000024,1402,4,4,20.25,F,5,5,7,6,7,NA,NA,NA,NA,3,4,4,5,5,4,4,4,4,NA,NA,NA,NA,NA,NA,NA,NA,NA,NA
14001024,14000021,1402,4,4,NA,F,5,5,6,5,5,NA,NA,NA,NA,5,4,6,5,4,4,5,4,4,NA,NA,NA,NA,NA,NA,NA,NA,NA,NA
14001024,14000022,1402,4,4,NA,F,5,5,6,5,5,NA,NA,NA,NA,5,4,6,6,6,6,6,6,5,NA,NA,NA,NA,NA,NA,NA,NA,NA,NA
14001024,14000023,1402,4,4,NA,F,5,5,6,5,5,NA,NA,NA,NA,6,5,6,5,5,5,6,5,4,NA,NA,NA,NA,NA,NA,NA,NA,NA,NA
14001024,14000024,1402,4,4,NA,F,5,5,6,5,5,NA,NA,NA,NA,4,4,5,5,4,6,4,4,3,NA,NA,NA,NA,NA,NA,NA,NA,NA,NA
14001031,14000031,1403,4,5,20.16666667,F,4,5,7,6,7,NA,NA,NA,NA,3,3,4,6,6,4,6,3,2,NA,NA,NA,NA,NA,NA,NA,NA,NA,NA
14001031,14000032,1403,4,5,20.16666667,F,4,5,7,6,7,NA,NA,NA,NA,4,1,4,5,4,5,4,2,2,NA,NA,NA,NA,NA,NA,NA,NA,NA,NA
14001031,14000033,1403,4,5,20.16666667,F,4,5,7,6,7,NA,NA,NA,NA,3,1,4,6,7,6,2,5,2,NA,NA,NA,NA,NA,NA,NA,NA,NA,NA
14001031,14000035,1403,4,5,20.16666667,F,4,5,7,6,7,NA,NA,NA,NA,4,4,5,6,5,4,5,4,2,NA,NA,NA,NA,NA,NA,NA,NA,NA,NA
14001032,14000031,1403,4,5,17.66666667,F,4,4,7,6,6,NA,NA,NA,NA,3,4,5,5,5,5,6,5,4,NA,NA,NA,NA,NA,NA,NA,NA,NA,NA
14001032,14000032,1403,4,5,17.66666667,F,4,4,7,6,6,NA,NA,NA,NA,5,5,5,4,3,5,4,3,4,NA,NA,NA,NA,NA,NA,NA,NA,NA,NA
14001032,14000033,1403,4,5,17.66666667,F,4,4,7,6,6,NA,NA,NA,NA,4,4,5,6,4,5,4,5,6,NA,NA,NA,NA,NA,NA,NA,NA,NA,NA
14001032,14000035,1403,4,5,17.66666667,F,4,4,7,6,6,NA,NA,NA,NA,3,4,4,5,5,5,5,4,3,NA,NA,NA,NA,NA,NA,NA,NA,NA,NA
14001033,14000031,1403,4,5,18.41666667,F,5,5,6,6,6,NA,NA,NA,NA,4,5,5,5,5,6,5,6,5,NA,NA,NA,NA,NA,NA,NA,NA,NA,NA
14001033,14000032,1403,4,5,18.41666667,F,5,5,6,6,6,NA,NA,NA,NA,7,8,7,7,7,7,5,7,5,NA,NA,NA,NA,NA,NA,NA,NA,NA,NA
14001033,14000033,1403,4,5,18.41666667,F,5,5,6,6,6,NA,NA,NA,NA,5,5,5,7,5,6,6,7,5,NA,NA,NA,NA,NA,NA,NA,NA,NA,NA
14001033,14000035,1403,4,5,18.41666667,F,5,5,6,6,6,NA,NA,NA,NA,4,5,6,7,5,6,5,6,5,NA,NA,NA,NA,NA,NA,NA,NA,NA,NA
14001034,14000031,1403,4,5,18.33333333,F,5,4,7,6,6,NA,NA,NA,NA,6,6,6,6,6,5,4,6,5,NA,NA,NA,NA,NA,NA,NA,NA,NA,NA
14001034,14000032,1403,4,5,18.33333333,F,5,4,7,6,6,NA,NA,NA,NA,5,4,4,4,3,5,4,4,4,NA,NA,NA,NA,NA,NA,NA,NA,NA,NA
14001034,14000033,1403,4,5,18.33333333,F,5,4,7,6,6,NA,NA,NA,NA,NA,NA,NA,NA,NA,NA,NA,NA,NA,NA,NA,NA,NA,NA,NA,NA,NA,NA,NA
14001034,14000035,1403,4,5,18.33333333,F,5,4,7,6,6,NA,NA,NA,NA,3,3,4,4,7,5,4,6,5,NA,NA,NA,NA,NA,NA,NA,NA,NA,NA
14001035,14000031,1403,4,5,18.75,F,6,6,7,7,7,NA,NA,NA,NA,2,3,3,4,5,4,5,5,4,NA,NA,NA,NA,NA,NA,NA,NA,NA,NA
14001035,14000032,1403,4,5,18.75,F,6,6,7,7,7,NA,NA,NA,NA,5,4,5,4,3,6,6,6,6,NA,NA,NA,NA,NA,NA,NA,NA,NA,NA
14001035,14000033,1403,4,5,18.75,F,6,6,7,7,7,NA,NA,NA,NA,2,3,3,5,5,4,6,5,4,NA,NA,NA,NA,NA,NA,NA,NA,NA,NA
14001035,14000035,1403,4,5,18.75,F,6,6,7,7,7,NA,NA,NA,NA,3,5,4,6,5,5,5,6,5,NA,NA,NA,NA,NA,NA,NA,NA,NA,NA
14001041,14000041,1404,5,5,25.66666667,F,6,6,6,5,7,NA,NA,NA,NA,2,1,3,5,4,4,4,3,2,NA,NA,NA,NA,NA,NA,NA,NA,NA,NA
14001041,14000042,1404,5,5,25.66666667,F,6,6,6,5,7,NA,NA,NA,NA,4,3,5,5,6,6,5,6,4,NA,NA,NA,NA,NA,NA,NA,NA,NA,NA
14001041,14000043,1404,5,5,25.66666667,F,6,6,6,5,7,NA,NA,NA,NA,5,6,6,7,6,6,6,6,5,NA,NA,NA,NA,NA,NA,NA,NA,NA,NA
14001041,14000044,1404,5,5,25.66666667,F,6,6,6,5,7,NA,NA,NA,NA,3,3,4,7,5,5,5,4,4,NA,NA,NA,NA,NA,NA,NA,NA,NA,NA
14001041,14000045,1404,5,5,25.66666667,F,6,6,6,5,7,NA,NA,NA,NA,2,1,3,6,4,5,3,3,7,NA,NA,NA,NA,NA,NA,NA,NA,NA,NA
14001042,14000041,1404,5,5,18,F,6,6,4,6,6,NA,NA,NA,NA,2,1,3,5,4,4,5,4,4,NA,NA,NA,NA,NA,NA,NA,NA,NA,NA
14001042,14000042,1404,5,5,18,F,6,6,4,6,6,NA,NA,NA,NA,2,2,2,5,4,4,4,2,5,NA,NA,NA,NA,NA,NA,NA,NA,NA,NA
14001042,14000043,1404,5,5,18,F,6,6,4,6,6,NA,NA,NA,NA,4,5,4,4,4,3,4,4,4,NA,NA,NA,NA,NA,NA,NA,NA,NA,NA
14001042,14000044,1404,5,5,18,F,6,6,4,6,6,NA,NA,NA,NA,3,3,4,5,5,3,5,5,5,NA,NA,NA,NA,NA,NA,NA,NA,NA,NA
14001042,14000045,1404,5,5,18,F,6,6,4,6,6,NA,NA,NA,NA,1,1,1,3,6,2,3,1,1,NA,NA,NA,NA,NA,NA,NA,NA,NA,NA
14001043,14000041,1404,5,5,17.75,F,5,5,6,6,5,NA,NA,NA,NA,3,3,3,3,3,4,4,3,3,NA,NA,NA,NA,NA,NA,NA,NA,NA,NA
14001043,14000042,1404,5,5,17.75,F,5,5,6,6,5,NA,NA,NA,NA,4,4,4,4,3,4,5,4,4,NA,NA,NA,NA,NA,NA,NA,NA,NA,NA
14001043,14000043,1404,5,5,17.75,F,5,5,6,6,5,NA,NA,NA,NA,4,4,4,4,5,5,5,5,5,NA,NA,NA,NA,NA,NA,NA,NA,NA,NA
14001043,14000044,1404,5,5,17.75,F,5,5,6,6,5,NA,NA,NA,NA,4,4,4,5,4,5,4,5,5,NA,NA,NA,NA,NA,NA,NA,NA,NA,NA
14001043,14000045,1404,5,5,17.75,F,5,5,6,6,5,NA,NA,NA,NA,NA,NA,NA,NA,NA,NA,NA,NA,NA,NA,NA,NA,NA,NA,NA,NA,NA,NA,NA
14001044,14000041,1404,5,5,17,F,5,5,7,4,6,NA,NA,NA,NA,1,2,1,3,2,2,6,1,1,NA,NA,NA,NA,NA,NA,NA,NA,NA,NA
14001044,14000042,1404,5,5,17,F,5,5,7,4,6,NA,NA,NA,NA,2,3,3,5,2,6,5,4,3,NA,NA,NA,NA,NA,NA,NA,NA,NA,NA
14001044,14000043,1404,5,5,17,F,5,5,7,4,6,NA,NA,NA,NA,5,5,5,4,6,6,3,6,1,NA,NA,NA,NA,NA,NA,NA,NA,NA,NA
14001044,14000044,1404,5,5,17,F,5,5,7,4,6,NA,NA,NA,NA,4,7,5,5,6,6,4,7,3,NA,NA,NA,NA,NA,NA,NA,NA,NA,NA
14001044,14000045,1404,5,5,17,F,5,5,7,4,6,NA,NA,NA,NA,3,2,2,3,5,7,2,5,7,NA,NA,NA,NA,NA,NA,NA,NA,NA,NA
14001045,14000041,1404,5,5,17.5,F,5,5,7,5,6,NA,NA,NA,NA,4,5,4,6,5,6,5,5,4,NA,NA,NA,NA,NA,NA,NA,NA,NA,NA
14001045,14000042,1404,5,5,17.5,F,5,5,7,5,6,NA,NA,NA,NA,5,4,6,6,6,6,6,6,6,NA,NA,NA,NA,NA,NA,NA,NA,NA,NA
14001045,14000043,1404,5,5,17.5,F,5,5,7,5,6,NA,NA,NA,NA,6,6,6,4,6,5,6,6,5,NA,NA,NA,NA,NA,NA,NA,NA,NA,NA
14001045,14000044,1404,5,5,17.5,F,5,5,7,5,6,NA,NA,NA,NA,4,4,5,6,6,6,6,6,5,NA,NA,NA,NA,NA,NA,NA,NA,NA,NA
14001045,14000045,1404,5,5,17.5,F,5,5,7,5,6,NA,NA,NA,NA,3,2,4,4,6,6,5,5,7,NA,NA,NA,NA,NA,NA,NA,NA,NA,NA
14001051,14000051,1405,3,4,18.16666667,F,5,5,7,7,6,NA,NA,NA,NA,3,4,5,7,6,6,7,5,4,NA,NA,NA,NA,NA,NA,NA,NA,NA,NA
14001051,14000052,1405,3,4,18.16666667,F,5,5,7,7,6,NA,NA,NA,NA,5,6,6,6,6,6,5,6,6,NA,NA,NA,NA,NA,NA,NA,NA,NA,NA
14001051,14000053,1405,3,4,18.16666667,F,5,5,7,7,6,NA,NA,NA,NA,4,4,4,6,6,6,6,3,4,NA,NA,NA,NA,NA,NA,NA,NA,NA,NA
14001052,14000051,1405,3,4,20.5,F,4,4,5,5,6,NA,NA,NA,NA,2,4,4,6,4,5,6,4,3,NA,NA,NA,NA,NA,NA,NA,NA,NA,NA
14001052,14000052,1405,3,4,20.5,F,4,4,5,5,6,NA,NA,NA,NA,2,5,4,5,6,3,3,6,5,NA,NA,NA,NA,NA,NA,NA,NA,NA,NA
14001052,14000053,1405,3,4,20.5,F,4,4,5,5,6,NA,NA,NA,NA,4,3,4,6,5,5,6,2,2,NA,NA,NA,NA,NA,NA,NA,NA,NA,NA
14001053,14000051,1405,3,4,18.75,F,5,6,7,6,5,NA,NA,NA,NA,1,2,4,6,6,4,5,5,5,NA,NA,NA,NA,NA,NA,NA,NA,NA,NA
14001053,14000052,1405,3,4,18.75,F,5,6,7,6,5,NA,NA,NA,NA,4,4,4,4,4,4,4,5,5,NA,NA,NA,NA,NA,NA,NA,NA,NA,NA
14001053,14000053,1405,3,4,18.75,F,5,6,7,6,5,NA,NA,NA,NA,3,3,4,5,3,3,6,3,3,NA,NA,NA,NA,NA,NA,NA,NA,NA,NA
14001054,14000051,1405,3,4,18.91666667,F,4,3,7,7,7,NA,NA,NA,NA,4,4,5,7,7,6,6,5,6,NA,NA,NA,NA,NA,NA,NA,NA,NA,NA
14001054,14000052,1405,3,4,18.91666667,F,4,3,7,7,7,NA,NA,NA,NA,6,5,6,7,7,5,5,6,1,NA,NA,NA,NA,NA,NA,NA,NA,NA,NA
14001054,14000053,1405,3,4,18.91666667,F,4,3,7,7,7,NA,NA,NA,NA,5,5,5,6,4,6,6,4,3,NA,NA,NA,NA,NA,NA,NA,NA,NA,NA
14001061,14000061,1406,4,4,18.66666667,F,5,5,7,5,6,NA,NA,NA,NA,3,3,3,4,2,3,3,1,1,NA,NA,NA,NA,NA,NA,NA,NA,NA,NA
14001061,14000062,1406,4,4,18.66666667,F,5,5,7,5,6,NA,NA,NA,NA,5,5,6,5,4,6,4,5,4,NA,NA,NA,NA,NA,NA,NA,NA,NA,NA
14001061,14000063,1406,4,4,18.66666667,F,5,5,7,5,6,NA,NA,NA,NA,5,5,6,5,5,5,4,6,6,NA,NA,NA,NA,NA,NA,NA,NA,NA,NA
14001061,14000064,1406,4,4,18.66666667,F,5,5,7,5,6,NA,NA,NA,NA,2,2,3,4,3,5,3,4,3,NA,NA,NA,NA,NA,NA,NA,NA,NA,NA
14001062,14000061,1406,4,4,18,F,5,5,7,4,6,NA,NA,NA,NA,4,4,4,4,4,4,4,2,4,NA,NA,NA,NA,NA,NA,NA,NA,NA,NA
14001062,14000062,1406,4,4,18,F,5,5,7,4,6,NA,NA,NA,NA,4,4,5,5,5,6,4,4,4,NA,NA,NA,NA,NA,NA,NA,NA,NA,NA
14001062,14000063,1406,4,4,18,F,5,5,7,4,6,NA,NA,NA,NA,4,5,5,4,5,6,2,6,4,NA,NA,NA,NA,NA,NA,NA,NA,NA,NA
14001062,14000064,1406,4,4,18,F,5,5,7,4,6,NA,NA,NA,NA,3,2,3,6,3,6,3,4,3,NA,NA,NA,NA,NA,NA,NA,NA,NA,NA
14001063,14000061,1406,4,4,18.41666667,F,5,5,6,6,7,NA,NA,NA,NA,5,5,5,5,5,6,4,5,4,NA,NA,NA,NA,NA,NA,NA,NA,NA,NA
14001063,14000062,1406,4,4,18.41666667,F,5,5,6,6,7,NA,NA,NA,NA,5,6,5,5,6,6,4,6,5,NA,NA,NA,NA,NA,NA,NA,NA,NA,NA
14001063,14000063,1406,4,4,18.41666667,F,5,5,6,6,7,NA,NA,NA,NA,5,5,6,6,6,6,4,4,4,NA,NA,NA,NA,NA,NA,NA,NA,NA,NA
14001063,14000064,1406,4,4,18.41666667,F,5,5,6,6,7,NA,NA,NA,NA,4,5,5,4,4,6,4,5,4,NA,NA,NA,NA,NA,NA,NA,NA,NA,NA
14001064,14000061,1406,4,4,19.83333333,F,6,6,7,6,5,NA,NA,NA,NA,4,3,3,5,2,4,6,3,2,NA,NA,NA,NA,NA,NA,NA,NA,NA,NA
14001064,14000062,1406,4,4,19.83333333,F,6,6,7,6,5,NA,NA,NA,NA,4,5,5,4,6,5,3,5,4,NA,NA,NA,NA,NA,NA,NA,NA,NA,NA
14001064,14000063,1406,4,4,19.83333333,F,6,6,7,6,5,NA,NA,NA,NA,4,6,5,6,6,5,5,6,4,NA,NA,NA,NA,NA,NA,NA,NA,NA,NA
14001064,14000064,1406,4,4,19.83333333,F,6,6,7,6,5,NA,NA,NA,NA,3,4,4,6,5,5,6,6,5,NA,NA,NA,NA,NA,NA,NA,NA,NA,NA
14001071,14000071,1407,4,3,22,F,5,6,7,6,7,NA,NA,NA,NA,6,7,6,6,6,6,5,5,4,NA,NA,NA,NA,NA,NA,NA,NA,NA,NA
14001071,14000072,1407,4,3,22,F,5,6,7,6,7,NA,NA,NA,NA,7,5,6,5,5,6,5,6,6,NA,NA,NA,NA,NA,NA,NA,NA,NA,NA
14001071,14000073,1407,4,3,22,F,5,6,7,6,7,NA,NA,NA,NA,5,6,6,7,7,6,6,4,4,NA,NA,NA,NA,NA,NA,NA,NA,NA,NA
14001071,14000074,1407,4,3,22,F,5,6,7,6,7,NA,NA,NA,NA,5,6,6,6,5,6,5,5,5,NA,NA,NA,NA,NA,NA,NA,NA,NA,NA
14001072,14000071,1407,4,3,18.58333333,F,5,5,6,6,6,NA,NA,NA,NA,4,3,4,4,4,5,6,4,4,NA,NA,NA,NA,NA,NA,NA,NA,NA,NA
14001072,14000072,1407,4,3,18.58333333,F,5,5,6,6,6,NA,NA,NA,NA,5,6,6,6,6,6,7,5,5,NA,NA,NA,NA,NA,NA,NA,NA,NA,NA
14001072,14000073,1407,4,3,18.58333333,F,5,5,6,6,6,NA,NA,NA,NA,6,5,6,6,6,5,6,4,4,NA,NA,NA,NA,NA,NA,NA,NA,NA,NA
14001072,14000074,1407,4,3,18.58333333,F,5,5,6,6,6,NA,NA,NA,NA,3,3,2,3,1,2,2,1,2,NA,NA,NA,NA,NA,NA,NA,NA,NA,NA
14001073,14000071,1407,4,3,19.83333333,F,6,5,6,6,6,NA,NA,NA,NA,6,6,6,5,5,4,5,5,4,NA,NA,NA,NA,NA,NA,NA,NA,NA,NA
14001073,14000072,1407,4,3,19.83333333,F,6,5,6,6,6,NA,NA,NA,NA,6,5,6,6,6,5,6,6,3,NA,NA,NA,NA,NA,NA,NA,NA,NA,NA
14001073,14000073,1407,4,3,19.83333333,F,6,5,6,6,6,NA,NA,NA,NA,6,6,7,6,7,4,5,6,2,NA,NA,NA,NA,NA,NA,NA,NA,NA,NA
14001073,14000074,1407,4,3,19.83333333,F,6,5,6,6,6,NA,NA,NA,NA,4,3,4,5,4,3,5,3,3,NA,NA,NA,NA,NA,NA,NA,NA,NA,NA
14001081,14000081,1408,4,4,17.5,F,4,4,6,4,5,NA,NA,NA,NA,3,3,4,5,5,5,NA,4,4,NA,NA,NA,NA,NA,NA,NA,NA,NA,NA
14001081,14000082,1408,4,4,17.5,F,4,4,6,4,5,NA,NA,NA,NA,3,3,4,5,5,4,6,4,4,NA,NA,NA,NA,NA,NA,NA,NA,NA,NA
14001081,14000083,1408,4,4,17.5,F,4,4,6,4,5,NA,NA,NA,NA,5,6,4,6,5,4,NA,6,5,NA,NA,NA,NA,NA,NA,NA,NA,NA,NA
14001081,14000084,1408,4,4,17.5,F,4,4,6,4,5,NA,NA,NA,NA,5,5,6,5,5,5,5,5,5,NA,NA,NA,NA,NA,NA,NA,NA,NA,NA
14001082,14000081,1408,4,4,18.83333333,F,5,4,6,5,5,NA,NA,NA,NA,3,3,4,5,5,5,5,5,5,NA,NA,NA,NA,NA,NA,NA,NA,NA,NA
14001082,14000082,1408,4,4,18.83333333,F,5,4,6,5,5,NA,NA,NA,NA,4,4,5,5,5,5,4,5,5,NA,NA,NA,NA,NA,NA,NA,NA,NA,NA
14001082,14000083,1408,4,4,18.83333333,F,5,4,6,5,5,NA,NA,NA,NA,5,5,6,6,5,3,4,3,3,NA,NA,NA,NA,NA,NA,NA,NA,NA,NA
14001082,14000084,1408,4,4,18.83333333,F,5,4,6,5,5,NA,NA,NA,NA,4,4,5,5,4,3,4,4,5,NA,NA,NA,NA,NA,NA,NA,NA,NA,NA
14001083,14000081,1408,4,4,17.41666667,F,5,5,7,3,5,NA,NA,NA,NA,5,5,5,6,5,6,5,5,6,NA,NA,NA,NA,NA,NA,NA,NA,NA,NA
14001083,14000082,1408,4,4,17.41666667,F,5,5,7,3,5,NA,NA,NA,NA,5,4,5,4,5,6,4,5,6,NA,NA,NA,NA,NA,NA,NA,NA,NA,NA
14001083,14000083,1408,4,4,17.41666667,F,5,5,7,3,5,NA,NA,NA,NA,5,6,5,4,4,5,6,6,6,NA,NA,NA,NA,NA,NA,NA,NA,NA,NA
14001083,14000084,1408,4,4,17.41666667,F,5,5,7,3,5,NA,NA,NA,NA,5,4,5,5,4,5,3,4,7,NA,NA,NA,NA,NA,NA,NA,NA,NA,NA
14001084,14000081,1408,4,4,19.66666667,F,6,6,7,6,7,NA,NA,NA,NA,3,5,5,6,6,6,5,6,6,NA,NA,NA,NA,NA,NA,NA,NA,NA,NA
14001084,14000082,1408,4,4,19.66666667,F,6,6,7,6,7,NA,NA,NA,NA,3,2,3,5,5,4,4,5,5,NA,NA,NA,NA,NA,NA,NA,NA,NA,NA
14001084,14000083,1408,4,4,19.66666667,F,6,6,7,6,7,NA,NA,NA,NA,3,3,3,4,5,3,4,5,5,NA,NA,NA,NA,NA,NA,NA,NA,NA,NA
14001084,14000084,1408,4,4,19.66666667,F,6,6,7,6,7,NA,NA,NA,NA,5,5,4,3,5,3,4,2,3,NA,NA,NA,NA,NA,NA,NA,NA,NA,NA
14001092,14000091,1409,2,2,18.16666667,F,5,4,7,7,6,NA,NA,NA,NA,5,4,5,4,5,6,7,5,5,NA,NA,NA,NA,NA,NA,NA,NA,NA,NA
14001092,14000092,1409,2,2,18.16666667,F,5,4,7,7,6,NA,NA,NA,NA,3,4,4,7,6,5,7,5,4,NA,NA,NA,NA,NA,NA,NA,NA,NA,NA
14001094,14000091,1409,2,2,17.33333333,F,5,5,6,5,5,NA,NA,NA,NA,4,2,4,4,5,4,5,5,4,NA,NA,NA,NA,NA,NA,NA,NA,NA,NA
14001094,14000092,1409,2,2,17.33333333,F,5,5,6,5,5,NA,NA,NA,NA,2,4,3,6,6,3,6,4,3,NA,NA,NA,NA,NA,NA,NA,NA,NA,NA
14001101,14000101,1410,4,3,18.75,F,4,4,7,5,5,NA,NA,NA,NA,NA,NA,NA,NA,NA,NA,NA,NA,NA,NA,NA,NA,NA,NA,NA,NA,NA,NA,NA
14001101,14000102,1410,4,3,18.75,F,4,4,7,5,5,NA,NA,NA,NA,3,2,3,7,5,6,6,5,4,NA,NA,NA,NA,NA,NA,NA,NA,NA,NA
14001101,14000103,1410,4,3,18.75,F,4,4,7,5,5,NA,NA,NA,NA,5,4,5,7,6,6,7,7,7,NA,NA,NA,NA,NA,NA,NA,NA,NA,NA
14001101,14000104,1410,4,3,18.75,F,4,4,7,5,5,NA,NA,NA,NA,3,3,4,5,5,5,6,6,5,NA,NA,NA,NA,NA,NA,NA,NA,NA,NA
14001102,14000101,1410,4,3,17.58333333,F,4,5,6,6,6,NA,NA,NA,NA,NA,NA,NA,NA,NA,NA,NA,NA,NA,NA,NA,NA,NA,NA,NA,NA,NA,NA,NA
14001102,14000102,1410,4,3,17.58333333,F,4,5,6,6,6,NA,NA,NA,NA,2,3,3,5,4,5,6,3,4,NA,NA,NA,NA,NA,NA,NA,NA,NA,NA
14001102,14000103,1410,4,3,17.58333333,F,4,5,6,6,6,NA,NA,NA,NA,5,5,5,6,6,5,6,6,5,NA,NA,NA,NA,NA,NA,NA,NA,NA,NA
14001102,14000104,1410,4,3,17.58333333,F,4,5,6,6,6,NA,NA,NA,NA,3,3,4,5,4,5,5,4,4,NA,NA,NA,NA,NA,NA,NA,NA,NA,NA
14001103,14000101,1410,4,3,19.41666667,F,6,7,7,5,7,NA,NA,NA,NA,5,6,5,5,5,5,5,5,5,NA,NA,NA,NA,NA,NA,NA,NA,NA,NA
14001103,14000102,1410,4,3,19.41666667,F,6,7,7,5,7,NA,NA,NA,NA,3,6,5,6,6,6,5,6,5,NA,NA,NA,NA,NA,NA,NA,NA,NA,NA
14001103,14000103,1410,4,3,19.41666667,F,6,7,7,5,7,NA,NA,NA,NA,5,4,3,4,4,5,5,5,4,NA,NA,NA,NA,NA,NA,NA,NA,NA,NA
14001103,14000104,1410,4,3,19.41666667,F,6,7,7,5,7,NA,NA,NA,NA,5,5,5,6,6,6,5,6,5,NA,NA,NA,NA,NA,NA,NA,NA,NA,NA
14001111,14000111,1411,3,4,18.33333333,F,5,5,6,4,7,NA,NA,NA,NA,5,6,6,7,6,6,6,7,7,NA,NA,NA,NA,NA,NA,NA,NA,NA,NA
14001111,14000112,1411,3,4,18.33333333,F,5,5,6,4,7,NA,NA,NA,NA,3,2,3,7,6,6,6,5,7,NA,NA,NA,NA,NA,NA,NA,NA,NA,NA
14001111,14000113,1411,3,4,18.33333333,F,5,5,6,4,7,NA,NA,NA,NA,5,6,5,5,6,6,5,6,5,NA,NA,NA,NA,NA,NA,NA,NA,NA,NA
14001112,14000111,1411,3,4,17.83333333,F,6,6,7,7,7,NA,NA,NA,NA,6,4,6,7,7,6,7,7,4,NA,NA,NA,NA,NA,NA,NA,NA,NA,NA
14001112,14000112,1411,3,4,17.83333333,F,6,6,7,7,7,NA,NA,NA,NA,5,4,4,4,6,6,6,4,5,NA,NA,NA,NA,NA,NA,NA,NA,NA,NA
14001112,14000113,1411,3,4,17.83333333,F,6,6,7,7,7,NA,NA,NA,NA,6,6,6,5,7,6,4,7,6,NA,NA,NA,NA,NA,NA,NA,NA,NA,NA
14001113,14000111,1411,3,4,17.5,F,6,5,6,6,7,NA,NA,NA,NA,4,5,6,5,5,5,4,5,4,NA,NA,NA,NA,NA,NA,NA,NA,NA,NA
14001113,14000112,1411,3,4,17.5,F,6,5,6,6,7,NA,NA,NA,NA,3,3,5,6,5,5,3,4,6,NA,NA,NA,NA,NA,NA,NA,NA,NA,NA
14001113,14000113,1411,3,4,17.5,F,6,5,6,6,7,NA,NA,NA,NA,5,5,6,5,5,5,3,5,5,NA,NA,NA,NA,NA,NA,NA,NA,NA,NA
14001114,14000111,1411,3,4,17.91666667,F,5,5,6,5,5,NA,NA,NA,NA,5,4,4,5,4,5,4,5,4,NA,NA,NA,NA,NA,NA,NA,NA,NA,NA
14001114,14000112,1411,3,4,17.91666667,F,5,5,6,5,5,NA,NA,NA,NA,4,4,5,6,5,6,5,6,5,NA,NA,NA,NA,NA,NA,NA,NA,NA,NA
14001114,14000113,1411,3,4,17.91666667,F,5,5,6,5,5,NA,NA,NA,NA,5,4,5,5,7,5,4,6,4,NA,NA,NA,NA,NA,NA,NA,NA,NA,NA
14001121,14000121,1412,5,4,17.58333333,F,6,3,7,7,7,NA,NA,NA,NA,5,5,5,6,4,7,5,1,4,NA,NA,NA,NA,NA,NA,NA,NA,NA,NA
14001121,14000122,1412,5,4,17.58333333,F,6,3,7,7,7,NA,NA,NA,NA,5,6,4,5,3,5,6,2,2,NA,NA,NA,NA,NA,NA,NA,NA,NA,NA
14001121,14000123,1412,5,4,17.58333333,F,6,3,7,7,7,NA,NA,NA,NA,7,7,7,6,6,7,7,4,6,NA,NA,NA,NA,NA,NA,NA,NA,NA,NA
14001121,14000124,1412,5,4,17.58333333,F,6,3,7,7,7,NA,NA,NA,NA,6,6,6,6,6,6,6,2,2,NA,NA,NA,NA,NA,NA,NA,NA,NA,NA
14001121,14000125,1412,5,4,17.58333333,F,6,3,7,7,7,NA,NA,NA,NA,6,5,6,7,7,6,6,6,3,NA,NA,NA,NA,NA,NA,NA,NA,NA,NA
14001121,14000213,1412,5,4,17.58333333,F,6,3,7,7,7,NA,NA,NA,NA,NA,NA,NA,NA,NA,NA,NA,NA,NA,NA,NA,NA,NA,NA,NA,NA,NA,NA,NA
14001122,14000121,1412,5,4,23.33333333,F,5,4,6,6,6,NA,NA,NA,NA,3,3,4,4,3,5,5,2,2,NA,NA,NA,NA,NA,NA,NA,NA,NA,NA
14001122,14000122,1412,5,4,23.33333333,F,5,4,6,6,6,NA,NA,NA,NA,3,4,4,4,2,6,4,5,4,NA,NA,NA,NA,NA,NA,NA,NA,NA,NA
14001122,14000123,1412,5,4,23.33333333,F,5,4,6,6,6,NA,NA,NA,NA,5,5,5,5,6,6,5,6,6,NA,NA,NA,NA,NA,NA,NA,NA,NA,NA
14001122,14000124,1412,5,4,23.33333333,F,5,4,6,6,6,NA,NA,NA,NA,4,3,4,6,6,6,5,6,5,NA,NA,NA,NA,NA,NA,NA,NA,NA,NA
14001122,14000125,1412,5,4,23.33333333,F,5,4,6,6,6,NA,NA,NA,NA,4,4,4,4,5,5,4,5,4,NA,NA,NA,NA,NA,NA,NA,NA,NA,NA
14001123,14000121,1412,5,4,18,F,5,5,7,6,6,NA,NA,NA,NA,2,2,2,5,4,5,5,4,3,NA,NA,NA,NA,NA,NA,NA,NA,NA,NA
14001123,14000122,1412,5,4,18,F,5,5,7,6,6,NA,NA,NA,NA,3,3,4,6,5,5,5,5,5,NA,NA,NA,NA,NA,NA,NA,NA,NA,NA
14001123,14000123,1412,5,4,18,F,5,5,7,6,6,NA,NA,NA,NA,6,6,6,6,6,5,6,6,5,NA,NA,NA,NA,NA,NA,NA,NA,NA,NA
14001123,14000124,1412,5,4,18,F,5,5,7,6,6,NA,NA,NA,NA,5,5,6,6,6,5,5,6,5,NA,NA,NA,NA,NA,NA,NA,NA,NA,NA
14001123,14000125,1412,5,4,18,F,5,5,7,6,6,NA,NA,NA,NA,4,4,5,6,6,5,6,6,5,NA,NA,NA,NA,NA,NA,NA,NA,NA,NA
14001124,14000121,1412,5,4,18.16666667,F,4,4,7,6,5,NA,NA,NA,NA,3,2,4,5,4,5,4,3,5,NA,NA,NA,NA,NA,NA,NA,NA,NA,NA
14001124,14000122,1412,5,4,18.16666667,F,4,4,7,6,5,NA,NA,NA,NA,4,4,4,5,4,4,6,5,5,NA,NA,NA,NA,NA,NA,NA,NA,NA,NA
14001124,14000123,1412,5,4,18.16666667,F,4,4,7,6,5,NA,NA,NA,NA,4,3,5,4,5,5,4,5,4,NA,NA,NA,NA,NA,NA,NA,NA,NA,NA
14001124,14000124,1412,5,4,18.16666667,F,4,4,7,6,5,NA,NA,NA,NA,4,3,5,5,5,5,6,5,4,NA,NA,NA,NA,NA,NA,NA,NA,NA,NA
14001124,14000125,1412,5,4,18.16666667,F,4,4,7,6,5,NA,NA,NA,NA,5,4,5,5,6,5,6,5,4,NA,NA,NA,NA,NA,NA,NA,NA,NA,NA
14001131,14000131,1413,4,3,20.75,F,5,5,6,5,7,NA,NA,NA,NA,2,4,4,6,6,4,4,6,4,NA,NA,NA,NA,NA,NA,NA,NA,NA,NA
14001131,14000132,1413,4,3,20.75,F,5,5,6,5,7,NA,NA,NA,NA,1,1,4,6,6,5,5,5,6,NA,NA,NA,NA,NA,NA,NA,NA,NA,NA
14001131,14000133,1413,4,3,20.75,F,5,5,6,5,7,NA,NA,NA,NA,5,5,5,6,6,5,5,6,6,NA,NA,NA,NA,NA,NA,NA,NA,NA,NA
14001131,14000134,1413,4,3,20.75,F,5,5,6,5,7,NA,NA,NA,NA,5,5,6,6,6,6,6,6,6,NA,NA,NA,NA,NA,NA,NA,NA,NA,NA
14001132,14000131,1413,4,3,17.91666667,F,6,5,5,5,7,NA,NA,NA,NA,4,3,4,6,5,6,6,4,3,NA,NA,NA,NA,NA,NA,NA,NA,NA,NA
14001132,14000132,1413,4,3,17.91666667,F,6,5,5,5,7,NA,NA,NA,NA,2,2,2,4,4,3,5,4,3,NA,NA,NA,NA,NA,NA,NA,NA,NA,NA
14001132,14000133,1413,4,3,17.91666667,F,6,5,5,5,7,NA,NA,NA,NA,4,3,4,4,5,5,2,5,5,NA,NA,NA,NA,NA,NA,NA,NA,NA,NA
14001132,14000134,1413,4,3,17.91666667,F,6,5,5,5,7,NA,NA,NA,NA,3,2,3,4,4,5,3,3,4,NA,NA,NA,NA,NA,NA,NA,NA,NA,NA
14001133,14000131,1413,4,3,19.41666667,F,6,6,7,7,6,NA,NA,NA,NA,2,2,3,3,2,5,4,4,4,NA,NA,NA,NA,NA,NA,NA,NA,NA,NA
14001133,14000132,1413,4,3,19.41666667,F,6,6,7,7,6,NA,NA,NA,NA,3,3,4,4,5,4,5,4,4,NA,NA,NA,NA,NA,NA,NA,NA,NA,NA
14001133,14000133,1413,4,3,19.41666667,F,6,6,7,7,6,NA,NA,NA,NA,6,6,6,5,5,5,4,5,5,NA,NA,NA,NA,NA,NA,NA,NA,NA,NA
14001133,14000134,1413,4,3,19.41666667,F,6,6,7,7,6,NA,NA,NA,NA,3,3,3,3,4,5,3,3,2,NA,NA,NA,NA,NA,NA,NA,NA,NA,NA
14001141,14000141,1414,4,3,18.08333333,F,5,5,7,4,5,NA,NA,NA,NA,NA,NA,NA,NA,NA,NA,NA,NA,NA,NA,NA,NA,NA,NA,NA,NA,NA,NA,NA
14001141,14000142,1414,4,3,18.08333333,F,5,5,7,4,5,NA,NA,NA,NA,NA,NA,NA,NA,NA,NA,NA,NA,NA,NA,NA,NA,NA,NA,NA,NA,NA,NA,NA
14001141,14000143,1414,4,3,18.08333333,F,5,5,7,4,5,NA,NA,NA,NA,NA,NA,NA,NA,NA,NA,NA,NA,NA,NA,NA,NA,NA,NA,NA,NA,NA,NA,NA
14001141,14000144,1414,4,3,18.08333333,F,5,5,7,4,5,NA,NA,NA,NA,NA,NA,NA,NA,NA,NA,NA,NA,NA,NA,NA,NA,NA,NA,NA,NA,NA,NA,NA
14001142,14000141,1414,4,3,21.58333333,F,5,5,7,6,6,NA,NA,NA,NA,3,3,5,5,6,5,4,4,4,NA,NA,NA,NA,NA,NA,NA,NA,NA,NA
14001142,14000142,1414,4,3,21.58333333,F,5,5,7,6,6,NA,NA,NA,NA,2,2,4,5,5,5,5,4,4,NA,NA,NA,NA,NA,NA,NA,NA,NA,NA
14001142,14000143,1414,4,3,21.58333333,F,5,5,7,6,6,NA,NA,NA,NA,2,2,3,5,6,5,4,2,2,NA,NA,NA,NA,NA,NA,NA,NA,NA,NA
14001142,14000144,1414,4,3,21.58333333,F,5,5,7,6,6,NA,NA,NA,NA,2,3,4,6,7,4,6,4,4,NA,NA,NA,NA,NA,NA,NA,NA,NA,NA
14001143,14000141,1414,4,3,17.75,F,5,5,6,7,7,NA,NA,NA,NA,6,6,6,6,6,6,7,4,5,NA,NA,NA,NA,NA,NA,NA,NA,NA,NA
14001143,14000142,1414,4,3,17.75,F,5,5,6,7,7,NA,NA,NA,NA,3,5,4,6,6,5,4,4,4,NA,NA,NA,NA,NA,NA,NA,NA,NA,NA
14001143,14000143,1414,4,3,17.75,F,5,5,6,7,7,NA,NA,NA,NA,3,4,5,5,4,5,5,4,4,NA,NA,NA,NA,NA,NA,NA,NA,NA,NA
14001143,14000144,1414,4,3,17.75,F,5,5,6,7,7,NA,NA,NA,NA,2,2,4,6,6,6,7,6,6,NA,NA,NA,NA,NA,NA,NA,NA,NA,NA
14001151,14000151,1415,4,5,18.5,F,5,4,7,7,7,NA,NA,NA,NA,2,3,3,5,5,5,5,1,1,NA,NA,NA,NA,NA,NA,NA,NA,NA,NA
14001151,14000152,1415,4,5,18.5,F,5,4,7,7,7,NA,NA,NA,NA,1,1,1,1,2,4,2,1,1,NA,NA,NA,NA,NA,NA,NA,NA,NA,NA
14001151,14000153,1415,4,5,18.5,F,5,4,7,7,7,NA,NA,NA,NA,2,2,2,5,5,4,5,2,2,NA,NA,NA,NA,NA,NA,NA,NA,NA,NA
14001151,14000154,1415,4,5,18.5,F,5,4,7,7,7,NA,NA,NA,NA,1,1,1,4,1,3,1,2,1,NA,NA,NA,NA,NA,NA,NA,NA,NA,NA
14001152,14000151,1415,4,5,19,F,5,5,6,5,5,NA,NA,NA,NA,3,4,4,4,5,4,4,4,3,NA,NA,NA,NA,NA,NA,NA,NA,NA,NA
14001152,14000152,1415,4,5,19,F,5,5,6,5,5,NA,NA,NA,NA,2,2,4,4,4,5,4,4,3,NA,NA,NA,NA,NA,NA,NA,NA,NA,NA
14001152,14000153,1415,4,5,19,F,5,5,6,5,5,NA,NA,NA,NA,3,3,4,5,5,4,4,4,3,NA,NA,NA,NA,NA,NA,NA,NA,NA,NA
14001152,14000154,1415,4,5,19,F,5,5,6,5,5,NA,NA,NA,NA,2,2,3,5,4,4,4,5,3,NA,NA,NA,NA,NA,NA,NA,NA,NA,NA
14001153,14000151,1415,4,5,24.5,F,4,5,5,5,5,NA,NA,NA,NA,4,3,4,4,4,2,4,2,2,NA,NA,NA,NA,NA,NA,NA,NA,NA,NA
14001153,14000152,1415,4,5,24.5,F,4,5,5,5,5,NA,NA,NA,NA,2,2,2,3,3,3,2,2,2,NA,NA,NA,NA,NA,NA,NA,NA,NA,NA
14001153,14000153,1415,4,5,24.5,F,4,5,5,5,5,NA,NA,NA,NA,3,3,2,3,4,2,4,3,2,NA,NA,NA,NA,NA,NA,NA,NA,NA,NA
14001153,14000154,1415,4,5,24.5,F,4,5,5,5,5,NA,NA,NA,NA,2,2,2,2,2,2,2,2,2,NA,NA,NA,NA,NA,NA,NA,NA,NA,NA
14001154,14000151,1415,4,5,18.25,F,5,5,7,6,5,NA,NA,NA,NA,4,4,5,5,6,4,3,1,1,NA,NA,NA,NA,NA,NA,NA,NA,NA,NA
14001154,14000152,1415,4,5,18.25,F,5,5,7,6,5,NA,NA,NA,NA,3,2,3,5,5,3,5,1,1,NA,NA,NA,NA,NA,NA,NA,NA,NA,NA
14001154,14000153,1415,4,5,18.25,F,5,5,7,6,5,NA,NA,NA,NA,3,2,4,6,6,5,2,1,1,NA,NA,NA,NA,NA,NA,NA,NA,NA,NA
14001154,14000154,1415,4,5,18.25,F,5,5,7,6,5,NA,NA,NA,NA,3,2,4,5,3,5,4,3,3,NA,NA,NA,NA,NA,NA,NA,NA,NA,NA
14001155,14000151,1415,4,5,18.08333333,F,5,4,7,6,7,NA,NA,NA,NA,4,5,5,5,5,5,5,6,5,NA,NA,NA,NA,NA,NA,NA,NA,NA,NA
14001155,14000152,1415,4,5,18.08333333,F,5,4,7,6,7,NA,NA,NA,NA,3,2,3,5,4,5,5,5,4,NA,NA,NA,NA,NA,NA,NA,NA,NA,NA
14001155,14000153,1415,4,5,18.08333333,F,5,4,7,6,7,NA,NA,NA,NA,5,4,4,5,5,4,5,5,4,NA,NA,NA,NA,NA,NA,NA,NA,NA,NA
14001155,14000154,1415,4,5,18.08333333,F,5,4,7,6,7,NA,NA,NA,NA,3,3,4,5,5,6,5,5,5,NA,NA,NA,NA,NA,NA,NA,NA,NA,NA
14001161,14000161,1416,4,4,18.58333333,F,5,4,6,6,5,NA,NA,NA,NA,3,3,4,5,4,6,6,4,5,NA,NA,NA,NA,NA,NA,NA,NA,NA,NA
14001161,14000162,1416,4,4,18.58333333,F,5,4,6,6,5,NA,NA,NA,NA,6,5,5,4,6,5,4,5,5,NA,NA,NA,NA,NA,NA,NA,NA,NA,NA
14001161,14000163,1416,4,4,18.58333333,F,5,4,6,6,5,NA,NA,NA,NA,6,6,6,7,6,6,5,6,4,NA,NA,NA,NA,NA,NA,NA,NA,NA,NA
14001161,14000164,1416,4,4,18.58333333,F,5,4,6,6,5,NA,NA,NA,NA,2,2,3,6,6,5,4,5,3,NA,NA,NA,NA,NA,NA,NA,NA,NA,NA
14001162,14000161,1416,4,4,NA,F,5,5,6,7,7,NA,NA,NA,NA,1,1,1,5,1,1,2,1,1,NA,NA,NA,NA,NA,NA,NA,NA,NA,NA
14001162,14000162,1416,4,4,NA,F,5,5,6,7,7,NA,NA,NA,NA,6,6,6,6,6,6,6,6,6,NA,NA,NA,NA,NA,NA,NA,NA,NA,NA
14001162,14000163,1416,4,4,NA,F,5,5,6,7,7,NA,NA,NA,NA,5,5,5,6,6,6,6,6,5,NA,NA,NA,NA,NA,NA,NA,NA,NA,NA
14001162,14000164,1416,4,4,NA,F,5,5,6,7,7,NA,NA,NA,NA,4,4,4,5,5,5,5,5,5,NA,NA,NA,NA,NA,NA,NA,NA,NA,NA
14001163,14000161,1416,4,4,19.16666667,F,5,5,6,7,6,NA,NA,NA,NA,5,5,5,7,6,4,6,4,3,NA,NA,NA,NA,NA,NA,NA,NA,NA,NA
14001163,14000162,1416,4,4,19.16666667,F,5,5,6,7,6,NA,NA,NA,NA,6,5,6,5,5,5,6,6,5,NA,NA,NA,NA,NA,NA,NA,NA,NA,NA
14001163,14000163,1416,4,4,19.16666667,F,5,5,6,7,6,NA,NA,NA,NA,6,5,6,6,6,5,5,5,4,NA,NA,NA,NA,NA,NA,NA,NA,NA,NA
14001163,14000164,1416,4,4,19.16666667,F,5,5,6,7,6,NA,NA,NA,NA,5,6,6,5,6,5,6,5,4,NA,NA,NA,NA,NA,NA,NA,NA,NA,NA
14001164,14000161,1416,4,4,17.83333333,F,5,5,7,6,5,NA,NA,NA,NA,5,5,5,6,5,6,5,4,5,NA,NA,NA,NA,NA,NA,NA,NA,NA,NA
14001164,14000162,1416,4,4,17.83333333,F,5,5,7,6,5,NA,NA,NA,NA,6,6,6,6,7,6,5,7,6,NA,NA,NA,NA,NA,NA,NA,NA,NA,NA
14001164,14000163,1416,4,4,17.83333333,F,5,5,7,6,5,NA,NA,NA,NA,6,6,5,6,5,5,6,5,5,NA,NA,NA,NA,NA,NA,NA,NA,NA,NA
14001164,14000164,1416,4,4,17.83333333,F,5,5,7,6,5,NA,NA,NA,NA,5,5,5,5,6,6,5,6,6,NA,NA,NA,NA,NA,NA,NA,NA,NA,NA
14001171,14000171,1417,5,3,18.08333333,F,5,5,7,6,6,NA,NA,NA,NA,6,6,6,6,5,6,6,6,4,NA,NA,NA,NA,NA,NA,NA,NA,NA,NA
14001171,14000172,1417,5,3,18.08333333,F,5,5,7,6,6,NA,NA,NA,NA,6,6,6,6,6,5,6,4,4,NA,NA,NA,NA,NA,NA,NA,NA,NA,NA
14001171,14000173,1417,5,3,18.08333333,F,5,5,7,6,6,NA,NA,NA,NA,6,6,6,6,7,6,5,6,5,NA,NA,NA,NA,NA,NA,NA,NA,NA,NA
14001171,14000174,1417,5,3,18.08333333,F,5,5,7,6,6,NA,NA,NA,NA,4,4,4,6,6,5,6,4,3,NA,NA,NA,NA,NA,NA,NA,NA,NA,NA
14001171,14000175,1417,5,3,18.08333333,F,5,5,7,6,6,NA,NA,NA,NA,5,5,5,7,6,6,7,5,6,NA,NA,NA,NA,NA,NA,NA,NA,NA,NA
14001172,14000171,1417,5,3,17.41666667,F,5,5,7,5,7,NA,NA,NA,NA,4,5,5,6,5,4,4,5,4,NA,NA,NA,NA,NA,NA,NA,NA,NA,NA
14001172,14000172,1417,5,3,17.41666667,F,5,5,7,5,7,NA,NA,NA,NA,6,6,6,6,6,6,6,4,4,NA,NA,NA,NA,NA,NA,NA,NA,NA,NA
14001172,14000173,1417,5,3,17.41666667,F,5,5,7,5,7,NA,NA,NA,NA,6,6,6,6,6,5,4,6,4,NA,NA,NA,NA,NA,NA,NA,NA,NA,NA
14001172,14000174,1417,5,3,17.41666667,F,5,5,7,5,7,NA,NA,NA,NA,1,1,2,5,4,4,4,1,1,NA,NA,NA,NA,NA,NA,NA,NA,NA,NA
14001172,14000175,1417,5,3,17.41666667,F,5,5,7,5,7,NA,NA,NA,NA,5,4,5,7,7,6,6,5,5,NA,NA,NA,NA,NA,NA,NA,NA,NA,NA
14001173,14000171,1417,5,3,17.66666667,F,4,5,7,5,3,NA,NA,NA,NA,NA,NA,NA,NA,NA,NA,NA,NA,NA,NA,NA,NA,NA,NA,NA,NA,NA,NA,NA
14001173,14000172,1417,5,3,17.66666667,F,4,5,7,5,3,NA,NA,NA,NA,NA,NA,NA,NA,NA,NA,NA,NA,NA,NA,NA,NA,NA,NA,NA,NA,NA,NA,NA
14001173,14000173,1417,5,3,17.66666667,F,4,5,7,5,3,NA,NA,NA,NA,NA,NA,NA,NA,NA,NA,NA,NA,NA,NA,NA,NA,NA,NA,NA,NA,NA,NA,NA
14001173,14000174,1417,5,3,17.66666667,F,4,5,7,5,3,NA,NA,NA,NA,NA,NA,NA,NA,NA,NA,NA,NA,NA,NA,NA,NA,NA,NA,NA,NA,NA,NA,NA
14001173,14000175,1417,5,3,17.66666667,F,4,5,7,5,3,NA,NA,NA,NA,NA,NA,NA,NA,NA,NA,NA,NA,NA,NA,NA,NA,NA,NA,NA,NA,NA,NA,NA
14001181,14000181,1418,4,4,22.5,F,6,6,6,6,7,NA,NA,NA,NA,4,4,4,3,6,3,3,3,4,NA,NA,NA,NA,NA,NA,NA,NA,NA,NA
14001181,14000182,1418,4,4,22.5,F,6,6,6,6,7,NA,NA,NA,NA,5,5,4,6,5,4,6,4,3,NA,NA,NA,NA,NA,NA,NA,NA,NA,NA
14001181,14000183,1418,4,4,22.5,F,6,6,6,6,7,NA,NA,NA,NA,5,4,4,5,5,5,5,4,4,NA,NA,NA,NA,NA,NA,NA,NA,NA,NA
14001181,14000184,1418,4,4,22.5,F,6,6,6,6,7,NA,NA,NA,NA,6,6,4,3,2,2,5,2,1,NA,NA,NA,NA,NA,NA,NA,NA,NA,NA
14001182,14000181,1418,4,4,23.33333333,F,5,5,6,5,5,NA,NA,NA,NA,3,3,4,4,3,4,5,4,4,NA,NA,NA,NA,NA,NA,NA,NA,NA,NA
14001182,14000182,1418,4,4,23.33333333,F,5,5,6,5,5,NA,NA,NA,NA,3,3,3,5,5,3,5,4,2,NA,NA,NA,NA,NA,NA,NA,NA,NA,NA
14001182,14000183,1418,4,4,23.33333333,F,5,5,6,5,5,NA,NA,NA,NA,3,3,3,5,3,4,5,3,5,NA,NA,NA,NA,NA,NA,NA,NA,NA,NA
14001182,14000184,1418,4,4,23.33333333,F,5,5,6,5,5,NA,NA,NA,NA,5,5,5,5,5,4,4,5,4,NA,NA,NA,NA,NA,NA,NA,NA,NA,NA
14001183,14000181,1418,4,4,22.83333333,F,6,6,7,4,7,NA,NA,NA,NA,5,5,4,5,5,4,5,3,3,NA,NA,NA,NA,NA,NA,NA,NA,NA,NA
14001183,14000182,1418,4,4,22.83333333,F,6,6,7,4,7,NA,NA,NA,NA,4,3,3,6,5,5,4,5,3,NA,NA,NA,NA,NA,NA,NA,NA,NA,NA
14001183,14000183,1418,4,4,22.83333333,F,6,6,7,4,7,NA,NA,NA,NA,4,2,3,6,5,5,4,3,3,NA,NA,NA,NA,NA,NA,NA,NA,NA,NA
14001183,14000184,1418,4,4,22.83333333,F,6,6,7,4,7,NA,NA,NA,NA,5,5,5,6,6,6,4,5,4,NA,NA,NA,NA,NA,NA,NA,NA,NA,NA
14001184,14000181,1418,4,4,18.33333333,F,6,6,6,5,5,NA,NA,NA,NA,4,5,5,5,5,6,3,5,4,NA,NA,NA,NA,NA,NA,NA,NA,NA,NA
14001184,14000182,1418,4,4,18.33333333,F,6,6,6,5,5,NA,NA,NA,NA,2,2,4,7,6,5,6,5,3,NA,NA,NA,NA,NA,NA,NA,NA,NA,NA
14001184,14000183,1418,4,4,18.33333333,F,6,6,6,5,5,NA,NA,NA,NA,2,2,3,6,5,5,6,6,4,NA,NA,NA,NA,NA,NA,NA,NA,NA,NA
14001184,14000184,1418,4,4,18.33333333,F,6,6,6,5,5,NA,NA,NA,NA,2,3,3,4,2,4,4,3,3,NA,NA,NA,NA,NA,NA,NA,NA,NA,NA
14001191,14000191,1419,3,4,18.5,F,5,5,6,6,5,NA,NA,NA,NA,6,6,6,5,6,5,6,6,4,NA,NA,NA,NA,NA,NA,NA,NA,NA,NA
14001191,14000192,1419,3,4,18.5,F,5,5,6,6,5,NA,NA,NA,NA,5,5,5,5,3,6,6,5,4,NA,NA,NA,NA,NA,NA,NA,NA,NA,NA
14001191,14000193,1419,3,4,18.5,F,5,5,6,6,5,NA,NA,NA,NA,4,5,4,6,4,5,6,4,6,NA,NA,NA,NA,NA,NA,NA,NA,NA,NA
14001192,14000191,1419,3,4,26.58333333,F,5,5,7,6,6,NA,NA,NA,NA,5,5,5,6,6,5,5,6,5,NA,NA,NA,NA,NA,NA,NA,NA,NA,NA
14001192,14000192,1419,3,4,26.58333333,F,5,5,7,6,6,NA,NA,NA,NA,4,3,3,5,3,4,4,4,3,NA,NA,NA,NA,NA,NA,NA,NA,NA,NA
14001192,14000193,1419,3,4,26.58333333,F,5,5,7,6,6,NA,NA,NA,NA,4,3,4,7,6,5,5,5,7,NA,NA,NA,NA,NA,NA,NA,NA,NA,NA
14001193,14000191,1419,3,4,19.08333333,F,6,6,7,5,6,NA,NA,NA,NA,6,5,6,6,7,6,6,6,4,NA,NA,NA,NA,NA,NA,NA,NA,NA,NA
14001193,14000192,1419,3,4,19.08333333,F,6,6,7,5,6,NA,NA,NA,NA,3,4,4,4,3,5,4,3,4,NA,NA,NA,NA,NA,NA,NA,NA,NA,NA
14001193,14000193,1419,3,4,19.08333333,F,6,6,7,5,6,NA,NA,NA,NA,3,4,4,6,5,5,5,3,4,NA,NA,NA,NA,NA,NA,NA,NA,NA,NA
14001194,14000191,1419,3,4,17.91666667,F,5,5,7,6,5,NA,NA,NA,NA,5,6,6,6,6,6,6,6,6,NA,NA,NA,NA,NA,NA,NA,NA,NA,NA
14001194,14000192,1419,3,4,17.91666667,F,5,5,7,6,5,NA,NA,NA,NA,5,3,5,6,3,5,5,3,4,NA,NA,NA,NA,NA,NA,NA,NA,NA,NA
14001194,14000193,1419,3,4,17.91666667,F,5,5,7,6,5,NA,NA,NA,NA,4,4,5,7,5,6,5,5,5,NA,NA,NA,NA,NA,NA,NA,NA,NA,NA
14001201,14000201,1420,4,4,17.75,F,5,5,7,6,7,NA,NA,NA,NA,2,2,3,5,5,5,5,4,5,NA,NA,NA,NA,NA,NA,NA,NA,NA,NA
14001201,14000202,1420,4,4,17.75,F,5,5,7,6,7,NA,NA,NA,NA,5,6,5,7,7,5,6,5,5,NA,NA,NA,NA,NA,NA,NA,NA,NA,NA
14001201,14000203,1420,4,4,17.75,F,5,5,7,6,7,NA,NA,NA,NA,6,3,5,7,6,6,6,5,5,NA,NA,NA,NA,NA,NA,NA,NA,NA,NA
14001201,14000204,1420,4,4,17.75,F,5,5,7,6,7,NA,NA,NA,NA,5,3,5,7,6,6,7,6,4,NA,NA,NA,NA,NA,NA,NA,NA,NA,NA
14001202,14000201,1420,4,4,22.41666667,F,4,4,7,6,6,NA,NA,NA,NA,1,4,3,5,3,5,6,4,4,NA,NA,NA,NA,NA,NA,NA,NA,NA,NA
14001202,14000202,1420,4,4,22.41666667,F,4,4,7,6,6,NA,NA,NA,NA,5,6,5,6,5,6,6,6,4,NA,NA,NA,NA,NA,NA,NA,NA,NA,NA
14001202,14000203,1420,4,4,22.41666667,F,4,4,7,6,6,NA,NA,NA,NA,5,4,4,5,5,6,4,4,5,NA,NA,NA,NA,NA,NA,NA,NA,NA,NA
14001202,14000204,1420,4,4,22.41666667,F,4,4,7,6,6,NA,NA,NA,NA,4,5,5,6,6,6,6,6,5,NA,NA,NA,NA,NA,NA,NA,NA,NA,NA
14001203,14000201,1420,4,4,18.66666667,F,5,6,6,4,6,NA,NA,NA,NA,5,4,5,6,5,4,4,5,4,NA,NA,NA,NA,NA,NA,NA,NA,NA,NA
14001203,14000202,1420,4,4,18.66666667,F,5,6,6,4,6,NA,NA,NA,NA,6,6,6,6,6,4,4,6,4,NA,NA,NA,NA,NA,NA,NA,NA,NA,NA
14001203,14000203,1420,4,4,18.66666667,F,5,6,6,4,6,NA,NA,NA,NA,5,5,5,6,6,6,5,6,4,NA,NA,NA,NA,NA,NA,NA,NA,NA,NA
14001203,14000204,1420,4,4,18.66666667,F,5,6,6,4,6,NA,NA,NA,NA,5,5,5,6,6,6,4,4,4,NA,NA,NA,NA,NA,NA,NA,NA,NA,NA
14001204,14000201,1420,4,4,18.58333333,F,5,5,6,6,6,NA,NA,NA,NA,2,2,3,3,3,4,3,2,2,NA,NA,NA,NA,NA,NA,NA,NA,NA,NA
14001204,14000202,1420,4,4,18.58333333,F,5,5,6,6,6,NA,NA,NA,NA,3,4,3,3,4,3,3,3,3,NA,NA,NA,NA,NA,NA,NA,NA,NA,NA
14001204,14000203,1420,4,4,18.58333333,F,5,5,6,6,6,NA,NA,NA,NA,3,2,4,6,6,6,6,4,4,NA,NA,NA,NA,NA,NA,NA,NA,NA,NA
14001204,14000204,1420,4,4,18.58333333,F,5,5,6,6,6,NA,NA,NA,NA,3,2,4,6,6,4,5,6,6,NA,NA,NA,NA,NA,NA,NA,NA,NA,NA
14001211,14000211,1421,5,3,25.5,F,6,4,7,5,7,NA,NA,NA,NA,3,4,4,5,6,5,2,5,5,NA,NA,NA,NA,NA,NA,NA,NA,NA,NA
14001211,14000212,1421,5,3,25.5,F,6,4,7,5,7,NA,NA,NA,NA,4,6,5,5,4,5,3,4,2,NA,NA,NA,NA,NA,NA,NA,NA,NA,NA
14001211,14000213,1421,5,3,25.5,F,6,4,7,5,7,NA,NA,NA,NA,6,7,6,6,7,6,3,6,5,NA,NA,NA,NA,NA,NA,NA,NA,NA,NA
14001211,14000214,1421,5,3,25.5,F,6,4,7,5,7,NA,NA,NA,NA,4,6,5,6,3,7,4,6,6,NA,NA,NA,NA,NA,NA,NA,NA,NA,NA
14001211,14000215,1421,5,3,25.5,F,6,4,7,5,7,NA,NA,NA,NA,4,5,5,6,5,6,4,6,5,NA,NA,NA,NA,NA,NA,NA,NA,NA,NA
14001212,14000211,1421,5,3,26.91666667,F,5,4,4,5,6,NA,NA,NA,NA,5,3,5,5,7,4,4,6,5,NA,NA,NA,NA,NA,NA,NA,NA,NA,NA
14001212,14000212,1421,5,3,26.91666667,F,5,4,4,5,6,NA,NA,NA,NA,5,6,5,6,3,5,4,5,6,NA,NA,NA,NA,NA,NA,NA,NA,NA,NA
14001212,14000213,1421,5,3,26.91666667,F,5,4,4,5,6,NA,NA,NA,NA,7,6,6,6,6,5,4,5,5,NA,NA,NA,NA,NA,NA,NA,NA,NA,NA
14001212,14000214,1421,5,3,26.91666667,F,5,4,4,5,6,NA,NA,NA,NA,5,6,5,5,5,6,4,5,6,NA,NA,NA,NA,NA,NA,NA,NA,NA,NA
14001212,14000215,1421,5,3,26.91666667,F,5,4,4,5,6,NA,NA,NA,NA,3,5,7,7,7,5,6,6,5,NA,NA,NA,NA,NA,NA,NA,NA,NA,NA
14001213,14000211,1421,5,3,19.08333333,F,6,5,7,6,6,NA,NA,NA,NA,5,4,5,6,7,6,5,6,5,NA,NA,NA,NA,NA,NA,NA,NA,NA,NA
14001213,14000212,1421,5,3,19.08333333,F,6,5,7,6,6,NA,NA,NA,NA,3,4,4,5,4,5,5,5,4,NA,NA,NA,NA,NA,NA,NA,NA,NA,NA
14001213,14000213,1421,5,3,19.08333333,F,6,5,7,6,6,NA,NA,NA,NA,6,6,6,6,6,5,6,5,4,NA,NA,NA,NA,NA,NA,NA,NA,NA,NA
14001213,14000214,1421,5,3,19.08333333,F,6,5,7,6,6,NA,NA,NA,NA,4,5,5,5,5,6,4,5,5,NA,NA,NA,NA,NA,NA,NA,NA,NA,NA
14001213,14000215,1421,5,3,19.08333333,F,6,5,7,6,6,NA,NA,NA,NA,4,4,4,6,4,6,6,6,5,NA,NA,NA,NA,NA,NA,NA,NA,NA,NA
14001221,14000221,1422,2,2,18.66666667,F,5,4,6,7,5,NA,NA,NA,NA,5,4,6,4,7,4,5,6,4,NA,NA,NA,NA,NA,NA,NA,NA,NA,NA
14001221,14000222,1422,2,2,18.66666667,F,5,4,6,7,5,NA,NA,NA,NA,4,4,5,5,6,4,4,5,4,NA,NA,NA,NA,NA,NA,NA,NA,NA,NA
14001222,14000221,1422,2,2,37.5,F,5,5,7,7,6,NA,NA,NA,NA,4,3,4,5,5,5,5,5,5,NA,NA,NA,NA,NA,NA,NA,NA,NA,NA
14001222,14000222,1422,2,2,37.5,F,5,5,7,7,6,NA,NA,NA,NA,6,5,6,6,5,5,6,5,5,NA,NA,NA,NA,NA,NA,NA,NA,NA,NA
14001231,14000231,1423,3,4,18.58333333,F,5,5,6,6,6,NA,NA,NA,NA,4,4,4,5,5,5,5,4,4,NA,NA,NA,NA,NA,NA,NA,NA,NA,NA
14001231,14000232,1423,3,4,18.58333333,F,5,5,6,6,6,NA,NA,NA,NA,5,5,5,5,5,5,3,4,5,NA,NA,NA,NA,NA,NA,NA,NA,NA,NA
14001231,14000233,1423,3,4,18.58333333,F,5,5,6,6,6,NA,NA,NA,NA,5,4,5,4,4,5,5,5,5,NA,NA,NA,NA,NA,NA,NA,NA,NA,NA
14001232,14000231,1423,3,4,18.08333333,F,5,5,7,5,5,NA,NA,NA,NA,4,4,4,5,5,5,4,5,4,NA,NA,NA,NA,NA,NA,NA,NA,NA,NA
14001232,14000232,1423,3,4,18.08333333,F,5,5,7,5,5,NA,NA,NA,NA,4,4,5,6,6,6,7,6,6,NA,NA,NA,NA,NA,NA,NA,NA,NA,NA
14001232,14000233,1423,3,4,18.08333333,F,5,5,7,5,5,NA,NA,NA,NA,6,6,6,6,5,6,6,6,5,NA,NA,NA,NA,NA,NA,NA,NA,NA,NA
14001233,14000231,1423,3,4,18.66666667,F,5,5,7,5,6,NA,NA,NA,NA,4,3,4,4,4,4,4,4,4,NA,NA,NA,NA,NA,NA,NA,NA,NA,NA
14001233,14000232,1423,3,4,18.66666667,F,5,5,7,5,6,NA,NA,NA,NA,5,5,5,5,5,5,5,4,6,NA,NA,NA,NA,NA,NA,NA,NA,NA,NA
14001233,14000233,1423,3,4,18.66666667,F,5,5,7,5,6,NA,NA,NA,NA,4,5,5,6,6,5,5,4,4,NA,NA,NA,NA,NA,NA,NA,NA,NA,NA
14001234,14000231,1423,3,4,18.75,F,5,4,7,4,6,NA,NA,NA,NA,3,2,4,4,5,6,2,6,4,NA,NA,NA,NA,NA,NA,NA,NA,NA,NA
14001234,14000232,1423,3,4,18.75,F,5,4,7,4,6,NA,NA,NA,NA,5,4,5,6,5,7,7,6,4,NA,NA,NA,NA,NA,NA,NA,NA,NA,NA
14001234,14000233,1423,3,4,18.75,F,5,4,7,4,6,NA,NA,NA,NA,6,5,4,5,4,6,5,3,3,NA,NA,NA,NA,NA,NA,NA,NA,NA,NA
14001241,14000241,1424,3,3,NA,F,5,5,6,5,5,NA,NA,NA,NA,1,1,2,4,2,5,4,3,4,NA,NA,NA,NA,NA,NA,NA,NA,NA,NA
14001241,14000242,1424,3,3,NA,F,5,5,6,5,5,NA,NA,NA,NA,2,2,3,4,3,4,3,3,3,NA,NA,NA,NA,NA,NA,NA,NA,NA,NA
14001241,14000243,1424,3,3,NA,F,5,5,6,5,5,NA,NA,NA,NA,5,4,5,5,5,5,4,6,4,NA,NA,NA,NA,NA,NA,NA,NA,NA,NA
14001242,14000241,1424,3,3,18.66666667,F,4,5,7,7,7,NA,NA,NA,NA,4,3,5,6,5,5,5,4,4,NA,NA,NA,NA,NA,NA,NA,NA,NA,NA
14001242,14000242,1424,3,3,18.66666667,F,4,5,7,7,7,NA,NA,NA,NA,5,5,5,4,3,4,4,5,4,NA,NA,NA,NA,NA,NA,NA,NA,NA,NA
14001242,14000243,1424,3,3,18.66666667,F,4,5,7,7,7,NA,NA,NA,NA,4,3,4,5,6,5,5,5,4,NA,NA,NA,NA,NA,NA,NA,NA,NA,NA
14001243,14000241,1424,3,3,18.58333333,F,5,4,5,5,4,NA,NA,NA,NA,4,4,5,7,5,5,5,7,5,NA,NA,NA,NA,NA,NA,NA,NA,NA,NA
14001243,14000242,1424,3,3,18.58333333,F,5,4,5,5,4,NA,NA,NA,NA,3,4,3,4,3,4,4,2,2,NA,NA,NA,NA,NA,NA,NA,NA,NA,NA
14001243,14000243,1424,3,3,18.58333333,F,5,4,5,5,4,NA,NA,NA,NA,5,4,4,6,5,3,4,5,4,NA,NA,NA,NA,NA,NA,NA,NA,NA,NA
14001251,14000251,1425,3,3,17.91666667,F,5,5,6,5,7,NA,NA,NA,NA,5,6,6,6,6,5,6,6,7,NA,NA,NA,NA,NA,NA,NA,NA,NA,NA
14001251,14000252,1425,3,3,17.91666667,F,5,5,6,5,7,NA,NA,NA,NA,5,6,5,6,6,5,4,6,5,NA,NA,NA,NA,NA,NA,NA,NA,NA,NA
14001251,14000253,1425,3,3,17.91666667,F,5,5,6,5,7,NA,NA,NA,NA,5,6,4,3,4,5,3,2,1,NA,NA,NA,NA,NA,NA,NA,NA,NA,NA
14001252,14000251,1425,3,3,18.83333333,F,5,5,6,5,5,NA,NA,NA,NA,4,4,5,6,6,5,6,6,7,NA,NA,NA,NA,NA,NA,NA,NA,NA,NA
14001252,14000252,1425,3,3,18.83333333,F,5,5,6,5,5,NA,NA,NA,NA,6,4,5,5,7,4,6,6,5,NA,NA,NA,NA,NA,NA,NA,NA,NA,NA
14001252,14000253,1425,3,3,18.83333333,F,5,5,6,5,5,NA,NA,NA,NA,5,4,5,5,4,4,5,6,5,NA,NA,NA,NA,NA,NA,NA,NA,NA,NA
14001253,14000251,1425,3,3,19.75,F,2,3,6,6,5,NA,NA,NA,NA,6,5,5,4,5,5,5,3,3,NA,NA,NA,NA,NA,NA,NA,NA,NA,NA
14001253,14000252,1425,3,3,19.75,F,2,3,6,6,5,NA,NA,NA,NA,5,6,6,5,6,5,6,6,4,NA,NA,NA,NA,NA,NA,NA,NA,NA,NA
14001253,14000253,1425,3,3,19.75,F,2,3,6,6,5,NA,NA,NA,NA,4,5,4,5,5,4,4,5,4,NA,NA,NA,NA,NA,NA,NA,NA,NA,NA
15000011,15001011,1501,5,5,18.91666667,M,6,6,7,5,7,NA,NA,NA,NA,5,5,5,6,6,6,4,5,5,NA,NA,NA,NA,NA,NA,NA,NA,NA,NA
15000011,15001012,1501,5,5,18.91666667,M,6,6,7,5,7,NA,NA,NA,NA,5,6,6,6,6,6,5,6,6,NA,NA,NA,NA,NA,NA,NA,NA,NA,NA
15000011,15001013,1501,5,5,18.91666667,M,6,6,7,5,7,NA,NA,NA,NA,4,4,4,4,3,4,5,5,4,NA,NA,NA,NA,NA,NA,NA,NA,NA,NA
15000011,15001014,1501,5,5,18.91666667,M,6,6,7,5,7,NA,NA,NA,NA,5,5,5,6,5,6,5,5,5,NA,NA,NA,NA,NA,NA,NA,NA,NA,NA
15000011,15001015,1501,5,5,18.91666667,M,6,6,7,5,7,NA,NA,NA,NA,5,5,5,5,4,6,3,4,4,NA,NA,NA,NA,NA,NA,NA,NA,NA,NA
15000012,15001011,1501,5,5,20.25,M,4,4,6,5,7,NA,NA,NA,NA,4,4,4,4,5,4,4,4,4,NA,NA,NA,NA,NA,NA,NA,NA,NA,NA
15000012,15001012,1501,5,5,20.25,M,4,4,6,5,7,NA,NA,NA,NA,4,4,4,4,4,4,3,3,3,NA,NA,NA,NA,NA,NA,NA,NA,NA,NA
15000012,15001013,1501,5,5,20.25,M,4,4,6,5,7,NA,NA,NA,NA,2,2,3,5,4,4,4,4,4,NA,NA,NA,NA,NA,NA,NA,NA,NA,NA
15000012,15001014,1501,5,5,20.25,M,4,4,6,5,7,NA,NA,NA,NA,4,4,4,5,5,4,4,4,4,NA,NA,NA,NA,NA,NA,NA,NA,NA,NA
15000012,15001015,1501,5,5,20.25,M,4,4,6,5,7,NA,NA,NA,NA,4,2,3,4,4,4,4,4,4,NA,NA,NA,NA,NA,NA,NA,NA,NA,NA
15000013,15001011,1501,5,5,17.66666667,M,5,5,6,5,7,NA,NA,NA,NA,5,6,6,6,6,6,4,5,6,NA,NA,NA,NA,NA,NA,NA,NA,NA,NA
15000013,15001012,1501,5,5,17.66666667,M,5,5,6,5,7,NA,NA,NA,NA,5,5,5,6,5,6,4,6,5,NA,NA,NA,NA,NA,NA,NA,NA,NA,NA
15000013,15001013,1501,5,5,17.66666667,M,5,5,6,5,7,NA,NA,NA,NA,5,5,6,6,6,6,4,6,6,NA,NA,NA,NA,NA,NA,NA,NA,NA,NA
15000013,15001014,1501,5,5,17.66666667,M,5,5,6,5,7,NA,NA,NA,NA,6,6,6,6,5,7,4,7,5,NA,NA,NA,NA,NA,NA,NA,NA,NA,NA
15000013,15001015,1501,5,5,17.66666667,M,5,5,6,5,7,NA,NA,NA,NA,5,5,5,5,5,5,4,5,5,NA,NA,NA,NA,NA,NA,NA,NA,NA,NA
15000014,15001011,1501,5,5,20.25,M,6,5,5,5,4,NA,NA,NA,NA,6,5,6,6,5,5,5,5,6,NA,NA,NA,NA,NA,NA,NA,NA,NA,NA
15000014,15001012,1501,5,5,20.25,M,6,5,5,5,4,NA,NA,NA,NA,4,2,4,4,3,5,3,2,3,NA,NA,NA,NA,NA,NA,NA,NA,NA,NA
15000014,15001013,1501,5,5,20.25,M,6,5,5,5,4,NA,NA,NA,NA,4,2,4,4,2,4,1,5,6,NA,NA,NA,NA,NA,NA,NA,NA,NA,NA
15000014,15001014,1501,5,5,20.25,M,6,5,5,5,4,NA,NA,NA,NA,6,5,4,4,3,6,3,6,5,NA,NA,NA,NA,NA,NA,NA,NA,NA,NA
15000014,15001015,1501,5,5,20.25,M,6,5,5,5,4,NA,NA,NA,NA,2,2,2,1,2,2,1,3,4,NA,NA,NA,NA,NA,NA,NA,NA,NA,NA
15000015,15001011,1501,5,5,NA,M,4,4,5,6,7,NA,NA,NA,NA,4,4,4,4,4,3,4,4,5,NA,NA,NA,NA,NA,NA,NA,NA,NA,NA
15000015,15001012,1501,5,5,NA,M,4,4,5,6,7,NA,NA,NA,NA,5,5,5,5,4,4,5,5,6,NA,NA,NA,NA,NA,NA,NA,NA,NA,NA
15000015,15001013,1501,5,5,NA,M,4,4,5,6,7,NA,NA,NA,NA,4,4,4,4,4,4,5,4,5,NA,NA,NA,NA,NA,NA,NA,NA,NA,NA
15000015,15001014,1501,5,5,NA,M,4,4,5,6,7,NA,NA,NA,NA,6,6,6,5,6,5,6,6,6,NA,NA,NA,NA,NA,NA,NA,NA,NA,NA
15000015,15001015,1501,5,5,NA,M,4,4,5,6,7,NA,NA,NA,NA,4,5,4,6,6,5,6,5,5,NA,NA,NA,NA,NA,NA,NA,NA,NA,NA
15000021,15001021,1502,4,5,17.33333333,M,6,5,6,7,7,NA,NA,NA,NA,5,5,5,6,5,5,6,5,6,NA,NA,NA,NA,NA,NA,NA,NA,NA,NA
15000021,15001022,1502,4,5,17.33333333,M,6,5,6,7,7,NA,NA,NA,NA,4,5,5,5,6,4,5,5,6,NA,NA,NA,NA,NA,NA,NA,NA,NA,NA
15000021,15001023,1502,4,5,17.33333333,M,6,5,6,7,7,NA,NA,NA,NA,5,5,5,5,5,5,7,5,6,NA,NA,NA,NA,NA,NA,NA,NA,NA,NA
15000021,15001024,1502,4,5,17.33333333,M,6,5,6,7,7,NA,NA,NA,NA,5,5,6,5,6,5,5,7,7,NA,NA,NA,NA,NA,NA,NA,NA,NA,NA
15000021,15001025,1502,4,5,17.33333333,M,6,5,6,7,7,NA,NA,NA,NA,6,6,7,6,6,7,7,7,6,NA,NA,NA,NA,NA,NA,NA,NA,NA,NA
15000022,15001021,1502,4,5,23,M,5,5,6,5,5,NA,NA,NA,NA,4,4,5,5,6,5,5,5,4,NA,NA,NA,NA,NA,NA,NA,NA,NA,NA
15000022,15001022,1502,4,5,23,M,5,5,6,5,5,NA,NA,NA,NA,4,4,4,5,6,4,4,5,4,NA,NA,NA,NA,NA,NA,NA,NA,NA,NA
15000022,15001023,1502,4,5,23,M,5,5,6,5,5,NA,NA,NA,NA,4,5,5,5,6,5,5,4,4,NA,NA,NA,NA,NA,NA,NA,NA,NA,NA
15000022,15001024,1502,4,5,23,M,5,5,6,5,5,NA,NA,NA,NA,6,6,6,6,7,5,4,7,5,NA,NA,NA,NA,NA,NA,NA,NA,NA,NA
15000022,15001025,1502,4,5,23,M,5,5,6,5,5,NA,NA,NA,NA,6,5,6,5,4,5,4,5,5,NA,NA,NA,NA,NA,NA,NA,NA,NA,NA
15000024,15001021,1502,4,5,17.83333333,M,5,4,6,3,6,NA,NA,NA,NA,2,2,3,5,2,4,5,3,2,NA,NA,NA,NA,NA,NA,NA,NA,NA,NA
15000024,15001022,1502,4,5,17.83333333,M,5,4,6,3,6,NA,NA,NA,NA,2,4,3,4,6,5,4,2,2,NA,NA,NA,NA,NA,NA,NA,NA,NA,NA
15000024,15001023,1502,4,5,17.83333333,M,5,4,6,3,6,NA,NA,NA,NA,5,4,4,5,5,5,6,5,6,NA,NA,NA,NA,NA,NA,NA,NA,NA,NA
15000024,15001024,1502,4,5,17.83333333,M,5,4,6,3,6,NA,NA,NA,NA,5,5,4,5,5,4,3,4,5,NA,NA,NA,NA,NA,NA,NA,NA,NA,NA
15000024,15001025,1502,4,5,17.83333333,M,5,4,6,3,6,NA,NA,NA,NA,3,3,3,4,5,5,5,2,2,NA,NA,NA,NA,NA,NA,NA,NA,NA,NA
15000025,15001021,1502,4,5,17.83333333,M,6,5,7,3,6,NA,NA,NA,NA,3,5,4,6,6,5,5,5,5,NA,NA,NA,NA,NA,NA,NA,NA,NA,NA
15000025,15001022,1502,4,5,17.83333333,M,6,5,7,3,6,NA,NA,NA,NA,6,6,5,5,5,5,3,5,5,NA,NA,NA,NA,NA,NA,NA,NA,NA,NA
15000025,15001023,1502,4,5,17.83333333,M,6,5,7,3,6,NA,NA,NA,NA,5,6,5,6,6,6,5,6,5,NA,NA,NA,NA,NA,NA,NA,NA,NA,NA
15000025,15001024,1502,4,5,17.83333333,M,6,5,7,3,6,NA,NA,NA,NA,6,6,6,5,6,6,5,7,5,NA,NA,NA,NA,NA,NA,NA,NA,NA,NA
15000025,15001025,1502,4,5,17.83333333,M,6,5,7,3,6,NA,NA,NA,NA,4,5,5,6,6,6,6,5,5,NA,NA,NA,NA,NA,NA,NA,NA,NA,NA
15000031,15001031,1503,5,4,22.16666667,M,6,6,7,5,6,NA,NA,NA,NA,3,3,4,4,4,5,4,3,4,NA,NA,NA,NA,NA,NA,NA,NA,NA,NA
15000031,15001032,1503,5,4,22.16666667,M,6,6,7,5,6,NA,NA,NA,NA,4,4,4,4,4,6,4,5,4,NA,NA,NA,NA,NA,NA,NA,NA,NA,NA
15000031,15001033,1503,5,4,22.16666667,M,6,6,7,5,6,NA,NA,NA,NA,4,5,5,5,6,5,5,4,4,NA,NA,NA,NA,NA,NA,NA,NA,NA,NA
15000031,15001034,1503,5,4,22.16666667,M,6,6,7,5,6,NA,NA,NA,NA,4,4,5,6,6,6,4,6,4,NA,NA,NA,NA,NA,NA,NA,NA,NA,NA
15000032,15001031,1503,5,4,20.5,M,5,5,6,6,5,NA,NA,NA,NA,3,3,4,5,4,5,5,3,4,NA,NA,NA,NA,NA,NA,NA,NA,NA,NA
15000032,15001032,1503,5,4,20.5,M,5,5,6,6,5,NA,NA,NA,NA,3,4,4,5,3,4,5,2,2,NA,NA,NA,NA,NA,NA,NA,NA,NA,NA
15000032,15001033,1503,5,4,20.5,M,5,5,6,6,5,NA,NA,NA,NA,4,5,5,7,6,4,6,4,5,NA,NA,NA,NA,NA,NA,NA,NA,NA,NA
15000032,15001034,1503,5,4,20.5,M,5,5,6,6,5,NA,NA,NA,NA,6,6,6,6,5,4,7,6,5,NA,NA,NA,NA,NA,NA,NA,NA,NA,NA
15000033,15001031,1503,5,4,17.58333333,M,6,6,7,6,6,NA,NA,NA,NA,3,2,3,6,3,6,5,2,6,NA,NA,NA,NA,NA,NA,NA,NA,NA,NA
15000033,15001032,1503,5,4,17.58333333,M,6,6,7,6,6,NA,NA,NA,NA,3,4,3,6,3,6,6,4,3,NA,NA,NA,NA,NA,NA,NA,NA,NA,NA
15000033,15001033,1503,5,4,17.58333333,M,6,6,7,6,6,NA,NA,NA,NA,6,6,6,6,6,5,6,5,4,NA,NA,NA,NA,NA,NA,NA,NA,NA,NA
15000033,15001034,1503,5,4,17.58333333,M,6,6,7,6,6,NA,NA,NA,NA,4,4,5,6,7,6,6,5,3,NA,NA,NA,NA,NA,NA,NA,NA,NA,NA
15000034,15001031,1503,5,4,18.33333333,M,5,4,6,5,6,NA,NA,NA,NA,5,4,5,6,5,5,6,6,7,NA,NA,NA,NA,NA,NA,NA,NA,NA,NA
15000034,15001032,1503,5,4,18.33333333,M,5,4,6,5,6,NA,NA,NA,NA,5,5,4,6,3,5,5,4,4,NA,NA,NA,NA,NA,NA,NA,NA,NA,NA
15000034,15001033,1503,5,4,18.33333333,M,5,4,6,5,6,NA,NA,NA,NA,7,7,6,7,7,7,7,7,7,NA,NA,NA,NA,NA,NA,NA,NA,NA,NA
15000034,15001034,1503,5,4,18.33333333,M,5,4,6,5,6,NA,NA,NA,NA,6,6,6,6,6,6,6,6,5,NA,NA,NA,NA,NA,NA,NA,NA,NA,NA
15000035,15001031,1503,5,4,21.41666667,M,5,4,6,5,5,NA,NA,NA,NA,4,4,5,5,5,4,5,4,4,NA,NA,NA,NA,NA,NA,NA,NA,NA,NA
15000035,15001032,1503,5,4,21.41666667,M,5,4,6,5,5,NA,NA,NA,NA,5,4,5,4,5,4,4,4,4,NA,NA,NA,NA,NA,NA,NA,NA,NA,NA
15000035,15001033,1503,5,4,21.41666667,M,5,4,6,5,5,NA,NA,NA,NA,6,5,5,5,5,4,4,5,5,NA,NA,NA,NA,NA,NA,NA,NA,NA,NA
15000035,15001034,1503,5,4,21.41666667,M,5,4,6,5,5,NA,NA,NA,NA,5,4,6,5,6,6,4,6,5,NA,NA,NA,NA,NA,NA,NA,NA,NA,NA
15000041,15001041,1504,5,4,18.08333333,M,6,6,7,6,6,NA,NA,NA,NA,4,5,5,4,5,4,4,5,4,NA,NA,NA,NA,NA,NA,NA,NA,NA,NA
15000041,15001042,1504,5,4,18.08333333,M,6,6,7,6,6,NA,NA,NA,NA,4,4,4,6,6,6,6,5,4,NA,NA,NA,NA,NA,NA,NA,NA,NA,NA
15000041,15001043,1504,5,4,18.08333333,M,6,6,7,6,6,NA,NA,NA,NA,4,5,5,5,6,5,5,5,4,NA,NA,NA,NA,NA,NA,NA,NA,NA,NA
15000041,15001044,1504,5,4,18.08333333,M,6,6,7,6,6,NA,NA,NA,NA,5,5,5,6,6,5,5,5,4,NA,NA,NA,NA,NA,NA,NA,NA,NA,NA
15000042,15001041,1504,5,4,18.91666667,M,6,6,7,3,5,NA,NA,NA,NA,3,2,3,4,4,5,4,3,4,NA,NA,NA,NA,NA,NA,NA,NA,NA,NA
15000042,15001042,1504,5,4,18.91666667,M,6,6,7,3,5,NA,NA,NA,NA,5,4,5,7,6,6,6,4,3,NA,NA,NA,NA,NA,NA,NA,NA,NA,NA
15000042,15001043,1504,5,4,18.91666667,M,6,6,7,3,5,NA,NA,NA,NA,5,6,6,5,7,6,5,5,4,NA,NA,NA,NA,NA,NA,NA,NA,NA,NA
15000042,15001044,1504,5,4,18.91666667,M,6,6,7,3,5,NA,NA,NA,NA,5,4,5,6,5,6,4,4,4,NA,NA,NA,NA,NA,NA,NA,NA,NA,NA
15000043,15001041,1504,5,4,17.91666667,M,6,6,7,4,7,NA,NA,NA,NA,3,3,3,5,3,5,4,2,3,NA,NA,NA,NA,NA,NA,NA,NA,NA,NA
15000043,15001042,1504,5,4,17.91666667,M,6,6,7,4,7,NA,NA,NA,NA,6,6,6,6,6,6,6,6,4,NA,NA,NA,NA,NA,NA,NA,NA,NA,NA
15000043,15001043,1504,5,4,17.91666667,M,6,6,7,4,7,NA,NA,NA,NA,4,5,5,5,6,6,5,5,5,NA,NA,NA,NA,NA,NA,NA,NA,NA,NA
15000043,15001044,1504,5,4,17.91666667,M,6,6,7,4,7,NA,NA,NA,NA,5,5,6,6,6,6,4,6,4,NA,NA,NA,NA,NA,NA,NA,NA,NA,NA
15000044,15001041,1504,5,4,20,M,4,5,7,4,5,NA,NA,NA,NA,5,4,4,4,4,4,4,5,4,NA,NA,NA,NA,NA,NA,NA,NA,NA,NA
15000044,15001042,1504,5,4,20,M,4,5,7,4,5,NA,NA,NA,NA,4,4,5,3,3,4,5,4,4,NA,NA,NA,NA,NA,NA,NA,NA,NA,NA
15000044,15001043,1504,5,4,20,M,4,5,7,4,5,NA,NA,NA,NA,4,4,6,3,4,4,5,5,4,NA,NA,NA,NA,NA,NA,NA,NA,NA,NA
15000044,15001044,1504,5,4,20,M,4,5,7,4,5,NA,NA,NA,NA,6,5,6,2,2,5,5,6,6,NA,NA,NA,NA,NA,NA,NA,NA,NA,NA
15000045,15001041,1504,5,4,23.66666667,M,5,5,7,4,6,NA,NA,NA,NA,3,4,3,3,1,3,5,2,3,NA,NA,NA,NA,NA,NA,NA,NA,NA,NA
15000045,15001042,1504,5,4,23.66666667,M,5,5,7,4,6,NA,NA,NA,NA,5,6,6,6,4,5,5,5,4,NA,NA,NA,NA,NA,NA,NA,NA,NA,NA
15000045,15001043,1504,5,4,23.66666667,M,5,5,7,4,6,NA,NA,NA,NA,4,6,6,5,6,5,4,5,4,NA,NA,NA,NA,NA,NA,NA,NA,NA,NA
15000045,15001044,1504,5,4,23.66666667,M,5,5,7,4,6,NA,NA,NA,NA,6,6,6,5,5,5,4,4,4,NA,NA,NA,NA,NA,NA,NA,NA,NA,NA
15000051,15001051,1505,5,4,17.66666667,M,6,6,6,5,5,NA,NA,NA,NA,3,4,4,7,6,6,5,6,6,NA,NA,NA,NA,NA,NA,NA,NA,NA,NA
15000051,15001052,1505,5,4,17.66666667,M,6,6,6,5,5,NA,NA,NA,NA,5,6,5,7,7,6,6,5,5,NA,NA,NA,NA,NA,NA,NA,NA,NA,NA
15000051,15001053,1505,5,4,17.66666667,M,6,6,6,5,5,NA,NA,NA,NA,5,6,6,6,7,5,4,6,7,NA,NA,NA,NA,NA,NA,NA,NA,NA,NA
15000051,15001054,1505,5,4,17.66666667,M,6,6,6,5,5,NA,NA,NA,NA,5,6,6,6,7,3,5,6,7,NA,NA,NA,NA,NA,NA,NA,NA,NA,NA
15000052,15001051,1505,5,4,19.91666667,M,4,4,7,4,3,NA,NA,NA,NA,3,4,4,4,5,5,6,7,5,NA,NA,NA,NA,NA,NA,NA,NA,NA,NA
15000052,15001052,1505,5,4,19.91666667,M,4,4,7,4,3,NA,NA,NA,NA,5,4,5,3,4,5,5,3,4,NA,NA,NA,NA,NA,NA,NA,NA,NA,NA
15000052,15001053,1505,5,4,19.91666667,M,4,4,7,4,3,NA,NA,NA,NA,3,4,4,6,4,5,4,5,6,NA,NA,NA,NA,NA,NA,NA,NA,NA,NA
15000052,15001054,1505,5,4,19.91666667,M,4,4,7,4,3,NA,NA,NA,NA,3,4,4,6,7,5,3,5,5,NA,NA,NA,NA,NA,NA,NA,NA,NA,NA
15000053,15001051,1505,5,4,17.83333333,M,5,5,6,6,6,NA,NA,NA,NA,4,5,5,5,6,6,5,5,5,NA,NA,NA,NA,NA,NA,NA,NA,NA,NA
15000053,15001052,1505,5,4,17.83333333,M,5,5,6,6,6,NA,NA,NA,NA,5,5,5,5,5,5,5,5,5,NA,NA,NA,NA,NA,NA,NA,NA,NA,NA
15000053,15001053,1505,5,4,17.83333333,M,5,5,6,6,6,NA,NA,NA,NA,6,6,6,6,6,6,6,6,6,NA,NA,NA,NA,NA,NA,NA,NA,NA,NA
15000053,15001054,1505,5,4,17.83333333,M,5,5,6,6,6,NA,NA,NA,NA,4,5,5,6,5,5,5,5,5,NA,NA,NA,NA,NA,NA,NA,NA,NA,NA
15000054,15001051,1505,5,4,18.33333333,M,6,6,6,6,7,NA,NA,NA,NA,3,4,4,4,3,6,5,5,4,NA,NA,NA,NA,NA,NA,NA,NA,NA,NA
15000054,15001052,1505,5,4,18.33333333,M,6,6,6,6,7,NA,NA,NA,NA,5,5,5,6,6,6,3,4,6,NA,NA,NA,NA,NA,NA,NA,NA,NA,NA
15000054,15001053,1505,5,4,18.33333333,M,6,6,6,6,7,NA,NA,NA,NA,6,5,6,4,6,6,4,4,5,NA,NA,NA,NA,NA,NA,NA,NA,NA,NA
15000054,15001054,1505,5,4,18.33333333,M,6,6,6,6,7,NA,NA,NA,NA,5,4,5,6,6,6,6,6,4,NA,NA,NA,NA,NA,NA,NA,NA,NA,NA
15000055,15001051,1505,5,4,21.66666667,M,6,5,5,5,5,NA,NA,NA,NA,3,2,3,4,2,3,4,2,3,NA,NA,NA,NA,NA,NA,NA,NA,NA,NA
15000055,15001052,1505,5,4,21.66666667,M,6,5,5,5,5,NA,NA,NA,NA,4,4,4,4,5,4,4,3,4,NA,NA,NA,NA,NA,NA,NA,NA,NA,NA
15000055,15001053,1505,5,4,21.66666667,M,6,5,5,5,5,NA,NA,NA,NA,5,4,4,5,5,3,4,3,3,NA,NA,NA,NA,NA,NA,NA,NA,NA,NA
15000055,15001054,1505,5,4,21.66666667,M,6,5,5,5,5,NA,NA,NA,NA,4,5,5,3,4,4,5,3,3,NA,NA,NA,NA,NA,NA,NA,NA,NA,NA
15000061,15001061,1506,4,5,20.91666667,M,6,4,6,3,7,NA,NA,NA,NA,2,4,4,6,6,4,5,5,4,NA,NA,NA,NA,NA,NA,NA,NA,NA,NA
15000061,15001062,1506,4,5,20.91666667,M,6,4,6,3,7,NA,NA,NA,NA,2,3,3,3,4,5,4,3,5,NA,NA,NA,NA,NA,NA,NA,NA,NA,NA
15000061,15001063,1506,4,5,20.91666667,M,6,4,6,3,7,NA,NA,NA,NA,4,5,4,4,5,5,3,4,5,NA,NA,NA,NA,NA,NA,NA,NA,NA,NA
15000061,15001064,1506,4,5,20.91666667,M,6,4,6,3,7,NA,NA,NA,NA,5,5,5,5,4,5,4,6,5,NA,NA,NA,NA,NA,NA,NA,NA,NA,NA
15000061,15001065,1506,4,5,20.91666667,M,6,4,6,3,7,NA,NA,NA,NA,4,5,4,6,5,5,5,5,4,NA,NA,NA,NA,NA,NA,NA,NA,NA,NA
15000062,15001061,1506,4,5,17.83333333,M,5,4,6,4,4,NA,NA,NA,NA,2,2,4,4,6,5,4,6,4,NA,NA,NA,NA,NA,NA,NA,NA,NA,NA
15000062,15001062,1506,4,5,17.83333333,M,5,4,6,4,4,NA,NA,NA,NA,1,1,4,5,5,5,3,4,5,NA,NA,NA,NA,NA,NA,NA,NA,NA,NA
15000062,15001063,1506,4,5,17.83333333,M,5,4,6,4,4,NA,NA,NA,NA,1,1,4,6,6,4,5,5,3,NA,NA,NA,NA,NA,NA,NA,NA,NA,NA
15000062,15001064,1506,4,5,17.83333333,M,5,4,6,4,4,NA,NA,NA,NA,4,4,5,6,5,4,6,2,2,NA,NA,NA,NA,NA,NA,NA,NA,NA,NA
15000062,15001065,1506,4,5,17.83333333,M,5,4,6,4,4,NA,NA,NA,NA,3,4,4,6,5,5,6,5,3,NA,NA,NA,NA,NA,NA,NA,NA,NA,NA
15000063,15001061,1506,4,5,23.83333333,M,6,7,6,5,7,NA,NA,NA,NA,5,6,5,6,6,5,7,6,3,NA,NA,NA,NA,NA,NA,NA,NA,NA,NA
15000063,15001062,1506,4,5,23.83333333,M,6,7,6,5,7,NA,NA,NA,NA,4,4,5,5,3,5,5,6,7,NA,NA,NA,NA,NA,NA,NA,NA,NA,NA
15000063,15001063,1506,4,5,23.83333333,M,6,7,6,5,7,NA,NA,NA,NA,5,5,6,7,5,7,7,6,5,NA,NA,NA,NA,NA,NA,NA,NA,NA,NA
15000063,15001064,1506,4,5,23.83333333,M,6,7,6,5,7,NA,NA,NA,NA,5,6,6,7,7,6,6,5,7,NA,NA,NA,NA,NA,NA,NA,NA,NA,NA
15000063,15001065,1506,4,5,23.83333333,M,6,7,6,5,7,NA,NA,NA,NA,5,6,6,7,6,6,7,5,5,NA,NA,NA,NA,NA,NA,NA,NA,NA,NA
15000064,15001061,1506,4,5,21.25,M,5,4,6,6,6,NA,NA,NA,NA,5,5,5,4,5,4,5,5,4,NA,NA,NA,NA,NA,NA,NA,NA,NA,NA
15000064,15001062,1506,4,5,21.25,M,5,4,6,6,6,NA,NA,NA,NA,2,2,2,2,4,3,2,1,2,NA,NA,NA,NA,NA,NA,NA,NA,NA,NA
15000064,15001063,1506,4,5,21.25,M,5,4,6,6,6,NA,NA,NA,NA,3,3,5,4,5,5,5,6,3,NA,NA,NA,NA,NA,NA,NA,NA,NA,NA
15000064,15001064,1506,4,5,21.25,M,5,4,6,6,6,NA,NA,NA,NA,6,6,6,6,6,6,6,3,3,NA,NA,NA,NA,NA,NA,NA,NA,NA,NA
15000064,15001065,1506,4,5,21.25,M,5,4,6,6,6,NA,NA,NA,NA,4,5,5,6,5,6,6,5,4,NA,NA,NA,NA,NA,NA,NA,NA,NA,NA
15000071,15001071,1507,3,4,17.83333333,M,5,5,6,6,6,NA,NA,NA,NA,5,5,5,6,6,6,5,5,6,NA,NA,NA,NA,NA,NA,NA,NA,NA,NA
15000071,15001072,1507,3,4,17.83333333,M,5,5,6,6,6,NA,NA,NA,NA,6,6,6,6,6,6,5,6,5,NA,NA,NA,NA,NA,NA,NA,NA,NA,NA
15000071,15001073,1507,3,4,17.83333333,M,5,5,6,6,6,NA,NA,NA,NA,5,5,5,6,6,6,5,5,5,NA,NA,NA,NA,NA,NA,NA,NA,NA,NA
15000071,15001074,1507,3,4,17.83333333,M,5,5,6,6,6,NA,NA,NA,NA,6,6,6,6,6,5,6,5,5,NA,NA,NA,NA,NA,NA,NA,NA,NA,NA
15000072,15001071,1507,3,4,23.75,M,5,6,6,5,5,NA,NA,NA,NA,5,4,5,5,5,5,4,4,5,NA,NA,NA,NA,NA,NA,NA,NA,NA,NA
15000072,15001072,1507,3,4,23.75,M,5,6,6,5,5,NA,NA,NA,NA,6,6,6,6,6,6,4,6,6,NA,NA,NA,NA,NA,NA,NA,NA,NA,NA
15000072,15001073,1507,3,4,23.75,M,5,6,6,5,5,NA,NA,NA,NA,5,4,5,5,5,5,4,5,5,NA,NA,NA,NA,NA,NA,NA,NA,NA,NA
15000072,15001074,1507,3,4,23.75,M,5,6,6,5,5,NA,NA,NA,NA,5,6,6,6,6,6,4,6,6,NA,NA,NA,NA,NA,NA,NA,NA,NA,NA
15000073,15001071,1507,3,4,20,M,7,7,7,4,4,NA,NA,NA,NA,6,6,5,5,5,4,4,4,4,NA,NA,NA,NA,NA,NA,NA,NA,NA,NA
15000073,15001072,1507,3,4,20,M,7,7,7,4,4,NA,NA,NA,NA,6,6,5,5,5,5,4,5,5,NA,NA,NA,NA,NA,NA,NA,NA,NA,NA
15000073,15001073,1507,3,4,20,M,7,7,7,4,4,NA,NA,NA,NA,3,4,4,4,4,4,4,7,4,NA,NA,NA,NA,NA,NA,NA,NA,NA,NA
15000073,15001074,1507,3,4,20,M,7,7,7,4,4,NA,NA,NA,NA,4,4,5,5,5,4,4,4,4,NA,NA,NA,NA,NA,NA,NA,NA,NA,NA
15000081,15001081,1508,4,5,18,M,6,6,7,4,6,NA,NA,NA,NA,5,5,5,5,4,5,4,4,4,NA,NA,NA,NA,NA,NA,NA,NA,NA,NA
15000081,15001082,1508,4,5,18,M,6,6,7,4,6,NA,NA,NA,NA,5,5,5,5,5,5,4,3,3,NA,NA,NA,NA,NA,NA,NA,NA,NA,NA
15000081,15001083,1508,4,5,18,M,6,6,7,4,6,NA,NA,NA,NA,3,4,4,5,4,4,4,4,4,NA,NA,NA,NA,NA,NA,NA,NA,NA,NA
15000081,15001084,1508,4,5,18,M,6,6,7,4,6,NA,NA,NA,NA,4,4,3,2,2,4,2,2,2,NA,NA,NA,NA,NA,NA,NA,NA,NA,NA
15000081,15001085,1508,4,5,18,M,6,6,7,4,6,NA,NA,NA,NA,3,2,3,5,5,4,4,4,4,NA,NA,NA,NA,NA,NA,NA,NA,NA,NA
15000082,15001081,1508,4,5,21.91666667,M,5,3,5,5,5,NA,NA,NA,NA,5,5,5,5,5,4,4,3,3,NA,NA,NA,NA,NA,NA,NA,NA,NA,NA
15000082,15001082,1508,4,5,21.91666667,M,5,3,5,5,5,NA,NA,NA,NA,4,5,4,3,4,4,4,3,4,NA,NA,NA,NA,NA,NA,NA,NA,NA,NA
15000082,15001083,1508,4,5,21.91666667,M,5,3,5,5,5,NA,NA,NA,NA,2,3,3,3,4,3,3,2,2,NA,NA,NA,NA,NA,NA,NA,NA,NA,NA
15000082,15001084,1508,4,5,21.91666667,M,5,3,5,5,5,NA,NA,NA,NA,2,2,2,3,3,2,2,2,2,NA,NA,NA,NA,NA,NA,NA,NA,NA,NA
15000082,15001085,1508,4,5,21.91666667,M,5,3,5,5,5,NA,NA,NA,NA,2,2,2,4,5,2,2,2,2,NA,NA,NA,NA,NA,NA,NA,NA,NA,NA
15000083,15001081,1508,4,5,22.5,M,4,4,6,2,4,NA,NA,NA,NA,6,5,5,5,5,5,4,4,5,NA,NA,NA,NA,NA,NA,NA,NA,NA,NA
15000083,15001082,1508,4,5,22.5,M,4,4,6,2,4,NA,NA,NA,NA,6,6,6,5,5,6,4,5,4,NA,NA,NA,NA,NA,NA,NA,NA,NA,NA
15000083,15001083,1508,4,5,22.5,M,4,4,6,2,4,NA,NA,NA,NA,4,4,3,4,4,4,4,4,3,NA,NA,NA,NA,NA,NA,NA,NA,NA,NA
15000083,15001084,1508,4,5,22.5,M,4,4,6,2,4,NA,NA,NA,NA,3,4,3,4,3,4,4,4,4,NA,NA,NA,NA,NA,NA,NA,NA,NA,NA
15000083,15001085,1508,4,5,22.5,M,4,4,6,2,4,NA,NA,NA,NA,3,4,3,4,4,5,4,4,4,NA,NA,NA,NA,NA,NA,NA,NA,NA,NA
15000084,15001081,1508,4,5,17.75,M,6,6,6,4,6,NA,NA,NA,NA,6,5,5,5,5,6,4,5,5,NA,NA,NA,NA,NA,NA,NA,NA,NA,NA
15000084,15001082,1508,4,5,17.75,M,6,6,6,4,6,NA,NA,NA,NA,3,5,4,3,3,4,2,4,3,NA,NA,NA,NA,NA,NA,NA,NA,NA,NA
15000084,15001083,1508,4,5,17.75,M,6,6,6,4,6,NA,NA,NA,NA,4,4,4,4,3,4,5,4,3,NA,NA,NA,NA,NA,NA,NA,NA,NA,NA
15000084,15001084,1508,4,5,17.75,M,6,6,6,4,6,NA,NA,NA,NA,2,2,3,4,3,5,2,2,2,NA,NA,NA,NA,NA,NA,NA,NA,NA,NA
15000084,15001085,1508,4,5,17.75,M,6,6,6,4,6,NA,NA,NA,NA,2,3,3,6,4,3,5,4,3,NA,NA,NA,NA,NA,NA,NA,NA,NA,NA
15000091,15001091,1509,3,5,18.16666667,M,6,6,7,5,7,NA,NA,NA,NA,3,3,4,7,7,7,7,7,7,NA,NA,NA,NA,NA,NA,NA,NA,NA,NA
15000091,15001092,1509,3,5,18.16666667,M,6,6,7,5,7,NA,NA,NA,NA,3,2,2,6,7,7,4,4,5,NA,NA,NA,NA,NA,NA,NA,NA,NA,NA
15000091,15001093,1509,3,5,18.16666667,M,6,6,7,5,7,NA,NA,NA,NA,1,2,2,7,6,6,6,6,6,NA,NA,NA,NA,NA,NA,NA,NA,NA,NA
15000091,15001094,1509,3,5,18.16666667,M,6,6,7,5,7,NA,NA,NA,NA,4,4,4,7,6,7,6,6,6,NA,NA,NA,NA,NA,NA,NA,NA,NA,NA
15000091,15001095,1509,3,5,18.16666667,M,6,6,7,5,7,NA,NA,NA,NA,6,6,6,7,6,7,7,7,7,NA,NA,NA,NA,NA,NA,NA,NA,NA,NA
15000092,15001091,1509,3,5,20.83333333,M,6,5,7,7,7,NA,NA,NA,NA,5,5,5,6,6,5,6,5,6,NA,NA,NA,NA,NA,NA,NA,NA,NA,NA
15000092,15001092,1509,3,5,20.83333333,M,6,5,7,7,7,NA,NA,NA,NA,4,3,4,6,4,5,4,4,5,NA,NA,NA,NA,NA,NA,NA,NA,NA,NA
15000092,15001093,1509,3,5,20.83333333,M,6,5,7,7,7,NA,NA,NA,NA,4,6,5,6,6,4,6,6,6,NA,NA,NA,NA,NA,NA,NA,NA,NA,NA
15000092,15001094,1509,3,5,20.83333333,M,6,5,7,7,7,NA,NA,NA,NA,6,6,5,6,5,4,7,4,4,NA,NA,NA,NA,NA,NA,NA,NA,NA,NA
15000092,15001095,1509,3,5,20.83333333,M,6,5,7,7,7,NA,NA,NA,NA,6,6,6,5,6,4,4,4,4,NA,NA,NA,NA,NA,NA,NA,NA,NA,NA
15000093,15001091,1509,3,5,17.41666667,M,4,3,6,6,5,NA,NA,NA,NA,5,5,6,6,6,6,4,6,6,NA,NA,NA,NA,NA,NA,NA,NA,NA,NA
15000093,15001092,1509,3,5,17.41666667,M,4,3,6,6,5,NA,NA,NA,NA,5,5,6,6,6,4,5,6,5,NA,NA,NA,NA,NA,NA,NA,NA,NA,NA
15000093,15001093,1509,3,5,17.41666667,M,4,3,6,6,5,NA,NA,NA,NA,4,4,5,5,5,4,4,4,4,NA,NA,NA,NA,NA,NA,NA,NA,NA,NA
15000093,15001094,1509,3,5,17.41666667,M,4,3,6,6,5,NA,NA,NA,NA,4,5,6,6,6,5,5,4,4,NA,NA,NA,NA,NA,NA,NA,NA,NA,NA
15000093,15001095,1509,3,5,17.41666667,M,4,3,6,6,5,NA,NA,NA,NA,4,5,6,6,6,4,4,5,5,NA,NA,NA,NA,NA,NA,NA,NA,NA,NA
15000101,15001101,1510,4,5,18.16666667,M,6,6,6,7,4,NA,NA,NA,NA,4,4,4,4,5,5,3,5,4,NA,NA,NA,NA,NA,NA,NA,NA,NA,NA
15000101,15001102,1510,4,5,18.16666667,M,6,6,6,7,4,NA,NA,NA,NA,6,7,6,6,7,5,5,5,5,NA,NA,NA,NA,NA,NA,NA,NA,NA,NA
15000101,15001103,1510,4,5,18.16666667,M,6,6,6,7,4,NA,NA,NA,NA,6,6,5,5,5,5,6,5,6,NA,NA,NA,NA,NA,NA,NA,NA,NA,NA
15000101,15001104,1510,4,5,18.16666667,M,6,6,6,7,4,NA,NA,NA,NA,4,4,5,6,6,5,5,5,5,NA,NA,NA,NA,NA,NA,NA,NA,NA,NA
15000101,15001105,1510,4,5,18.16666667,M,6,6,6,7,4,NA,NA,NA,NA,4,4,4,5,6,6,5,6,6,NA,NA,NA,NA,NA,NA,NA,NA,NA,NA
15000102,15001101,1510,4,5,18.75,M,5,5,6,6,6,NA,NA,NA,NA,6,6,5,5,6,6,6,6,5,NA,NA,NA,NA,NA,NA,NA,NA,NA,NA
15000102,15001102,1510,4,5,18.75,M,5,5,6,6,6,NA,NA,NA,NA,4,6,5,6,6,6,6,6,6,NA,NA,NA,NA,NA,NA,NA,NA,NA,NA
15000102,15001103,1510,4,5,18.75,M,5,5,6,6,6,NA,NA,NA,NA,6,5,5,6,5,6,5,6,5,NA,NA,NA,NA,NA,NA,NA,NA,NA,NA
15000102,15001104,1510,4,5,18.75,M,5,5,6,6,6,NA,NA,NA,NA,6,6,6,7,6,7,7,6,6,NA,NA,NA,NA,NA,NA,NA,NA,NA,NA
15000102,15001105,1510,4,5,18.75,M,5,5,6,6,6,NA,NA,NA,NA,5,4,5,7,5,6,6,6,5,NA,NA,NA,NA,NA,NA,NA,NA,NA,NA
15000103,15001101,1510,4,5,17.5,M,5,5,6,4,6,NA,NA,NA,NA,4,4,4,6,5,4,6,4,5,NA,NA,NA,NA,NA,NA,NA,NA,NA,NA
15000103,15001102,1510,4,5,17.5,M,5,5,6,4,6,NA,NA,NA,NA,4,5,5,6,6,4,5,5,4,NA,NA,NA,NA,NA,NA,NA,NA,NA,NA
15000103,15001103,1510,4,5,17.5,M,5,5,6,4,6,NA,NA,NA,NA,6,6,6,6,6,5,6,6,5,NA,NA,NA,NA,NA,NA,NA,NA,NA,NA
15000103,15001104,1510,4,5,17.5,M,5,5,6,4,6,NA,NA,NA,NA,4,4,5,6,6,5,4,4,5,NA,NA,NA,NA,NA,NA,NA,NA,NA,NA
15000103,15001105,1510,4,5,17.5,M,5,5,6,4,6,NA,NA,NA,NA,4,4,5,4,5,6,5,6,6,NA,NA,NA,NA,NA,NA,NA,NA,NA,NA
15000104,15001101,1510,4,5,23.08333333,M,6,5,5,4,6,NA,NA,NA,NA,4,5,4,5,5,5,5,4,5,NA,NA,NA,NA,NA,NA,NA,NA,NA,NA
15000104,15001102,1510,4,5,23.08333333,M,6,5,5,4,6,NA,NA,NA,NA,5,6,5,6,5,5,6,5,5,NA,NA,NA,NA,NA,NA,NA,NA,NA,NA
15000104,15001103,1510,4,5,23.08333333,M,6,5,5,4,6,NA,NA,NA,NA,5,6,5,6,5,6,6,4,5,NA,NA,NA,NA,NA,NA,NA,NA,NA,NA
15000104,15001104,1510,4,5,23.08333333,M,6,5,5,4,6,NA,NA,NA,NA,4,6,5,5,6,6,5,5,5,NA,NA,NA,NA,NA,NA,NA,NA,NA,NA
15000104,15001105,1510,4,5,23.08333333,M,6,5,5,4,6,NA,NA,NA,NA,6,6,6,5,6,6,6,6,6,NA,NA,NA,NA,NA,NA,NA,NA,NA,NA
15000111,15001111,1511,3,4,17.91666667,M,6,5,7,5,5,NA,NA,NA,NA,3,4,5,6,6,5,6,4,5,NA,NA,NA,NA,NA,NA,NA,NA,NA,NA
15000111,15001112,1511,3,4,17.91666667,M,6,5,7,5,5,NA,NA,NA,NA,5,5,5,6,5,6,5,5,7,NA,NA,NA,NA,NA,NA,NA,NA,NA,NA
15000111,15001113,1511,3,4,17.91666667,M,6,5,7,5,5,NA,NA,NA,NA,5,5,6,6,6,5,5,5,5,NA,NA,NA,NA,NA,NA,NA,NA,NA,NA
15000111,15001114,1511,3,4,17.91666667,M,6,5,7,5,5,NA,NA,NA,NA,4,5,4,5,6,7,4,3,4,NA,NA,NA,NA,NA,NA,NA,NA,NA,NA
15000112,15001111,1511,3,4,20.83333333,M,6,6,6,5,6,NA,NA,NA,NA,5,5,5,6,4,5,6,4,4,NA,NA,NA,NA,NA,NA,NA,NA,NA,NA
15000112,15001112,1511,3,4,20.83333333,M,6,6,6,5,6,NA,NA,NA,NA,2,3,3,5,5,5,5,4,4,NA,NA,NA,NA,NA,NA,NA,NA,NA,NA
15000112,15001113,1511,3,4,20.83333333,M,6,6,6,5,6,NA,NA,NA,NA,4,4,4,5,5,5,6,5,4,NA,NA,NA,NA,NA,NA,NA,NA,NA,NA
15000112,15001114,1511,3,4,20.83333333,M,6,6,6,5,6,NA,NA,NA,NA,5,4,5,6,5,5,6,6,4,NA,NA,NA,NA,NA,NA,NA,NA,NA,NA
15000113,15001111,1511,3,4,17.83333333,M,6,6,7,4,6,NA,NA,NA,NA,3,3,3,6,6,5,6,5,4,NA,NA,NA,NA,NA,NA,NA,NA,NA,NA
15000113,15001112,1511,3,4,17.83333333,M,6,6,7,4,6,NA,NA,NA,NA,3,4,4,6,6,5,6,5,4,NA,NA,NA,NA,NA,NA,NA,NA,NA,NA
15000113,15001113,1511,3,4,17.83333333,M,6,6,7,4,6,NA,NA,NA,NA,4,5,4,5,6,5,5,5,4,NA,NA,NA,NA,NA,NA,NA,NA,NA,NA
15000113,15001114,1511,3,4,17.83333333,M,6,6,7,4,6,NA,NA,NA,NA,3,4,4,5,6,5,6,5,5,NA,NA,NA,NA,NA,NA,NA,NA,NA,NA
15000121,15001121,1512,3,3,17.91666667,M,5,5,6,5,6,NA,NA,NA,NA,5,5,5,6,5,5,5,6,4,NA,NA,NA,NA,NA,NA,NA,NA,NA,NA
15000121,15001122,1512,3,3,17.91666667,M,5,5,6,5,6,NA,NA,NA,NA,5,5,5,5,5,5,3,4,3,NA,NA,NA,NA,NA,NA,NA,NA,NA,NA
15000121,15001123,1512,3,3,17.91666667,M,5,5,6,5,6,NA,NA,NA,NA,5,5,6,5,5,5,4,5,4,NA,NA,NA,NA,NA,NA,NA,NA,NA,NA
15000122,15001121,1512,3,3,27.16666667,M,5,5,7,5,5,NA,NA,NA,NA,6,6,6,4,5,5,6,3,4,NA,NA,NA,NA,NA,NA,NA,NA,NA,NA
15000122,15001122,1512,3,3,27.16666667,M,5,5,7,5,5,NA,NA,NA,NA,5,5,7,6,6,5,4,4,5,NA,NA,NA,NA,NA,NA,NA,NA,NA,NA
15000122,15001123,1512,3,3,27.16666667,M,5,5,7,5,5,NA,NA,NA,NA,6,6,7,5,5,4,5,2,3,NA,NA,NA,NA,NA,NA,NA,NA,NA,NA
15000123,15001121,1512,3,3,23.41666667,M,6,5,6,1,6,NA,NA,NA,NA,4,4,5,7,6,6,4,5,4,NA,NA,NA,NA,NA,NA,NA,NA,NA,NA
15000123,15001122,1512,3,3,23.41666667,M,6,5,6,1,6,NA,NA,NA,NA,4,4,5,6,7,6,4,5,4,NA,NA,NA,NA,NA,NA,NA,NA,NA,NA
15000123,15001123,1512,3,3,23.41666667,M,6,5,6,1,6,NA,NA,NA,NA,5,6,6,7,7,6,4,5,4,NA,NA,NA,NA,NA,NA,NA,NA,NA,NA
15000131,15001131,1513,4,5,19.66666667,M,6,5,7,3,5,NA,NA,NA,NA,3,3,4,5,6,6,3,6,6,NA,NA,NA,NA,NA,NA,NA,NA,NA,NA
15000131,15001132,1513,4,5,19.66666667,M,6,5,7,3,5,NA,NA,NA,NA,4,3,4,6,6,5,5,5,5,NA,NA,NA,NA,NA,NA,NA,NA,NA,NA
15000131,15001133,1513,4,5,19.66666667,M,6,5,7,3,5,NA,NA,NA,NA,3,2,4,4,4,6,3,6,6,NA,NA,NA,NA,NA,NA,NA,NA,NA,NA
15000131,15001134,1513,4,5,19.66666667,M,6,5,7,3,5,NA,NA,NA,NA,3,2,4,7,7,7,4,6,7,NA,NA,NA,NA,NA,NA,NA,NA,NA,NA
15000131,15001135,1513,4,5,19.66666667,M,6,5,7,3,5,NA,NA,NA,NA,2,2,4,6,6,6,3,7,7,NA,NA,NA,NA,NA,NA,NA,NA,NA,NA
15000132,15001131,1513,4,5,26,M,6,6,6,4,4,NA,NA,NA,NA,5,5,5,5,5,4,5,4,4,NA,NA,NA,NA,NA,NA,NA,NA,NA,NA
15000132,15001132,1513,4,5,26,M,6,6,6,4,4,NA,NA,NA,NA,6,6,6,6,6,5,5,6,5,NA,NA,NA,NA,NA,NA,NA,NA,NA,NA
15000132,15001133,1513,4,5,26,M,6,6,6,4,4,NA,NA,NA,NA,5,5,4,4,3,4,5,4,4,NA,NA,NA,NA,NA,NA,NA,NA,NA,NA
15000132,15001134,1513,4,5,26,M,6,6,6,4,4,NA,NA,NA,NA,4,3,3,5,5,4,5,4,4,NA,NA,NA,NA,NA,NA,NA,NA,NA,NA
15000132,15001135,1513,4,5,26,M,6,6,6,4,4,NA,NA,NA,NA,4,3,4,5,6,5,4,5,5,NA,NA,NA,NA,NA,NA,NA,NA,NA,NA
15000133,15001131,1513,4,5,19.5,M,5,6,6,5,6,NA,NA,NA,NA,6,6,6,5,6,5,6,5,5,NA,NA,NA,NA,NA,NA,NA,NA,NA,NA
15000133,15001132,1513,4,5,19.5,M,5,6,6,5,6,NA,NA,NA,NA,3,3,2,5,5,3,5,3,2,NA,NA,NA,NA,NA,NA,NA,NA,NA,NA
15000133,15001133,1513,4,5,19.5,M,5,6,6,5,6,NA,NA,NA,NA,2,2,2,5,4,5,5,2,2,NA,NA,NA,NA,NA,NA,NA,NA,NA,NA
15000133,15001134,1513,4,5,19.5,M,5,6,6,5,6,NA,NA,NA,NA,2,2,3,6,6,6,6,3,3,NA,NA,NA,NA,NA,NA,NA,NA,NA,NA
15000133,15001135,1513,4,5,19.5,M,5,6,6,5,6,NA,NA,NA,NA,3,2,3,6,6,6,6,4,3,NA,NA,NA,NA,NA,NA,NA,NA,NA,NA
15000134,15001131,1513,4,5,18,M,6,5,7,7,7,NA,NA,NA,NA,5,4,5,5,6,5,6,5,5,NA,NA,NA,NA,NA,NA,NA,NA,NA,NA
15000134,15001132,1513,4,5,18,M,6,5,7,7,7,NA,NA,NA,NA,5,5,5,5,5,5,5,4,6,NA,NA,NA,NA,NA,NA,NA,NA,NA,NA
15000134,15001133,1513,4,5,18,M,6,5,7,7,7,NA,NA,NA,NA,3,3,5,5,4,5,4,5,5,NA,NA,NA,NA,NA,NA,NA,NA,NA,NA
15000134,15001134,1513,4,5,18,M,6,5,7,7,7,NA,NA,NA,NA,4,3,2,6,5,3,6,4,5,NA,NA,NA,NA,NA,NA,NA,NA,NA,NA
15000134,15001135,1513,4,5,18,M,6,5,7,7,7,NA,NA,NA,NA,3,3,5,6,7,7,5,4,6,NA,NA,NA,NA,NA,NA,NA,NA,NA,NA
15000141,15001141,1514,5,5,21.08333333,M,6,5,7,4,5,NA,NA,NA,NA,4,4,4,4,4,4,5,1,1,NA,NA,NA,NA,NA,NA,NA,NA,NA,NA
15000141,15001142,1514,5,5,21.08333333,M,6,5,7,4,5,NA,NA,NA,NA,3,3,4,4,5,5,5,1,1,NA,NA,NA,NA,NA,NA,NA,NA,NA,NA
15000141,15001143,1514,5,5,21.08333333,M,6,5,7,4,5,NA,NA,NA,NA,3,3,3,2,1,2,2,2,2,NA,NA,NA,NA,NA,NA,NA,NA,NA,NA
15000141,15001144,1514,5,5,21.08333333,M,6,5,7,4,5,NA,NA,NA,NA,4,4,4,4,5,5,5,1,1,NA,NA,NA,NA,NA,NA,NA,NA,NA,NA
15000141,15001145,1514,5,5,21.08333333,M,6,5,7,4,5,NA,NA,NA,NA,3,3,4,4,5,4,3,1,1,NA,NA,NA,NA,NA,NA,NA,NA,NA,NA
15000142,15001141,1514,5,5,20.25,M,5,6,6,7,7,NA,NA,NA,NA,6,6,7,7,7,5,6,6,6,NA,NA,NA,NA,NA,NA,NA,NA,NA,NA
15000142,15001142,1514,5,5,20.25,M,5,6,6,7,7,NA,NA,NA,NA,7,7,7,7,7,5,6,6,7,NA,NA,NA,NA,NA,NA,NA,NA,NA,NA
15000142,15001143,1514,5,5,20.25,M,5,6,6,7,7,NA,NA,NA,NA,7,6,7,6,4,4,3,6,5,NA,NA,NA,NA,NA,NA,NA,NA,NA,NA
15000142,15001144,1514,5,5,20.25,M,5,6,6,7,7,NA,NA,NA,NA,6,6,6,6,3,7,5,6,6,NA,NA,NA,NA,NA,NA,NA,NA,NA,NA
15000142,15001145,1514,5,5,20.25,M,5,6,6,7,7,NA,NA,NA,NA,6,6,6,6,6,5,5,5,6,NA,NA,NA,NA,NA,NA,NA,NA,NA,NA
15000143,15001141,1514,5,5,17.83333333,M,6,6,7,6,6,NA,NA,NA,NA,6,5,5,7,5,5,5,4,5,NA,NA,NA,NA,NA,NA,NA,NA,NA,NA
15000143,15001142,1514,5,5,17.83333333,M,6,6,7,6,6,NA,NA,NA,NA,6,5,5,5,6,5,4,5,5,NA,NA,NA,NA,NA,NA,NA,NA,NA,NA
15000143,15001143,1514,5,5,17.83333333,M,6,6,7,6,6,NA,NA,NA,NA,4,2,3,4,2,5,3,3,4,NA,NA,NA,NA,NA,NA,NA,NA,NA,NA
15000143,15001144,1514,5,5,17.83333333,M,6,6,7,6,6,NA,NA,NA,NA,6,5,6,6,5,6,5,6,6,NA,NA,NA,NA,NA,NA,NA,NA,NA,NA
15000143,15001145,1514,5,5,17.83333333,M,6,6,7,6,6,NA,NA,NA,NA,5,4,4,5,4,4,3,4,4,NA,NA,NA,NA,NA,NA,NA,NA,NA,NA
15000144,15001141,1514,5,5,17.5,M,5,5,6,7,6,NA,NA,NA,NA,6,6,5,6,6,6,5,4,4,NA,NA,NA,NA,NA,NA,NA,NA,NA,NA
15000144,15001142,1514,5,5,17.5,M,5,5,6,7,6,NA,NA,NA,NA,4,3,4,6,5,6,7,5,5,NA,NA,NA,NA,NA,NA,NA,NA,NA,NA
15000144,15001143,1514,5,5,17.5,M,5,5,6,7,6,NA,NA,NA,NA,4,3,4,6,5,5,6,5,4,NA,NA,NA,NA,NA,NA,NA,NA,NA,NA
15000144,15001144,1514,5,5,17.5,M,5,5,6,7,6,NA,NA,NA,NA,6,7,5,6,6,5,5,4,6,NA,NA,NA,NA,NA,NA,NA,NA,NA,NA
15000144,15001145,1514,5,5,17.5,M,5,5,6,7,6,NA,NA,NA,NA,2,2,2,5,3,4,5,2,3,NA,NA,NA,NA,NA,NA,NA,NA,NA,NA
15000145,15001141,1514,5,5,20.58333333,M,5,4,6,4,6,NA,NA,NA,NA,7,6,6,7,7,6,4,7,7,NA,NA,NA,NA,NA,NA,NA,NA,NA,NA
15000145,15001142,1514,5,5,20.58333333,M,5,4,6,4,6,NA,NA,NA,NA,6,6,6,7,6,3,4,4,6,NA,NA,NA,NA,NA,NA,NA,NA,NA,NA
15000145,15001143,1514,5,5,20.58333333,M,5,4,6,4,6,NA,NA,NA,NA,7,6,6,4,6,6,7,5,5,NA,NA,NA,NA,NA,NA,NA,NA,NA,NA
15000145,15001144,1514,5,5,20.58333333,M,5,4,6,4,6,NA,NA,NA,NA,4,4,4,6,4,6,4,6,6,NA,NA,NA,NA,NA,NA,NA,NA,NA,NA
15000145,15001145,1514,5,5,20.58333333,M,5,4,6,4,6,NA,NA,NA,NA,5,5,5,7,6,4,7,5,6,NA,NA,NA,NA,NA,NA,NA,NA,NA,NA
15000151,15001151,1515,3,5,22.75,M,5,5,6,5,6,NA,NA,NA,NA,5,5,6,6,6,6,6,5,5,NA,NA,NA,NA,NA,NA,NA,NA,NA,NA
15000151,15001152,1515,3,5,22.75,M,5,5,6,5,6,NA,NA,NA,NA,5,5,6,6,5,6,6,5,5,NA,NA,NA,NA,NA,NA,NA,NA,NA,NA
15000151,15001153,1515,3,5,22.75,M,5,5,6,5,6,NA,NA,NA,NA,6,6,6,6,6,6,5,6,6,NA,NA,NA,NA,NA,NA,NA,NA,NA,NA
15000151,15001154,1515,3,5,22.75,M,5,5,6,5,6,NA,NA,NA,NA,5,5,5,6,5,6,7,5,5,NA,NA,NA,NA,NA,NA,NA,NA,NA,NA
15000151,15001155,1515,3,5,22.75,M,5,5,6,5,6,NA,NA,NA,NA,5,5,6,6,6,6,6,5,6,NA,NA,NA,NA,NA,NA,NA,NA,NA,NA
15000152,15001151,1515,3,5,17.91666667,M,6,4,7,6,5,NA,NA,NA,NA,6,5,6,7,6,7,6,4,5,NA,NA,NA,NA,NA,NA,NA,NA,NA,NA
15000152,15001152,1515,3,5,17.91666667,M,6,4,7,6,5,NA,NA,NA,NA,4,5,4,5,3,6,7,3,4,NA,NA,NA,NA,NA,NA,NA,NA,NA,NA
15000152,15001153,1515,3,5,17.91666667,M,6,4,7,6,5,NA,NA,NA,NA,6,6,7,6,7,7,5,6,7,NA,NA,NA,NA,NA,NA,NA,NA,NA,NA
15000152,15001154,1515,3,5,17.91666667,M,6,4,7,6,5,NA,NA,NA,NA,4,5,4,5,5,4,4,3,3,NA,NA,NA,NA,NA,NA,NA,NA,NA,NA
15000152,15001155,1515,3,5,17.91666667,M,6,4,7,6,5,NA,NA,NA,NA,5,5,5,6,5,6,4,3,3,NA,NA,NA,NA,NA,NA,NA,NA,NA,NA
15000153,15001151,1515,3,5,18.41666667,M,6,7,6,5,6,NA,NA,NA,NA,5,3,4,6,5,5,5,5,5,NA,NA,NA,NA,NA,NA,NA,NA,NA,NA
15000153,15001152,1515,3,5,18.41666667,M,6,7,6,5,6,NA,NA,NA,NA,2,1,1,3,2,3,2,2,1,NA,NA,NA,NA,NA,NA,NA,NA,NA,NA
15000153,15001153,1515,3,5,18.41666667,M,6,7,6,5,6,NA,NA,NA,NA,5,3,4,5,6,6,5,5,5,NA,NA,NA,NA,NA,NA,NA,NA,NA,NA
15000153,15001154,1515,3,5,18.41666667,M,6,7,6,5,6,NA,NA,NA,NA,2,4,3,5,6,5,5,5,4,NA,NA,NA,NA,NA,NA,NA,NA,NA,NA
15000153,15001155,1515,3,5,18.41666667,M,6,7,6,5,6,NA,NA,NA,NA,3,3,3,6,5,6,3,5,4,NA,NA,NA,NA,NA,NA,NA,NA,NA,NA
15000161,15001161,1516,5,4,18.33333333,M,6,6,6,5,5,NA,NA,NA,NA,5,5,5,7,6,6,6,6,6,NA,NA,NA,NA,NA,NA,NA,NA,NA,NA
15000161,15001162,1516,5,4,18.33333333,M,6,6,6,5,5,NA,NA,NA,NA,6,6,6,6,6,6,6,6,5,NA,NA,NA,NA,NA,NA,NA,NA,NA,NA
15000161,15001163,1516,5,4,18.33333333,M,6,6,6,5,5,NA,NA,NA,NA,7,7,6,6,6,6,5,5,5,NA,NA,NA,NA,NA,NA,NA,NA,NA,NA
15000161,15001164,1516,5,4,18.33333333,M,6,6,6,5,5,NA,NA,NA,NA,7,7,7,7,7,6,7,7,6,NA,NA,NA,NA,NA,NA,NA,NA,NA,NA
15000162,15001161,1516,5,4,19.16666667,M,5,5,6,2,6,NA,NA,NA,NA,4,5,5,6,5,6,5,4,4,NA,NA,NA,NA,NA,NA,NA,NA,NA,NA
15000162,15001162,1516,5,4,19.16666667,M,5,5,6,2,6,NA,NA,NA,NA,6,6,6,6,6,5,5,5,4,NA,NA,NA,NA,NA,NA,NA,NA,NA,NA
15000162,15001163,1516,5,4,19.16666667,M,5,5,6,2,6,NA,NA,NA,NA,5,6,5,5,6,5,4,5,4,NA,NA,NA,NA,NA,NA,NA,NA,NA,NA
15000162,15001164,1516,5,4,19.16666667,M,5,5,6,2,6,NA,NA,NA,NA,4,5,5,5,5,5,4,5,4,NA,NA,NA,NA,NA,NA,NA,NA,NA,NA
15000163,15001161,1516,5,4,18.08333333,M,5,5,7,6,6,NA,NA,NA,NA,2,2,4,5,6,5,4,3,2,NA,NA,NA,NA,NA,NA,NA,NA,NA,NA
15000163,15001162,1516,5,4,18.08333333,M,5,5,7,6,6,NA,NA,NA,NA,2,3,5,5,5,5,5,6,6,NA,NA,NA,NA,NA,NA,NA,NA,NA,NA
15000163,15001163,1516,5,4,18.08333333,M,5,5,7,6,6,NA,NA,NA,NA,5,5,6,5,6,5,6,7,7,NA,NA,NA,NA,NA,NA,NA,NA,NA,NA
15000163,15001164,1516,5,4,18.08333333,M,5,5,7,6,6,NA,NA,NA,NA,4,3,5,6,7,6,6,6,6,NA,NA,NA,NA,NA,NA,NA,NA,NA,NA
15000164,15001161,1516,5,4,29.25,M,6,6,6,5,6,NA,NA,NA,NA,2,4,4,7,7,6,4,6,5,NA,NA,NA,NA,NA,NA,NA,NA,NA,NA
15000164,15001162,1516,5,4,29.25,M,6,6,6,5,6,NA,NA,NA,NA,5,6,6,6,6,6,4,6,5,NA,NA,NA,NA,NA,NA,NA,NA,NA,NA
15000164,15001163,1516,5,4,29.25,M,6,6,6,5,6,NA,NA,NA,NA,4,5,4,6,6,3,4,5,5,NA,NA,NA,NA,NA,NA,NA,NA,NA,NA
15000164,15001164,1516,5,4,29.25,M,6,6,6,5,6,NA,NA,NA,NA,5,4,5,6,5,5,4,6,5,NA,NA,NA,NA,NA,NA,NA,NA,NA,NA
15000165,15001161,1516,5,4,18.66666667,M,6,5,4,2,6,NA,NA,NA,NA,3,3,4,5,5,5,3,4,4,NA,NA,NA,NA,NA,NA,NA,NA,NA,NA
15000165,15001162,1516,5,4,18.66666667,M,6,5,4,2,6,NA,NA,NA,NA,4,5,5,5,6,4,4,4,3,NA,NA,NA,NA,NA,NA,NA,NA,NA,NA
15000165,15001163,1516,5,4,18.66666667,M,6,5,4,2,6,NA,NA,NA,NA,5,6,5,4,5,4,4,5,4,NA,NA,NA,NA,NA,NA,NA,NA,NA,NA
15000165,15001164,1516,5,4,18.66666667,M,6,5,4,2,6,NA,NA,NA,NA,3,3,4,4,4,4,4,3,3,NA,NA,NA,NA,NA,NA,NA,NA,NA,NA
15000171,15001171,1517,4,4,17.83333333,M,7,6,7,6,7,NA,NA,NA,NA,6,6,5,7,7,7,6,6,6,NA,NA,NA,NA,NA,NA,NA,NA,NA,NA
15000171,15001172,1517,4,4,17.83333333,M,7,6,7,6,7,NA,NA,NA,NA,5,5,4,6,3,4,5,6,5,NA,NA,NA,NA,NA,NA,NA,NA,NA,NA
15000171,15001173,1517,4,4,17.83333333,M,7,6,7,6,7,NA,NA,NA,NA,6,6,6,7,7,7,7,5,4,NA,NA,NA,NA,NA,NA,NA,NA,NA,NA
15000171,15001174,1517,4,4,17.83333333,M,7,6,7,6,7,NA,NA,NA,NA,7,7,7,7,7,7,5,7,7,NA,NA,NA,NA,NA,NA,NA,NA,NA,NA
15000172,15001171,1517,4,4,18.5,M,5,5,7,7,6,NA,NA,NA,NA,4,4,6,6,6,5,6,6,6,NA,NA,NA,NA,NA,NA,NA,NA,NA,NA
15000172,15001172,1517,4,4,18.5,M,5,5,7,7,6,NA,NA,NA,NA,2,2,2,4,2,4,5,2,2,NA,NA,NA,NA,NA,NA,NA,NA,NA,NA
15000172,15001173,1517,4,4,18.5,M,5,5,7,7,6,NA,NA,NA,NA,4,5,5,6,6,6,5,4,4,NA,NA,NA,NA,NA,NA,NA,NA,NA,NA
15000172,15001174,1517,4,4,18.5,M,5,5,7,7,6,NA,NA,NA,NA,6,6,6,6,6,6,5,4,4,NA,NA,NA,NA,NA,NA,NA,NA,NA,NA
15000173,15001171,1517,4,4,19.83333333,M,5,6,7,5,6,NA,NA,NA,NA,3,3,4,5,4,5,4,3,4,NA,NA,NA,NA,NA,NA,NA,NA,NA,NA
15000173,15001172,1517,4,4,19.83333333,M,5,6,7,5,6,NA,NA,NA,NA,2,1,2,2,1,4,5,2,1,NA,NA,NA,NA,NA,NA,NA,NA,NA,NA
15000173,15001173,1517,4,4,19.83333333,M,5,6,7,5,6,NA,NA,NA,NA,5,6,5,7,5,6,6,6,4,NA,NA,NA,NA,NA,NA,NA,NA,NA,NA
15000173,15001174,1517,4,4,19.83333333,M,5,6,7,5,6,NA,NA,NA,NA,6,6,6,4,4,4,3,4,4,NA,NA,NA,NA,NA,NA,NA,NA,NA,NA
15000174,15001171,1517,4,4,17.75,M,5,4,6,6,7,NA,NA,NA,NA,5,5,6,7,7,7,4,6,5,NA,NA,NA,NA,NA,NA,NA,NA,NA,NA
15000174,15001172,1517,4,4,17.75,M,5,4,6,6,7,NA,NA,NA,NA,5,4,5,6,3,5,5,4,4,NA,NA,NA,NA,NA,NA,NA,NA,NA,NA
15000174,15001173,1517,4,4,17.75,M,5,4,6,6,7,NA,NA,NA,NA,6,5,6,7,7,6,7,5,5,NA,NA,NA,NA,NA,NA,NA,NA,NA,NA
15000174,15001174,1517,4,4,17.75,M,5,4,6,6,7,NA,NA,NA,NA,6,6,6,6,6,6,5,6,4,NA,NA,NA,NA,NA,NA,NA,NA,NA,NA
15000181,15001181,1518,5,4,19.41666667,M,5,5,6,5,5,NA,NA,NA,NA,5,5,5,5,4,4,5,5,4,NA,NA,NA,NA,NA,NA,NA,NA,NA,NA
15000181,15001182,1518,5,4,19.41666667,M,5,5,6,5,5,NA,NA,NA,NA,4,6,5,6,6,5,5,6,5,NA,NA,NA,NA,NA,NA,NA,NA,NA,NA
15000181,15001183,1518,5,4,19.41666667,M,5,5,6,5,5,NA,NA,NA,NA,4,4,4,6,5,5,4,3,2,NA,NA,NA,NA,NA,NA,NA,NA,NA,NA
15000181,15001184,1518,5,4,19.41666667,M,5,5,6,5,5,NA,NA,NA,NA,4,4,5,5,5,5,5,6,6,NA,NA,NA,NA,NA,NA,NA,NA,NA,NA
15000182,15001181,1518,5,4,19.08333333,M,6,6,5,5,5,NA,NA,NA,NA,5,3,4,4,3,5,6,5,3,NA,NA,NA,NA,NA,NA,NA,NA,NA,NA
15000182,15001182,1518,5,4,19.08333333,M,6,6,5,5,5,NA,NA,NA,NA,6,4,5,5,6,6,5,4,4,NA,NA,NA,NA,NA,NA,NA,NA,NA,NA
15000182,15001183,1518,5,4,19.08333333,M,6,6,5,5,5,NA,NA,NA,NA,6,5,6,6,6,5,6,6,4,NA,NA,NA,NA,NA,NA,NA,NA,NA,NA
15000182,15001184,1518,5,4,19.08333333,M,6,6,5,5,5,NA,NA,NA,NA,5,5,5,6,6,6,5,6,5,NA,NA,NA,NA,NA,NA,NA,NA,NA,NA
15000183,15001181,1518,5,4,19.41666667,M,6,5,6,6,6,NA,NA,NA,NA,3,4,3,5,4,4,6,4,5,NA,NA,NA,NA,NA,NA,NA,NA,NA,NA
15000183,15001182,1518,5,4,19.41666667,M,6,5,6,6,6,NA,NA,NA,NA,4,5,6,5,4,3,4,5,6,NA,NA,NA,NA,NA,NA,NA,NA,NA,NA
15000183,15001183,1518,5,4,19.41666667,M,6,5,6,6,6,NA,NA,NA,NA,5,6,6,6,6,5,6,5,6,NA,NA,NA,NA,NA,NA,NA,NA,NA,NA
15000183,15001184,1518,5,4,19.41666667,M,6,5,6,6,6,NA,NA,NA,NA,4,5,5,5,3,6,3,5,5,NA,NA,NA,NA,NA,NA,NA,NA,NA,NA
15000184,15001181,1518,5,4,17.83333333,M,6,5,6,5,6,NA,NA,NA,NA,3,3,3,5,3,5,2,2,2,NA,NA,NA,NA,NA,NA,NA,NA,NA,NA
15000184,15001182,1518,5,4,17.83333333,M,6,5,6,5,6,NA,NA,NA,NA,4,4,4,4,4,4,3,4,3,NA,NA,NA,NA,NA,NA,NA,NA,NA,NA
15000184,15001183,1518,5,4,17.83333333,M,6,5,6,5,6,NA,NA,NA,NA,3,5,4,4,3,6,2,2,2,NA,NA,NA,NA,NA,NA,NA,NA,NA,NA
15000184,15001184,1518,5,4,17.83333333,M,6,5,6,5,6,NA,NA,NA,NA,3,3,4,6,4,5,4,3,3,NA,NA,NA,NA,NA,NA,NA,NA,NA,NA
15000185,15001181,1518,5,4,19.75,M,5,5,6,4,6,NA,NA,NA,NA,6,5,5,6,5,6,4,5,4,NA,NA,NA,NA,NA,NA,NA,NA,NA,NA
15000185,15001182,1518,5,4,19.75,M,5,5,6,4,6,NA,NA,NA,NA,6,4,5,6,5,4,6,5,5,NA,NA,NA,NA,NA,NA,NA,NA,NA,NA
15000185,15001183,1518,5,4,19.75,M,5,5,6,4,6,NA,NA,NA,NA,5,4,5,5,4,6,4,3,4,NA,NA,NA,NA,NA,NA,NA,NA,NA,NA
15000185,15001184,1518,5,4,19.75,M,5,5,6,4,6,NA,NA,NA,NA,3,3,3,6,4,5,5,4,3,NA,NA,NA,NA,NA,NA,NA,NA,NA,NA
15000191,15001191,1519,5,5,22.75,M,7,4,7,7,7,NA,NA,NA,NA,5,6,5,6,6,5,5,5,5,NA,NA,NA,NA,NA,NA,NA,NA,NA,NA
15000191,15001192,1519,5,5,22.75,M,7,4,7,7,7,NA,NA,NA,NA,4,2,4,4,4,7,5,4,5,NA,NA,NA,NA,NA,NA,NA,NA,NA,NA
15000191,15001193,1519,5,5,22.75,M,7,4,7,7,7,NA,NA,NA,NA,4,5,2,4,5,2,4,3,3,NA,NA,NA,NA,NA,NA,NA,NA,NA,NA
15000191,15001194,1519,5,5,22.75,M,7,4,7,7,7,NA,NA,NA,NA,5,6,6,6,6,4,6,6,5,NA,NA,NA,NA,NA,NA,NA,NA,NA,NA
15000191,15001195,1519,5,5,22.75,M,7,4,7,7,7,NA,NA,NA,NA,4,5,3,4,3,5,6,4,4,NA,NA,NA,NA,NA,NA,NA,NA,NA,NA
15000192,15001191,1519,5,5,24.08333333,M,6,6,7,5,5,NA,NA,NA,NA,4,3,6,7,7,7,6,7,6,NA,NA,NA,NA,NA,NA,NA,NA,NA,NA
15000192,15001192,1519,5,5,24.08333333,M,6,6,7,5,5,NA,NA,NA,NA,3,2,3,7,7,6,6,5,5,NA,NA,NA,NA,NA,NA,NA,NA,NA,NA
15000192,15001193,1519,5,5,24.08333333,M,6,6,7,5,5,NA,NA,NA,NA,4,3,4,6,6,5,5,6,5,NA,NA,NA,NA,NA,NA,NA,NA,NA,NA
15000192,15001194,1519,5,5,24.08333333,M,6,6,7,5,5,NA,NA,NA,NA,3,4,5,7,7,6,6,6,5,NA,NA,NA,NA,NA,NA,NA,NA,NA,NA
15000192,15001195,1519,5,5,24.08333333,M,6,6,7,5,5,NA,NA,NA,NA,3,2,4,6,5,5,4,5,4,NA,NA,NA,NA,NA,NA,NA,NA,NA,NA
15000193,15001191,1519,5,5,19.25,M,5,5,6,6,7,NA,NA,NA,NA,6,5,6,6,6,6,6,6,5,NA,NA,NA,NA,NA,NA,NA,NA,NA,NA
15000193,15001192,1519,5,5,19.25,M,5,5,6,6,7,NA,NA,NA,NA,4,3,4,5,5,6,5,5,5,NA,NA,NA,NA,NA,NA,NA,NA,NA,NA
15000193,15001193,1519,5,5,19.25,M,5,5,6,6,7,NA,NA,NA,NA,5,5,5,6,5,5,4,5,5,NA,NA,NA,NA,NA,NA,NA,NA,NA,NA
15000193,15001194,1519,5,5,19.25,M,5,5,6,6,7,NA,NA,NA,NA,6,5,5,6,6,5,6,5,5,NA,NA,NA,NA,NA,NA,NA,NA,NA,NA
15000193,15001195,1519,5,5,19.25,M,5,5,6,6,7,NA,NA,NA,NA,3,5,4,4,3,4,4,4,4,NA,NA,NA,NA,NA,NA,NA,NA,NA,NA
15000194,15001191,1519,5,5,22.25,M,4,5,7,6,6,NA,NA,NA,NA,5,5,5,6,6,6,5,6,6,NA,NA,NA,NA,NA,NA,NA,NA,NA,NA
15000194,15001192,1519,5,5,22.25,M,4,5,7,6,6,NA,NA,NA,NA,5,4,5,5,6,6,7,7,6,NA,NA,NA,NA,NA,NA,NA,NA,NA,NA
15000194,15001193,1519,5,5,22.25,M,4,5,7,6,6,NA,NA,NA,NA,5,6,5,5,5,6,5,6,5,NA,NA,NA,NA,NA,NA,NA,NA,NA,NA
15000194,15001194,1519,5,5,22.25,M,4,5,7,6,6,NA,NA,NA,NA,6,5,5,6,5,5,7,6,5,NA,NA,NA,NA,NA,NA,NA,NA,NA,NA
15000194,15001195,1519,5,5,22.25,M,4,5,7,6,6,NA,NA,NA,NA,5,5,5,5,4,6,6,6,5,NA,NA,NA,NA,NA,NA,NA,NA,NA,NA
15000195,15001191,1519,5,5,17.66666667,M,6,5,7,5,5,NA,NA,NA,NA,4,5,5,5,6,7,7,6,5,NA,NA,NA,NA,NA,NA,NA,NA,NA,NA
15000195,15001192,1519,5,5,17.66666667,M,6,5,7,5,5,NA,NA,NA,NA,6,3,5,7,6,5,7,7,4,NA,NA,NA,NA,NA,NA,NA,NA,NA,NA
15000195,15001193,1519,5,5,17.66666667,M,6,5,7,5,5,NA,NA,NA,NA,5,5,4,5,3,6,5,3,2,NA,NA,NA,NA,NA,NA,NA,NA,NA,NA
15000195,15001194,1519,5,5,17.66666667,M,6,5,7,5,5,NA,NA,NA,NA,6,6,5,7,7,5,7,3,4,NA,NA,NA,NA,NA,NA,NA,NA,NA,NA
15000195,15001195,1519,5,5,17.66666667,M,6,5,7,5,5,NA,NA,NA,NA,3,4,3,5,3,6,4,3,2,NA,NA,NA,NA,NA,NA,NA,NA,NA,NA
15000201,15001201,1520,5,4,18.66666667,M,6,6,7,6,4,NA,NA,NA,NA,2,3,3,5,4,3,4,3,6,NA,NA,NA,NA,NA,NA,NA,NA,NA,NA
15000201,15001202,1520,5,4,18.66666667,M,6,6,7,6,4,NA,NA,NA,NA,3,3,3,6,6,5,6,4,4,NA,NA,NA,NA,NA,NA,NA,NA,NA,NA
15000201,15001203,1520,5,4,18.66666667,M,6,6,7,6,4,NA,NA,NA,NA,3,6,4,6,7,5,6,4,4,NA,NA,NA,NA,NA,NA,NA,NA,NA,NA
15000201,15001204,1520,5,4,18.66666667,M,6,6,7,6,4,NA,NA,NA,NA,6,6,6,7,6,7,5,6,7,NA,NA,NA,NA,NA,NA,NA,NA,NA,NA
15000202,15001201,1520,5,4,18.75,M,5,6,6,6,6,NA,NA,NA,NA,5,5,5,6,5,4,5,4,6,NA,NA,NA,NA,NA,NA,NA,NA,NA,NA
15000202,15001202,1520,5,4,18.75,M,5,6,6,6,6,NA,NA,NA,NA,5,7,6,6,6,7,5,5,6,NA,NA,NA,NA,NA,NA,NA,NA,NA,NA
15000202,15001203,1520,5,4,18.75,M,5,6,6,6,6,NA,NA,NA,NA,6,7,6,5,6,6,5,6,6,NA,NA,NA,NA,NA,NA,NA,NA,NA,NA
15000202,15001204,1520,5,4,18.75,M,5,6,6,6,6,NA,NA,NA,NA,5,6,5,4,5,6,5,5,6,NA,NA,NA,NA,NA,NA,NA,NA,NA,NA
15000203,15001201,1520,5,4,17.91666667,M,5,6,5,5,6,NA,NA,NA,NA,4,3,4,5,4,6,5,4,4,NA,NA,NA,NA,NA,NA,NA,NA,NA,NA
15000203,15001202,1520,5,4,17.91666667,M,5,6,5,5,6,NA,NA,NA,NA,5,5,5,6,4,5,5,5,4,NA,NA,NA,NA,NA,NA,NA,NA,NA,NA
15000203,15001203,1520,5,4,17.91666667,M,5,6,5,5,6,NA,NA,NA,NA,5,6,5,6,6,5,4,5,5,NA,NA,NA,NA,NA,NA,NA,NA,NA,NA
15000203,15001204,1520,5,4,17.91666667,M,5,6,5,5,6,NA,NA,NA,NA,4,5,5,3,5,5,3,5,4,NA,NA,NA,NA,NA,NA,NA,NA,NA,NA
15000204,15001201,1520,5,4,20.66666667,M,6,5,6,6,6,NA,NA,NA,NA,5,4,5,6,6,4,6,5,6,NA,NA,NA,NA,NA,NA,NA,NA,NA,NA
15000204,15001202,1520,5,4,20.66666667,M,6,5,6,6,6,NA,NA,NA,NA,5,6,6,6,6,6,6,5,5,NA,NA,NA,NA,NA,NA,NA,NA,NA,NA
15000204,15001203,1520,5,4,20.66666667,M,6,5,6,6,6,NA,NA,NA,NA,6,5,6,5,6,6,6,6,4,NA,NA,NA,NA,NA,NA,NA,NA,NA,NA
15000204,15001204,1520,5,4,20.66666667,M,6,5,6,6,6,NA,NA,NA,NA,5,6,5,4,6,6,5,6,6,NA,NA,NA,NA,NA,NA,NA,NA,NA,NA
15000205,15001201,1520,5,4,17.66666667,M,5,5,5,7,5,NA,NA,NA,NA,5,5,5,7,6,5,4,5,4,NA,NA,NA,NA,NA,NA,NA,NA,NA,NA
15000205,15001202,1520,5,4,17.66666667,M,5,5,5,7,5,NA,NA,NA,NA,5,6,5,7,6,6,5,5,4,NA,NA,NA,NA,NA,NA,NA,NA,NA,NA
15000205,15001203,1520,5,4,17.66666667,M,5,5,5,7,5,NA,NA,NA,NA,5,5,5,5,5,5,5,4,4,NA,NA,NA,NA,NA,NA,NA,NA,NA,NA
15000205,15001204,1520,5,4,17.66666667,M,5,5,5,7,5,NA,NA,NA,NA,5,6,6,5,6,6,5,5,4,NA,NA,NA,NA,NA,NA,NA,NA,NA,NA
15000211,15001211,1521,5,2,17.66666667,M,6,5,4,5,6,NA,NA,NA,NA,4,4,4,6,6,5,5,6,5,NA,NA,NA,NA,NA,NA,NA,NA,NA,NA
15000211,15001212,1521,5,2,17.66666667,M,6,5,4,5,6,NA,NA,NA,NA,7,6,6,6,6,5,4,5,6,NA,NA,NA,NA,NA,NA,NA,NA,NA,NA
15000212,15001211,1521,5,2,17.66666667,M,7,7,6,6,6,NA,NA,NA,NA,5,5,4,5,4,5,4,5,5,NA,NA,NA,NA,NA,NA,NA,NA,NA,NA
15000212,15001212,1521,5,2,17.66666667,M,7,7,6,6,6,NA,NA,NA,NA,5,6,6,5,4,5,4,5,5,NA,NA,NA,NA,NA,NA,NA,NA,NA,NA
15000213,15001211,1521,5,2,19.5,M,7,7,7,6,7,NA,NA,NA,NA,4,4,3,4,3,5,2,3,4,NA,NA,NA,NA,NA,NA,NA,NA,NA,NA
15000213,15001212,1521,5,2,19.5,M,7,7,7,6,7,NA,NA,NA,NA,6,5,6,4,5,4,4,4,4,NA,NA,NA,NA,NA,NA,NA,NA,NA,NA
15000214,15001211,1521,5,2,18.16666667,M,5,4,6,6,6,NA,NA,NA,NA,5,6,6,5,4,5,5,5,5,NA,NA,NA,NA,NA,NA,NA,NA,NA,NA
15000214,15001212,1521,5,2,18.16666667,M,5,4,6,6,6,NA,NA,NA,NA,5,6,6,4,4,5,4,5,5,NA,NA,NA,NA,NA,NA,NA,NA,NA,NA
15000215,15001211,1521,5,2,19.16666667,M,6,5,6,4,7,NA,NA,NA,NA,4,5,4,5,6,6,4,5,6,NA,NA,NA,NA,NA,NA,NA,NA,NA,NA
15000215,15001212,1521,5,2,19.16666667,M,6,5,6,4,7,NA,NA,NA,NA,4,5,4,4,5,6,3,4,5,NA,NA,NA,NA,NA,NA,NA,NA,NA,NA
15000221,15001221,1522,5,5,17.58333333,M,5,4,6,7,6,NA,NA,NA,NA,4,6,4,6,7,4,4,5,4,NA,NA,NA,NA,NA,NA,NA,NA,NA,NA
15000221,15001222,1522,5,5,17.58333333,M,5,4,6,7,6,NA,NA,NA,NA,6,6,6,6,7,5,5,4,3,NA,NA,NA,NA,NA,NA,NA,NA,NA,NA
15000221,15001223,1522,5,5,17.58333333,M,5,4,6,7,6,NA,NA,NA,NA,7,7,7,7,5,6,6,7,6,NA,NA,NA,NA,NA,NA,NA,NA,NA,NA
15000221,15001224,1522,5,5,17.58333333,M,5,4,6,7,6,NA,NA,NA,NA,2,3,2,4,2,6,4,2,2,NA,NA,NA,NA,NA,NA,NA,NA,NA,NA
15000221,15001225,1522,5,5,17.58333333,M,5,4,6,7,6,NA,NA,NA,NA,3,5,4,6,6,6,4,6,5,NA,NA,NA,NA,NA,NA,NA,NA,NA,NA
15000222,15001221,1522,5,5,19.5,M,6,6,7,3,3,NA,NA,NA,NA,5,6,6,6,6,6,6,5,5,NA,NA,NA,NA,NA,NA,NA,NA,NA,NA
15000222,15001222,1522,5,5,19.5,M,6,6,7,3,3,NA,NA,NA,NA,5,4,5,5,6,5,5,3,1,NA,NA,NA,NA,NA,NA,NA,NA,NA,NA
15000222,15001223,1522,5,5,19.5,M,6,6,7,3,3,NA,NA,NA,NA,4,3,5,5,6,6,4,6,6,NA,NA,NA,NA,NA,NA,NA,NA,NA,NA
15000222,15001224,1522,5,5,19.5,M,6,6,7,3,3,NA,NA,NA,NA,3,5,4,6,4,5,5,3,3,NA,NA,NA,NA,NA,NA,NA,NA,NA,NA
15000222,15001225,1522,5,5,19.5,M,6,6,7,3,3,NA,NA,NA,NA,2,2,4,6,6,6,4,4,4,NA,NA,NA,NA,NA,NA,NA,NA,NA,NA
15000223,15001221,1522,5,5,19.25,M,5,5,7,7,7,NA,NA,NA,NA,4,4,4,4,4,4,5,5,5,NA,NA,NA,NA,NA,NA,NA,NA,NA,NA
15000223,15001222,1522,5,5,19.25,M,5,5,7,7,7,NA,NA,NA,NA,5,5,5,6,6,5,5,5,5,NA,NA,NA,NA,NA,NA,NA,NA,NA,NA
15000223,15001223,1522,5,5,19.25,M,5,5,7,7,7,NA,NA,NA,NA,3,5,5,5,5,5,5,5,5,NA,NA,NA,NA,NA,NA,NA,NA,NA,NA
15000223,15001224,1522,5,5,19.25,M,5,5,7,7,7,NA,NA,NA,NA,3,3,3,4,3,5,5,4,4,NA,NA,NA,NA,NA,NA,NA,NA,NA,NA
15000223,15001225,1522,5,5,19.25,M,5,5,7,7,7,NA,NA,NA,NA,3,5,5,5,5,5,5,5,5,NA,NA,NA,NA,NA,NA,NA,NA,NA,NA
15000224,15001221,1522,5,5,NA,M,4,5,6,7,7,NA,NA,NA,NA,7,6,6,5,4,5,5,3,4,NA,NA,NA,NA,NA,NA,NA,NA,NA,NA
15000224,15001222,1522,5,5,NA,M,4,5,6,7,7,NA,NA,NA,NA,5,4,5,4,5,4,6,5,4,NA,NA,NA,NA,NA,NA,NA,NA,NA,NA
15000224,15001223,1522,5,5,NA,M,4,5,6,7,7,NA,NA,NA,NA,5,5,6,6,6,6,6,4,4,NA,NA,NA,NA,NA,NA,NA,NA,NA,NA
15000224,15001224,1522,5,5,NA,M,4,5,6,7,7,NA,NA,NA,NA,4,4,4,5,4,4,6,4,4,NA,NA,NA,NA,NA,NA,NA,NA,NA,NA
15000224,15001225,1522,5,5,NA,M,4,5,6,7,7,NA,NA,NA,NA,7,7,7,4,4,5,4,5,5,NA,NA,NA,NA,NA,NA,NA,NA,NA,NA
15000225,15001221,1522,5,5,23.41666667,M,5,5,7,4,7,NA,NA,NA,NA,4,4,4,4,4,4,6,4,4,NA,NA,NA,NA,NA,NA,NA,NA,NA,NA
15000225,15001222,1522,5,5,23.41666667,M,5,5,7,4,7,NA,NA,NA,NA,5,5,5,5,5,3,3,4,4,NA,NA,NA,NA,NA,NA,NA,NA,NA,NA
15000225,15001223,1522,5,5,23.41666667,M,5,5,7,4,7,NA,NA,NA,NA,4,5,5,5,5,5,5,5,5,NA,NA,NA,NA,NA,NA,NA,NA,NA,NA
15000225,15001224,1522,5,5,23.41666667,M,5,5,7,4,7,NA,NA,NA,NA,3,3,3,4,4,4,4,4,4,NA,NA,NA,NA,NA,NA,NA,NA,NA,NA
15000225,15001225,1522,5,5,23.41666667,M,5,5,7,4,7,NA,NA,NA,NA,7,7,7,6,7,6,5,6,6,NA,NA,NA,NA,NA,NA,NA,NA,NA,NA
15000231,15001231,1523,4,5,NA,M,5,5,6,5,6,NA,NA,NA,NA,5,5,6,6,6,4,5,5,5,NA,NA,NA,NA,NA,NA,NA,NA,NA,NA
15000231,15001232,1523,4,5,NA,M,5,5,6,5,6,NA,NA,NA,NA,5,4,5,5,5,5,4,5,5,NA,NA,NA,NA,NA,NA,NA,NA,NA,NA
15000231,15001233,1523,4,5,NA,M,5,5,6,5,6,NA,NA,NA,NA,5,5,6,5,5,4,5,5,5,NA,NA,NA,NA,NA,NA,NA,NA,NA,NA
15000231,15001234,1523,4,5,NA,M,5,5,6,5,6,NA,NA,NA,NA,4,5,5,6,6,5,5,6,5,NA,NA,NA,NA,NA,NA,NA,NA,NA,NA
15000231,15001235,1523,4,5,NA,M,5,5,6,5,6,NA,NA,NA,NA,5,5,5,5,5,5,4,4,6,NA,NA,NA,NA,NA,NA,NA,NA,NA,NA
15000232,15001231,1523,4,5,NA,M,7,5,7,5,6,NA,NA,NA,NA,3,4,2,2,2,2,2,2,2,NA,NA,NA,NA,NA,NA,NA,NA,NA,NA
15000232,15001232,1523,4,5,NA,M,7,5,7,5,6,NA,NA,NA,NA,5,5,5,5,4,5,4,5,5,NA,NA,NA,NA,NA,NA,NA,NA,NA,NA
15000232,15001233,1523,4,5,NA,M,7,5,7,5,6,NA,NA,NA,NA,3,3,4,6,6,6,6,6,6,NA,NA,NA,NA,NA,NA,NA,NA,NA,NA
15000232,15001234,1523,4,5,NA,M,7,5,7,5,6,NA,NA,NA,NA,4,6,6,5,5,5,5,5,5,NA,NA,NA,NA,NA,NA,NA,NA,NA,NA
15000232,15001235,1523,4,5,NA,M,7,5,7,5,6,NA,NA,NA,NA,1,1,1,3,3,4,3,1,2,NA,NA,NA,NA,NA,NA,NA,NA,NA,NA
15000233,15001231,1523,4,5,26.91666667,M,5,5,6,6,6,NA,NA,NA,NA,3,3,3,3,4,3,3,2,2,NA,NA,NA,NA,NA,NA,NA,NA,NA,NA
15000233,15001232,1523,4,5,26.91666667,M,5,5,6,6,6,NA,NA,NA,NA,6,5,5,5,6,5,4,6,5,NA,NA,NA,NA,NA,NA,NA,NA,NA,NA
15000233,15001233,1523,4,5,26.91666667,M,5,5,6,6,6,NA,NA,NA,NA,5,5,6,5,6,5,6,5,4,NA,NA,NA,NA,NA,NA,NA,NA,NA,NA
15000233,15001234,1523,4,5,26.91666667,M,5,5,6,6,6,NA,NA,NA,NA,5,5,5,6,5,5,6,4,4,NA,NA,NA,NA,NA,NA,NA,NA,NA,NA
15000233,15001235,1523,4,5,26.91666667,M,5,5,6,6,6,NA,NA,NA,NA,4,5,4,6,6,5,6,5,7,NA,NA,NA,NA,NA,NA,NA,NA,NA,NA
15000234,15001231,1523,4,5,18.08333333,M,6,6,7,6,6,NA,NA,NA,NA,6,6,6,6,7,6,7,6,6,NA,NA,NA,NA,NA,NA,NA,NA,NA,NA
15000234,15001232,1523,4,5,18.08333333,M,6,6,7,6,6,NA,NA,NA,NA,5,5,6,6,5,6,4,6,5,NA,NA,NA,NA,NA,NA,NA,NA,NA,NA
15000234,15001233,1523,4,5,18.08333333,M,6,6,7,6,6,NA,NA,NA,NA,5,6,6,6,5,6,7,6,6,NA,NA,NA,NA,NA,NA,NA,NA,NA,NA
15000234,15001234,1523,4,5,18.08333333,M,6,6,7,6,6,NA,NA,NA,NA,5,6,6,6,6,6,7,6,5,NA,NA,NA,NA,NA,NA,NA,NA,NA,NA
15000234,15001235,1523,4,5,18.08333333,M,6,6,7,6,6,NA,NA,NA,NA,6,6,5,6,6,6,6,4,5,NA,NA,NA,NA,NA,NA,NA,NA,NA,NA
15001011,15000011,1501,5,5,17.75,F,6,4,7,5,7,NA,NA,NA,NA,3,2,3,5,4,4,5,3,3,NA,NA,NA,NA,NA,NA,NA,NA,NA,NA
15001011,15000012,1501,5,5,17.75,F,6,4,7,5,7,NA,NA,NA,NA,5,5,4,3,2,3,4,2,4,NA,NA,NA,NA,NA,NA,NA,NA,NA,NA
15001011,15000013,1501,5,5,17.75,F,6,4,7,5,7,NA,NA,NA,NA,5,4,5,6,5,5,4,6,4,NA,NA,NA,NA,NA,NA,NA,NA,NA,NA
15001011,15000014,1501,5,5,17.75,F,6,4,7,5,7,NA,NA,NA,NA,4,4,4,6,5,4,5,5,4,NA,NA,NA,NA,NA,NA,NA,NA,NA,NA
15001011,15000015,1501,5,5,17.75,F,6,4,7,5,7,NA,NA,NA,NA,2,2,3,6,5,5,4,5,4,NA,NA,NA,NA,NA,NA,NA,NA,NA,NA
15001012,15000011,1501,5,5,18.66666667,F,5,5,7,6,7,NA,NA,NA,NA,5,4,6,6,6,4,4,4,3,NA,NA,NA,NA,NA,NA,NA,NA,NA,NA
15001012,15000012,1501,5,5,18.66666667,F,5,5,7,6,7,NA,NA,NA,NA,3,5,4,5,3,3,3,2,1,NA,NA,NA,NA,NA,NA,NA,NA,NA,NA
15001012,15000013,1501,5,5,18.66666667,F,5,5,7,6,7,NA,NA,NA,NA,4,4,6,5,5,5,3,5,4,NA,NA,NA,NA,NA,NA,NA,NA,NA,NA
15001012,15000014,1501,5,5,18.66666667,F,5,5,7,6,7,NA,NA,NA,NA,4,3,5,4,3,3,6,3,2,NA,NA,NA,NA,NA,NA,NA,NA,NA,NA
15001012,15000015,1501,5,5,18.66666667,F,5,5,7,6,7,NA,NA,NA,NA,4,5,6,6,6,5,4,4,3,NA,NA,NA,NA,NA,NA,NA,NA,NA,NA
15001013,15000011,1501,5,5,18.33333333,F,6,6,7,7,7,NA,NA,NA,NA,5,5,6,6,6,6,5,6,5,NA,NA,NA,NA,NA,NA,NA,NA,NA,NA
15001013,15000012,1501,5,5,18.33333333,F,6,6,7,7,7,NA,NA,NA,NA,4,5,4,5,4,4,7,3,2,NA,NA,NA,NA,NA,NA,NA,NA,NA,NA
15001013,15000013,1501,5,5,18.33333333,F,6,6,7,7,7,NA,NA,NA,NA,6,6,7,6,7,7,7,7,7,NA,NA,NA,NA,NA,NA,NA,NA,NA,NA
15001013,15000014,1501,5,5,18.33333333,F,6,6,7,7,7,NA,NA,NA,NA,4,4,6,6,5,6,7,6,4,NA,NA,NA,NA,NA,NA,NA,NA,NA,NA
15001013,15000015,1501,5,5,18.33333333,F,6,6,7,7,7,NA,NA,NA,NA,5,4,7,7,6,7,7,6,7,NA,NA,NA,NA,NA,NA,NA,NA,NA,NA
15001014,15000011,1501,5,5,17.66666667,F,6,6,6,5,5,NA,NA,NA,NA,4,2,4,5,4,5,5,5,4,NA,NA,NA,NA,NA,NA,NA,NA,NA,NA
15001014,15000012,1501,5,5,17.66666667,F,6,6,6,5,5,NA,NA,NA,NA,3,5,4,6,5,4,6,3,3,NA,NA,NA,NA,NA,NA,NA,NA,NA,NA
15001014,15000013,1501,5,5,17.66666667,F,6,6,6,5,5,NA,NA,NA,NA,6,6,5,5,5,5,5,6,5,NA,NA,NA,NA,NA,NA,NA,NA,NA,NA
15001014,15000014,1501,5,5,17.66666667,F,6,6,6,5,5,NA,NA,NA,NA,1,3,2,5,3,4,5,4,2,NA,NA,NA,NA,NA,NA,NA,NA,NA,NA
15001014,15000015,1501,5,5,17.66666667,F,6,6,6,5,5,NA,NA,NA,NA,1,4,2,5,4,4,5,3,3,NA,NA,NA,NA,NA,NA,NA,NA,NA,NA
15001015,15000011,1501,5,5,19.33333333,F,5,2,6,6,7,NA,NA,NA,NA,2,4,2,6,5,1,5,1,1,NA,NA,NA,NA,NA,NA,NA,NA,NA,NA
15001015,15000012,1501,5,5,19.33333333,F,5,2,6,6,7,NA,NA,NA,NA,3,5,2,5,3,2,5,1,1,NA,NA,NA,NA,NA,NA,NA,NA,NA,NA
15001015,15000013,1501,5,5,19.33333333,F,5,2,6,6,7,NA,NA,NA,NA,3,6,5,5,3,5,2,5,4,NA,NA,NA,NA,NA,NA,NA,NA,NA,NA
15001015,15000014,1501,5,5,19.33333333,F,5,2,6,6,7,NA,NA,NA,NA,1,2,1,7,1,2,6,1,1,NA,NA,NA,NA,NA,NA,NA,NA,NA,NA
15001015,15000015,1501,5,5,19.33333333,F,5,2,6,6,7,NA,NA,NA,NA,1,1,2,6,6,5,6,1,1,NA,NA,NA,NA,NA,NA,NA,NA,NA,NA
15001021,15000021,1502,4,5,20.58333333,F,3,3,6,6,6,NA,NA,NA,NA,5,3,5,6,6,5,2,4,4,NA,NA,NA,NA,NA,NA,NA,NA,NA,NA
15001021,15000022,1502,4,5,20.58333333,F,3,3,6,6,6,NA,NA,NA,NA,4,2,6,6,6,6,5,6,5,NA,NA,NA,NA,NA,NA,NA,NA,NA,NA
15001021,15000024,1502,4,5,20.58333333,F,3,3,6,6,6,NA,NA,NA,NA,2,2,4,5,5,5,3,2,2,NA,NA,NA,NA,NA,NA,NA,NA,NA,NA
15001021,15000025,1502,4,5,20.58333333,F,3,3,6,6,6,NA,NA,NA,NA,2,2,3,5,5,5,3,4,4,NA,NA,NA,NA,NA,NA,NA,NA,NA,NA
15001022,15000021,1502,4,5,22.08333333,F,4,3,6,6,7,NA,NA,NA,NA,4,3,3,5,5,5,6,4,3,NA,NA,NA,NA,NA,NA,NA,NA,NA,NA
15001022,15000022,1502,4,5,22.08333333,F,4,3,6,6,7,NA,NA,NA,NA,4,4,5,6,6,6,4,5,4,NA,NA,NA,NA,NA,NA,NA,NA,NA,NA
15001022,15000024,1502,4,5,22.08333333,F,4,3,6,6,7,NA,NA,NA,NA,5,4,4,4,6,3,3,3,4,NA,NA,NA,NA,NA,NA,NA,NA,NA,NA
15001022,15000025,1502,4,5,22.08333333,F,4,3,6,6,7,NA,NA,NA,NA,4,4,4,4,3,5,5,4,4,NA,NA,NA,NA,NA,NA,NA,NA,NA,NA
15001023,15000021,1502,4,5,18.33333333,F,6,5,7,5,6,NA,NA,NA,NA,4,4,4,4,2,4,4,4,4,NA,NA,NA,NA,NA,NA,NA,NA,NA,NA
15001023,15000022,1502,4,5,18.33333333,F,6,5,7,5,6,NA,NA,NA,NA,4,5,5,5,5,5,5,4,4,NA,NA,NA,NA,NA,NA,NA,NA,NA,NA
15001023,15000024,1502,4,5,18.33333333,F,6,5,7,5,6,NA,NA,NA,NA,5,5,5,6,6,5,5,5,4,NA,NA,NA,NA,NA,NA,NA,NA,NA,NA
15001023,15000025,1502,4,5,18.33333333,F,6,5,7,5,6,NA,NA,NA,NA,3,4,4,5,4,5,4,4,4,NA,NA,NA,NA,NA,NA,NA,NA,NA,NA
15001024,15000021,1502,4,5,17.33333333,F,6,6,7,7,7,NA,NA,NA,NA,6,6,6,6,6,6,7,6,6,NA,NA,NA,NA,NA,NA,NA,NA,NA,NA
15001024,15000022,1502,4,5,17.33333333,F,6,6,7,7,7,NA,NA,NA,NA,5,6,6,6,6,6,6,6,6,NA,NA,NA,NA,NA,NA,NA,NA,NA,NA
15001024,15000024,1502,4,5,17.33333333,F,6,6,7,7,7,NA,NA,NA,NA,5,6,6,7,6,6,5,6,6,NA,NA,NA,NA,NA,NA,NA,NA,NA,NA
15001024,15000025,1502,4,5,17.33333333,F,6,6,7,7,7,NA,NA,NA,NA,5,6,6,6,6,6,6,6,6,NA,NA,NA,NA,NA,NA,NA,NA,NA,NA
15001025,15000021,1502,4,5,19.16666667,F,7,6,5,6,7,NA,NA,NA,NA,5,4,5,6,5,6,6,5,5,NA,NA,NA,NA,NA,NA,NA,NA,NA,NA
15001025,15000022,1502,4,5,19.16666667,F,7,6,5,6,7,NA,NA,NA,NA,2,4,3,5,4,6,4,7,6,NA,NA,NA,NA,NA,NA,NA,NA,NA,NA
15001025,15000024,1502,4,5,19.16666667,F,7,6,5,6,7,NA,NA,NA,NA,2,3,4,4,4,6,6,6,5,NA,NA,NA,NA,NA,NA,NA,NA,NA,NA
15001025,15000025,1502,4,5,19.16666667,F,7,6,5,6,7,NA,NA,NA,NA,2,3,3,4,4,5,5,3,3,NA,NA,NA,NA,NA,NA,NA,NA,NA,NA
15001031,15000031,1503,5,4,21.66666667,F,4,4,5,4,5,NA,NA,NA,NA,5,6,6,6,5,4,5,5,5,NA,NA,NA,NA,NA,NA,NA,NA,NA,NA
15001031,15000032,1503,5,4,21.66666667,F,4,4,5,4,5,NA,NA,NA,NA,6,6,6,5,6,4,3,4,4,NA,NA,NA,NA,NA,NA,NA,NA,NA,NA
15001031,15000033,1503,5,4,21.66666667,F,4,4,5,4,5,NA,NA,NA,NA,4,4,6,6,5,4,5,6,6,NA,NA,NA,NA,NA,NA,NA,NA,NA,NA
15001031,15000034,1503,5,4,21.66666667,F,4,4,5,4,5,NA,NA,NA,NA,5,6,5,5,4,4,5,6,5,NA,NA,NA,NA,NA,NA,NA,NA,NA,NA
15001031,15000035,1503,5,4,21.66666667,F,4,4,5,4,5,NA,NA,NA,NA,5,5,5,6,4,5,5,5,5,NA,NA,NA,NA,NA,NA,NA,NA,NA,NA
15001032,15000031,1503,5,4,18.08333333,F,4,5,6,6,5,NA,NA,NA,NA,5,4,5,5,5,4,6,4,3,NA,NA,NA,NA,NA,NA,NA,NA,NA,NA
15001032,15000032,1503,5,4,18.08333333,F,4,5,6,6,5,NA,NA,NA,NA,5,5,5,6,7,6,5,6,6,NA,NA,NA,NA,NA,NA,NA,NA,NA,NA
15001032,15000033,1503,5,4,18.08333333,F,4,5,6,6,5,NA,NA,NA,NA,4,4,4,6,6,5,6,6,4,NA,NA,NA,NA,NA,NA,NA,NA,NA,NA
15001032,15000034,1503,5,4,18.08333333,F,4,5,6,6,5,NA,NA,NA,NA,4,4,4,6,6,5,5,6,4,NA,NA,NA,NA,NA,NA,NA,NA,NA,NA
15001032,15000035,1503,5,4,18.08333333,F,4,5,6,6,5,NA,NA,NA,NA,4,4,5,6,5,7,6,6,5,NA,NA,NA,NA,NA,NA,NA,NA,NA,NA
15001033,15000031,1503,5,4,18.83333333,F,5,5,6,7,6,NA,NA,NA,NA,2,3,3,5,3,5,6,2,1,NA,NA,NA,NA,NA,NA,NA,NA,NA,NA
15001033,15000032,1503,5,4,18.83333333,F,5,5,6,7,6,NA,NA,NA,NA,5,6,5,6,6,4,5,5,1,NA,NA,NA,NA,NA,NA,NA,NA,NA,NA
15001033,15000033,1503,5,4,18.83333333,F,5,5,6,7,6,NA,NA,NA,NA,3,1,2,6,3,5,7,3,2,NA,NA,NA,NA,NA,NA,NA,NA,NA,NA
15001033,15000034,1503,5,4,18.83333333,F,5,5,6,7,6,NA,NA,NA,NA,2,2,2,5,6,5,6,3,1,NA,NA,NA,NA,NA,NA,NA,NA,NA,NA
15001033,15000035,1503,5,4,18.83333333,F,5,5,6,7,6,NA,NA,NA,NA,2,1,2,4,1,3,4,2,1,NA,NA,NA,NA,NA,NA,NA,NA,NA,NA
15001034,15000031,1503,5,4,17.5,F,5,5,7,6,6,NA,NA,NA,NA,3,5,4,4,4,5,5,5,3,NA,NA,NA,NA,NA,NA,NA,NA,NA,NA
15001034,15000032,1503,5,4,17.5,F,5,5,7,6,6,NA,NA,NA,NA,6,5,6,5,5,6,5,5,3,NA,NA,NA,NA,NA,NA,NA,NA,NA,NA
15001034,15000033,1503,5,4,17.5,F,5,5,7,6,6,NA,NA,NA,NA,4,4,4,5,5,6,6,6,4,NA,NA,NA,NA,NA,NA,NA,NA,NA,NA
15001034,15000034,1503,5,4,17.5,F,5,5,7,6,6,NA,NA,NA,NA,4,4,5,6,6,5,6,6,4,NA,NA,NA,NA,NA,NA,NA,NA,NA,NA
15001034,15000035,1503,5,4,17.5,F,5,5,7,6,6,NA,NA,NA,NA,3,3,3,4,4,4,4,4,3,NA,NA,NA,NA,NA,NA,NA,NA,NA,NA
15001041,15000041,1504,5,4,17.83333333,F,5,5,7,4,6,NA,NA,NA,NA,3,4,4,4,4,4,3,3,3,NA,NA,NA,NA,NA,NA,NA,NA,NA,NA
15001041,15000042,1504,5,4,17.83333333,F,5,5,7,4,6,NA,NA,NA,NA,2,4,4,3,4,2,1,4,3,NA,NA,NA,NA,NA,NA,NA,NA,NA,NA
15001041,15000043,1504,5,4,17.83333333,F,5,5,7,4,6,NA,NA,NA,NA,2,1,3,4,4,1,2,4,2,NA,NA,NA,NA,NA,NA,NA,NA,NA,NA
15001041,15000044,1504,5,4,17.83333333,F,5,5,7,4,6,NA,NA,NA,NA,3,3,4,4,4,3,2,2,2,NA,NA,NA,NA,NA,NA,NA,NA,NA,NA
15001041,15000045,1504,5,4,17.83333333,F,5,5,7,4,6,NA,NA,NA,NA,1,1,3,3,4,2,2,2,2,NA,NA,NA,NA,NA,NA,NA,NA,NA,NA
15001042,15000041,1504,5,4,17.75,F,6,5,6,6,6,NA,NA,NA,NA,5,5,4,5,4,5,5,4,4,NA,NA,NA,NA,NA,NA,NA,NA,NA,NA
15001042,15000042,1504,5,4,17.75,F,6,5,6,6,6,NA,NA,NA,NA,5,5,5,5,6,5,6,5,5,NA,NA,NA,NA,NA,NA,NA,NA,NA,NA
15001042,15000043,1504,5,4,17.75,F,6,5,6,6,6,NA,NA,NA,NA,5,4,5,7,6,6,6,NA,2,NA,NA,NA,NA,NA,NA,NA,NA,NA,NA
15001042,15000044,1504,5,4,17.75,F,6,5,6,6,6,NA,NA,NA,NA,5,4,4,5,4,4,6,4,4,NA,NA,NA,NA,NA,NA,NA,NA,NA,NA
15001042,15000045,1504,5,4,17.75,F,6,5,6,6,6,NA,NA,NA,NA,3,4,5,6,6,5,5,6,6,NA,NA,NA,NA,NA,NA,NA,NA,NA,NA
15001043,15000041,1504,5,4,18.41666667,F,5,6,6,5,6,NA,NA,NA,NA,4,4,3,3,3,4,6,3,5,NA,NA,NA,NA,NA,NA,NA,NA,NA,NA
15001043,15000042,1504,5,4,18.41666667,F,5,6,6,5,6,NA,NA,NA,NA,4,4,4,3,4,5,5,6,4,NA,NA,NA,NA,NA,NA,NA,NA,NA,NA
15001043,15000043,1504,5,4,18.41666667,F,5,6,6,5,6,NA,NA,NA,NA,2,2,4,6,6,6,5,6,6,NA,NA,NA,NA,NA,NA,NA,NA,NA,NA
15001043,15000044,1504,5,4,18.41666667,F,5,6,6,5,6,NA,NA,NA,NA,3,3,3,7,6,6,7,6,5,NA,NA,NA,NA,NA,NA,NA,NA,NA,NA
15001043,15000045,1504,5,4,18.41666667,F,5,6,6,5,6,NA,NA,NA,NA,2,2,2,6,4,4,5,5,4,NA,NA,NA,NA,NA,NA,NA,NA,NA,NA
15001044,15000041,1504,5,4,20.16666667,F,5,5,5,6,5,NA,NA,NA,NA,5,6,3,4,3,5,6,1,2,NA,NA,NA,NA,NA,NA,NA,NA,NA,NA
15001044,15000042,1504,5,4,20.16666667,F,5,5,5,6,5,NA,NA,NA,NA,6,6,6,5,6,5,6,6,6,NA,NA,NA,NA,NA,NA,NA,NA,NA,NA
15001044,15000043,1504,5,4,20.16666667,F,5,5,5,6,5,NA,NA,NA,NA,3,4,5,6,6,6,6,5,5,NA,NA,NA,NA,NA,NA,NA,NA,NA,NA
15001044,15000044,1504,5,4,20.16666667,F,5,5,5,6,5,NA,NA,NA,NA,4,4,5,5,6,4,5,6,5,NA,NA,NA,NA,NA,NA,NA,NA,NA,NA
15001044,15000045,1504,5,4,20.16666667,F,5,5,5,6,5,NA,NA,NA,NA,4,4,5,6,7,5,5,7,7,NA,NA,NA,NA,NA,NA,NA,NA,NA,NA
15001051,15000051,1505,5,4,18.58333333,F,5,5,7,6,6,NA,NA,NA,NA,4,4,4,5,6,5,5,3,4,NA,NA,NA,NA,NA,NA,NA,NA,NA,NA
15001051,15000052,1505,5,4,18.58333333,F,5,5,7,6,6,NA,NA,NA,NA,3,5,4,5,5,6,4,3,4,NA,NA,NA,NA,NA,NA,NA,NA,NA,NA
15001051,15000053,1505,5,4,18.58333333,F,5,5,7,6,6,NA,NA,NA,NA,5,6,6,6,6,6,4,5,4,NA,NA,NA,NA,NA,NA,NA,NA,NA,NA
15001051,15000054,1505,5,4,18.58333333,F,5,5,7,6,6,NA,NA,NA,NA,3,5,4,4,4,4,4,4,3,NA,NA,NA,NA,NA,NA,NA,NA,NA,NA
15001051,15000055,1505,5,4,18.58333333,F,5,5,7,6,6,NA,NA,NA,NA,2,2,3,5,6,6,5,4,4,NA,NA,NA,NA,NA,NA,NA,NA,NA,NA
15001052,15000051,1505,5,4,17.91666667,F,5,5,7,5,7,NA,NA,NA,NA,5,5,5,5,6,4,5,6,4,NA,NA,NA,NA,NA,NA,NA,NA,NA,NA
15001052,15000052,1505,5,4,17.91666667,F,5,5,7,5,7,NA,NA,NA,NA,4,4,5,6,6,4,6,5,3,NA,NA,NA,NA,NA,NA,NA,NA,NA,NA
15001052,15000053,1505,5,4,17.91666667,F,5,5,7,5,7,NA,NA,NA,NA,5,4,5,6,6,6,4,6,6,NA,NA,NA,NA,NA,NA,NA,NA,NA,NA
15001052,15000054,1505,5,4,17.91666667,F,5,5,7,5,7,NA,NA,NA,NA,4,5,5,5,4,5,7,3,3,NA,NA,NA,NA,NA,NA,NA,NA,NA,NA
15001052,15000055,1505,5,4,17.91666667,F,5,5,7,5,7,NA,NA,NA,NA,4,2,4,7,5,5,3,6,5,NA,NA,NA,NA,NA,NA,NA,NA,NA,NA
15001053,15000051,1505,5,4,18.41666667,F,5,5,7,6,7,NA,NA,NA,NA,5,6,5,5,5,5,4,6,4,NA,NA,NA,NA,NA,NA,NA,NA,NA,NA
15001053,15000052,1505,5,4,18.41666667,F,5,5,7,6,7,NA,NA,NA,NA,5,5,5,6,5,5,5,5,4,NA,NA,NA,NA,NA,NA,NA,NA,NA,NA
15001053,15000053,1505,5,4,18.41666667,F,5,5,7,6,7,NA,NA,NA,NA,6,5,6,6,5,6,5,4,4,NA,NA,NA,NA,NA,NA,NA,NA,NA,NA
15001053,15000054,1505,5,4,18.41666667,F,5,5,7,6,7,NA,NA,NA,NA,5,5,5,5,5,6,4,4,4,NA,NA,NA,NA,NA,NA,NA,NA,NA,NA
15001053,15000055,1505,5,4,18.41666667,F,5,5,7,6,7,NA,NA,NA,NA,3,4,4,6,4,5,4,4,4,NA,NA,NA,NA,NA,NA,NA,NA,NA,NA
15001054,15000051,1505,5,4,17.66666667,F,6,6,6,6,5,NA,NA,NA,NA,5,6,5,4,4,5,6,5,4,NA,NA,NA,NA,NA,NA,NA,NA,NA,NA
15001054,15000052,1505,5,4,17.66666667,F,6,6,6,6,5,NA,NA,NA,NA,4,3,4,7,6,4,7,4,3,NA,NA,NA,NA,NA,NA,NA,NA,NA,NA
15001054,15000053,1505,5,4,17.66666667,F,6,6,6,6,5,NA,NA,NA,NA,6,5,5,6,6,5,4,5,6,NA,NA,NA,NA,NA,NA,NA,NA,NA,NA
15001054,15000054,1505,5,4,17.66666667,F,6,6,6,6,5,NA,NA,NA,NA,5,5,6,7,5,5,7,6,6,NA,NA,NA,NA,NA,NA,NA,NA,NA,NA
15001054,15000055,1505,5,4,17.66666667,F,6,6,6,6,5,NA,NA,NA,NA,2,1,3,6,6,4,4,6,6,NA,NA,NA,NA,NA,NA,NA,NA,NA,NA
15001061,15000061,1506,4,5,17.41666667,F,5,5,6,6,6,NA,NA,NA,NA,4,4,3,5,5,5,5,5,5,NA,NA,NA,NA,NA,NA,NA,NA,NA,NA
15001061,15000062,1506,4,5,17.41666667,F,5,5,6,6,6,NA,NA,NA,NA,4,4,4,4,4,4,4,4,4,NA,NA,NA,NA,NA,NA,NA,NA,NA,NA
15001061,15000063,1506,4,5,17.41666667,F,5,5,6,6,6,NA,NA,NA,NA,6,6,5,5,5,4,5,5,4,NA,NA,NA,NA,NA,NA,NA,NA,NA,NA
15001061,15000064,1506,4,5,17.41666667,F,5,5,6,6,6,NA,NA,NA,NA,3,3,3,5,5,5,NA,5,4,NA,NA,NA,NA,NA,NA,NA,NA,NA,NA
15001062,15000061,1506,4,5,18.16666667,F,4,4,6,6,5,NA,NA,NA,NA,5,4,4,4,5,5,5,4,4,NA,NA,NA,NA,NA,NA,NA,NA,NA,NA
15001062,15000062,1506,4,5,18.16666667,F,4,4,6,6,5,NA,NA,NA,NA,3,2,3,4,3,4,5,4,3,NA,NA,NA,NA,NA,NA,NA,NA,NA,NA
15001062,15000063,1506,4,5,18.16666667,F,4,4,6,6,5,NA,NA,NA,NA,5,4,5,4,5,5,4,5,5,NA,NA,NA,NA,NA,NA,NA,NA,NA,NA
15001062,15000064,1506,4,5,18.16666667,F,4,4,6,6,5,NA,NA,NA,NA,3,2,3,6,5,5,5,4,3,NA,NA,NA,NA,NA,NA,NA,NA,NA,NA
15001063,15000061,1506,4,5,17.33333333,F,5,5,6,7,7,NA,NA,NA,NA,6,5,5,5,4,5,5,4,4,NA,NA,NA,NA,NA,NA,NA,NA,NA,NA
15001063,15000062,1506,4,5,17.33333333,F,5,5,6,7,7,NA,NA,NA,NA,4,4,4,4,5,3,5,4,3,NA,NA,NA,NA,NA,NA,NA,NA,NA,NA
15001063,15000063,1506,4,5,17.33333333,F,5,5,6,7,7,NA,NA,NA,NA,5,5,5,5,6,5,5,5,5,NA,NA,NA,NA,NA,NA,NA,NA,NA,NA
15001063,15000064,1506,4,5,17.33333333,F,5,5,6,7,7,NA,NA,NA,NA,4,3,4,5,6,4,4,5,4,NA,NA,NA,NA,NA,NA,NA,NA,NA,NA
15001064,15000061,1506,4,5,18.33333333,F,5,3,6,5,6,NA,NA,NA,NA,4,5,4,3,5,5,4,5,4,NA,NA,NA,NA,NA,NA,NA,NA,NA,NA
15001064,15000062,1506,4,5,18.33333333,F,5,3,6,5,6,NA,NA,NA,NA,5,4,5,5,5,4,5,5,4,NA,NA,NA,NA,NA,NA,NA,NA,NA,NA
15001064,15000063,1506,4,5,18.33333333,F,5,3,6,5,6,NA,NA,NA,NA,5,5,5,6,6,5,4,5,5,NA,NA,NA,NA,NA,NA,NA,NA,NA,NA
15001064,15000064,1506,4,5,18.33333333,F,5,3,6,5,6,NA,NA,NA,NA,2,3,3,5,4,5,5,3,4,NA,NA,NA,NA,NA,NA,NA,NA,NA,NA
15001065,15000061,1506,4,5,20.58333333,F,5,4,5,4,4,NA,NA,NA,NA,2,2,3,4,5,4,5,4,5,NA,NA,NA,NA,NA,NA,NA,NA,NA,NA
15001065,15000062,1506,4,5,20.58333333,F,5,4,5,4,4,NA,NA,NA,NA,4,2,4,4,4,4,4,2,3,NA,NA,NA,NA,NA,NA,NA,NA,NA,NA
15001065,15000063,1506,4,5,20.58333333,F,5,4,5,4,4,NA,NA,NA,NA,3,4,4,4,5,4,5,4,5,NA,NA,NA,NA,NA,NA,NA,NA,NA,NA
15001065,15000064,1506,4,5,20.58333333,F,5,4,5,4,4,NA,NA,NA,NA,1,1,3,5,5,4,4,4,4,NA,NA,NA,NA,NA,NA,NA,NA,NA,NA
15001071,15000071,1507,3,4,19.5,F,5,6,6,5,6,NA,NA,NA,NA,4,4,5,4,4,5,5,4,4,NA,NA,NA,NA,NA,NA,NA,NA,NA,NA
15001071,15000072,1507,3,4,19.5,F,5,6,6,5,6,NA,NA,NA,NA,3,4,4,6,6,4,4,4,4,NA,NA,NA,NA,NA,NA,NA,NA,NA,NA
15001071,15000073,1507,3,4,19.5,F,5,6,6,5,6,NA,NA,NA,NA,4,3,6,6,6,4,4,6,5,NA,NA,NA,NA,NA,NA,NA,NA,NA,NA
15001072,15000071,1507,3,4,17.5,F,7,7,5,6,7,NA,NA,NA,NA,5,5,5,5,5,5,5,5,5,NA,NA,NA,NA,NA,NA,NA,NA,NA,NA
15001072,15000072,1507,3,4,17.5,F,7,7,5,6,7,NA,NA,NA,NA,1,1,2,7,7,7,5,5,5,NA,NA,NA,NA,NA,NA,NA,NA,NA,NA
15001072,15000073,1507,3,4,17.5,F,7,7,5,6,7,NA,NA,NA,NA,3,2,3,6,6,5,4,4,4,NA,NA,NA,NA,NA,NA,NA,NA,NA,NA
15001073,15000071,1507,3,4,17.41666667,F,6,5,6,5,5,NA,NA,NA,NA,6,5,5,4,4,5,2,4,4,NA,NA,NA,NA,NA,NA,NA,NA,NA,NA
15001073,15000072,1507,3,4,17.41666667,F,6,5,6,5,5,NA,NA,NA,NA,3,3,3,7,5,6,6,5,4,NA,NA,NA,NA,NA,NA,NA,NA,NA,NA
15001073,15000073,1507,3,4,17.41666667,F,6,5,6,5,5,NA,NA,NA,NA,4,3,4,5,4,6,6,6,6,NA,NA,NA,NA,NA,NA,NA,NA,NA,NA
15001074,15000071,1507,3,4,17.83333333,F,5,5,7,5,7,NA,NA,NA,NA,3,4,3,4,3,2,3,1,2,NA,NA,NA,NA,NA,NA,NA,NA,NA,NA
15001074,15000072,1507,3,4,17.83333333,F,5,5,7,5,7,NA,NA,NA,NA,2,3,4,5,5,5,4,4,4,NA,NA,NA,NA,NA,NA,NA,NA,NA,NA
15001074,15000073,1507,3,4,17.83333333,F,5,5,7,5,7,NA,NA,NA,NA,2,2,4,4,5,5,4,4,4,NA,NA,NA,NA,NA,NA,NA,NA,NA,NA
15001081,15000081,1508,4,5,19.08333333,F,6,6,6,5,6,NA,NA,NA,NA,5,4,5,6,6,4,6,6,5,NA,NA,NA,NA,NA,NA,NA,NA,NA,NA
15001081,15000082,1508,4,5,19.08333333,F,6,6,6,5,6,NA,NA,NA,NA,5,5,5,5,4,6,4,5,5,NA,NA,NA,NA,NA,NA,NA,NA,NA,NA
15001081,15000083,1508,4,5,19.08333333,F,6,6,6,5,6,NA,NA,NA,NA,2,3,2,3,4,5,5,3,4,NA,NA,NA,NA,NA,NA,NA,NA,NA,NA
15001081,15000084,1508,4,5,19.08333333,F,6,6,6,5,6,NA,NA,NA,NA,5,5,5,6,6,5,6,6,6,NA,NA,NA,NA,NA,NA,NA,NA,NA,NA
15001082,15000081,1508,4,5,17.75,F,5,5,7,5,6,NA,NA,NA,NA,3,3,4,7,6,5,6,6,4,NA,NA,NA,NA,NA,NA,NA,NA,NA,NA
15001082,15000082,1508,4,5,17.75,F,5,5,7,5,6,NA,NA,NA,NA,2,3,2,3,5,4,5,3,2,NA,NA,NA,NA,NA,NA,NA,NA,NA,NA
15001082,15000083,1508,4,5,17.75,F,5,5,7,5,6,NA,NA,NA,NA,1,2,2,5,3,4,4,1,1,NA,NA,NA,NA,NA,NA,NA,NA,NA,NA
15001082,15000084,1508,4,5,17.75,F,5,5,7,5,6,NA,NA,NA,NA,4,4,4,5,4,5,4,4,4,NA,NA,NA,NA,NA,NA,NA,NA,NA,NA
15001083,15000081,1508,4,5,21.75,F,4,4,6,7,6,NA,NA,NA,NA,4,4,5,6,7,6,5,6,6,NA,NA,NA,NA,NA,NA,NA,NA,NA,NA
15001083,15000082,1508,4,5,21.75,F,4,4,6,7,6,NA,NA,NA,NA,4,4,5,6,6,6,5,6,5,NA,NA,NA,NA,NA,NA,NA,NA,NA,NA
15001083,15000083,1508,4,5,21.75,F,4,4,6,7,6,NA,NA,NA,NA,4,4,4,5,2,6,4,5,4,NA,NA,NA,NA,NA,NA,NA,NA,NA,NA
15001083,15000084,1508,4,5,21.75,F,4,4,6,7,6,NA,NA,NA,NA,5,4,6,5,4,5,5,5,4,NA,NA,NA,NA,NA,NA,NA,NA,NA,NA
15001084,15000081,1508,4,5,20.33333333,F,5,5,7,5,6,NA,NA,NA,NA,3,3,4,6,7,6,6,4,3,NA,NA,NA,NA,NA,NA,NA,NA,NA,NA
15001084,15000082,1508,4,5,20.33333333,F,5,5,7,5,6,NA,NA,NA,NA,1,1,3,3,4,5,2,5,4,NA,NA,NA,NA,NA,NA,NA,NA,NA,NA
15001084,15000083,1508,4,5,20.33333333,F,5,5,7,5,6,NA,NA,NA,NA,1,1,1,3,2,1,3,1,1,NA,NA,NA,NA,NA,NA,NA,NA,NA,NA
15001084,15000084,1508,4,5,20.33333333,F,5,5,7,5,6,NA,NA,NA,NA,2,2,3,4,4,2,3,2,2,NA,NA,NA,NA,NA,NA,NA,NA,NA,NA
15001085,15000081,1508,4,5,17.83333333,F,6,5,7,7,7,NA,NA,NA,NA,5,5,5,7,6,5,7,4,3,NA,NA,NA,NA,NA,NA,NA,NA,NA,NA
15001085,15000082,1508,4,5,17.83333333,F,6,5,7,7,7,NA,NA,NA,NA,3,2,3,3,3,5,3,2,2,NA,NA,NA,NA,NA,NA,NA,NA,NA,NA
15001085,15000083,1508,4,5,17.83333333,F,6,5,7,7,7,NA,NA,NA,NA,2,1,1,1,1,2,2,1,1,NA,NA,NA,NA,NA,NA,NA,NA,NA,NA
15001085,15000084,1508,4,5,17.83333333,F,6,5,7,7,7,NA,NA,NA,NA,4,4,3,4,1,4,4,3,4,NA,NA,NA,NA,NA,NA,NA,NA,NA,NA
15001091,15000091,1509,3,5,18.25,F,5,5,7,4,5,NA,NA,NA,NA,5,6,6,6,6,6,6,6,5,NA,NA,NA,NA,NA,NA,NA,NA,NA,NA
15001091,15000092,1509,3,5,18.25,F,5,5,7,4,5,NA,NA,NA,NA,4,4,6,6,6,6,6,6,6,NA,NA,NA,NA,NA,NA,NA,NA,NA,NA
15001091,15000093,1509,3,5,18.25,F,5,5,7,4,5,NA,NA,NA,NA,1,4,4,6,4,6,4,5,3,NA,NA,NA,NA,NA,NA,NA,NA,NA,NA
15001092,15000091,1509,3,5,17.91666667,F,5,5,6,5,5,NA,NA,NA,NA,5,5,5,5,5,6,5,6,5,NA,NA,NA,NA,NA,NA,NA,NA,NA,NA
15001092,15000092,1509,3,5,17.91666667,F,5,5,6,5,5,NA,NA,NA,NA,5,6,6,6,6,6,6,6,5,NA,NA,NA,NA,NA,NA,NA,NA,NA,NA
15001092,15000093,1509,3,5,17.91666667,F,5,5,6,5,5,NA,NA,NA,NA,3,4,4,5,4,4,6,3,4,NA,NA,NA,NA,NA,NA,NA,NA,NA,NA
15001093,15000091,1509,3,5,20.41666667,F,6,5,6,5,5,NA,NA,NA,NA,3,4,4,3,4,5,3,3,3,NA,NA,NA,NA,NA,NA,NA,NA,NA,NA
15001093,15000092,1509,3,5,20.41666667,F,6,5,6,5,5,NA,NA,NA,NA,5,4,5,6,3,6,5,4,3,NA,NA,NA,NA,NA,NA,NA,NA,NA,NA
15001093,15000093,1509,3,5,20.41666667,F,6,5,6,5,5,NA,NA,NA,NA,2,3,3,3,4,4,5,2,3,NA,NA,NA,NA,NA,NA,NA,NA,NA,NA
15001094,15000091,1509,3,5,17.83333333,F,5,6,7,6,6,NA,NA,NA,NA,6,6,5,6,6,5,7,4,4,NA,NA,NA,NA,NA,NA,NA,NA,NA,NA
15001094,15000092,1509,3,5,17.83333333,F,5,6,7,6,6,NA,NA,NA,NA,6,4,5,7,7,5,7,6,4,NA,NA,NA,NA,NA,NA,NA,NA,NA,NA
15001094,15000093,1509,3,5,17.83333333,F,5,6,7,6,6,NA,NA,NA,NA,1,1,2,4,2,4,4,1,1,NA,NA,NA,NA,NA,NA,NA,NA,NA,NA
15001095,15000091,1509,3,5,17.91666667,F,6,6,6,5,7,NA,NA,NA,NA,5,5,5,6,6,7,4,5,5,NA,NA,NA,NA,NA,NA,NA,NA,NA,NA
15001095,15000092,1509,3,5,17.91666667,F,6,6,6,5,7,NA,NA,NA,NA,4,5,4,6,7,4,5,5,5,NA,NA,NA,NA,NA,NA,NA,NA,NA,NA
15001095,15000093,1509,3,5,17.91666667,F,6,6,6,5,7,NA,NA,NA,NA,2,4,2,6,2,6,5,2,3,NA,NA,NA,NA,NA,NA,NA,NA,NA,NA
15001101,15000101,1510,4,5,17.83333333,F,6,6,6,4,4,NA,NA,NA,NA,5,5,6,6,6,6,5,6,6,NA,NA,NA,NA,NA,NA,NA,NA,NA,NA
15001101,15000102,1510,4,5,17.83333333,F,6,6,6,4,4,NA,NA,NA,NA,5,6,6,5,6,6,5,6,5,NA,NA,NA,NA,NA,NA,NA,NA,NA,NA
15001101,15000103,1510,4,5,17.83333333,F,6,6,6,4,4,NA,NA,NA,NA,6,6,6,6,6,6,5,6,6,NA,NA,NA,NA,NA,NA,NA,NA,NA,NA
15001101,15000104,1510,4,5,17.83333333,F,6,6,6,4,4,NA,NA,NA,NA,5,6,5,5,4,5,5,5,4,NA,NA,NA,NA,NA,NA,NA,NA,NA,NA
15001102,15000101,1510,4,5,18.58333333,F,5,6,7,6,6,NA,NA,NA,NA,4,4,4,7,5,6,7,6,4,NA,NA,NA,NA,NA,NA,NA,NA,NA,NA
15001102,15000102,1510,4,5,18.58333333,F,5,6,7,6,6,NA,NA,NA,NA,2,2,3,6,4,4,4,5,4,NA,NA,NA,NA,NA,NA,NA,NA,NA,NA
15001102,15000103,1510,4,5,18.58333333,F,5,6,7,6,6,NA,NA,NA,NA,4,4,5,6,6,5,5,6,5,NA,NA,NA,NA,NA,NA,NA,NA,NA,NA
15001102,15000104,1510,4,5,18.58333333,F,5,6,7,6,6,NA,NA,NA,NA,6,5,5,6,6,5,6,6,5,NA,NA,NA,NA,NA,NA,NA,NA,NA,NA
15001103,15000101,1510,4,5,18.5,F,6,6,7,6,5,NA,NA,NA,NA,4,3,4,5,6,4,4,6,4,NA,NA,NA,NA,NA,NA,NA,NA,NA,NA
15001103,15000102,1510,4,5,18.5,F,6,6,7,6,5,NA,NA,NA,NA,5,5,6,6,7,6,6,5,5,NA,NA,NA,NA,NA,NA,NA,NA,NA,NA
15001103,15000103,1510,4,5,18.5,F,6,6,7,6,5,NA,NA,NA,NA,4,4,6,6,6,4,4,5,4,NA,NA,NA,NA,NA,NA,NA,NA,NA,NA
15001103,15000104,1510,4,5,18.5,F,6,6,7,6,5,NA,NA,NA,NA,6,5,6,7,7,4,6,5,4,NA,NA,NA,NA,NA,NA,NA,NA,NA,NA
15001104,15000101,1510,4,5,19.41666667,F,5,5,7,5,5,NA,NA,NA,NA,3,3,3,3,3,3,6,3,2,NA,NA,NA,NA,NA,NA,NA,NA,NA,NA
15001104,15000102,1510,4,5,19.41666667,F,5,5,7,5,5,NA,NA,NA,NA,4,4,3,3,4,4,3,3,3,NA,NA,NA,NA,NA,NA,NA,NA,NA,NA
15001104,15000103,1510,4,5,19.41666667,F,5,5,7,5,5,NA,NA,NA,NA,4,3,5,5,6,5,3,3,4,NA,NA,NA,NA,NA,NA,NA,NA,NA,NA
15001104,15000104,1510,4,5,19.41666667,F,5,5,7,5,5,NA,NA,NA,NA,3,3,4,4,4,2,4,2,3,NA,NA,NA,NA,NA,NA,NA,NA,NA,NA
15001105,15000101,1510,4,5,19.58333333,F,5,5,7,5,7,NA,NA,NA,NA,4,4,5,6,6,4,5,5,3,NA,NA,NA,NA,NA,NA,NA,NA,NA,NA
15001105,15000102,1510,4,5,19.58333333,F,5,5,7,5,7,NA,NA,NA,NA,3,3,4,4,3,3,3,2,1,NA,NA,NA,NA,NA,NA,NA,NA,NA,NA
15001105,15000103,1510,4,5,19.58333333,F,5,5,7,5,7,NA,NA,NA,NA,6,6,6,6,6,6,4,6,6,NA,NA,NA,NA,NA,NA,NA,NA,NA,NA
15001105,15000104,1510,4,5,19.58333333,F,5,5,7,5,7,NA,NA,NA,NA,4,4,5,5,4,5,3,3,3,NA,NA,NA,NA,NA,NA,NA,NA,NA,NA
15001111,15000111,1511,3,4,18.5,F,4,4,7,5,5,NA,NA,NA,NA,4,3,4,4,4,6,3,4,6,NA,NA,NA,NA,NA,NA,NA,NA,NA,NA
15001111,15000112,1511,3,4,18.5,F,4,4,7,5,5,NA,NA,NA,NA,4,4,5,7,6,6,6,4,5,NA,NA,NA,NA,NA,NA,NA,NA,NA,NA
15001111,15000113,1511,3,4,18.5,F,4,4,7,5,5,NA,NA,NA,NA,5,5,5,5,2,5,7,3,2,NA,NA,NA,NA,NA,NA,NA,NA,NA,NA
15001112,15000111,1511,3,4,18.16666667,F,5,4,6,5,6,NA,NA,NA,NA,4,4,4,4,5,5,2,3,4,NA,NA,NA,NA,NA,NA,NA,NA,NA,NA
15001112,15000112,1511,3,4,18.16666667,F,5,4,6,5,6,NA,NA,NA,NA,5,4,5,6,6,5,6,4,4,NA,NA,NA,NA,NA,NA,NA,NA,NA,NA
15001112,15000113,1511,3,4,18.16666667,F,5,4,6,5,6,NA,NA,NA,NA,6,6,5,6,6,5,6,5,4,NA,NA,NA,NA,NA,NA,NA,NA,NA,NA
15001113,15000111,1511,3,4,18.16666667,F,5,6,7,6,6,NA,NA,NA,NA,4,4,5,5,5,5,4,4,5,NA,NA,NA,NA,NA,NA,NA,NA,NA,NA
15001113,15000112,1511,3,4,18.16666667,F,5,6,7,6,6,NA,NA,NA,NA,6,5,5,5,5,5,6,5,5,NA,NA,NA,NA,NA,NA,NA,NA,NA,NA
15001113,15000113,1511,3,4,18.16666667,F,5,6,7,6,6,NA,NA,NA,NA,5,5,4,4,3,5,6,4,4,NA,NA,NA,NA,NA,NA,NA,NA,NA,NA
15001114,15000111,1511,3,4,17.83333333,F,6,6,7,4,6,NA,NA,NA,NA,5,5,4,6,5,4,6,5,5,NA,NA,NA,NA,NA,NA,NA,NA,NA,NA
15001114,15000112,1511,3,4,17.83333333,F,6,6,7,4,6,NA,NA,NA,NA,4,6,5,7,7,5,4,5,5,NA,NA,NA,NA,NA,NA,NA,NA,NA,NA
15001114,15000113,1511,3,4,17.83333333,F,6,6,7,4,6,NA,NA,NA,NA,5,6,5,6,6,6,4,5,5,NA,NA,NA,NA,NA,NA,NA,NA,NA,NA
15001121,15000121,1512,3,3,17.41666667,F,5,5,6,5,5,NA,NA,NA,NA,2,1,2,3,3,4,2,2,2,NA,NA,NA,NA,NA,NA,NA,NA,NA,NA
15001121,15000122,1512,3,3,17.41666667,F,5,5,6,5,5,NA,NA,NA,NA,3,3,3,4,5,3,4,3,3,NA,NA,NA,NA,NA,NA,NA,NA,NA,NA
15001121,15000123,1512,3,3,17.41666667,F,5,5,6,5,5,NA,NA,NA,NA,2,4,3,4,4,4,5,4,4,NA,NA,NA,NA,NA,NA,NA,NA,NA,NA
15001122,15000121,1512,3,3,18.08333333,F,6,5,7,4,4,NA,NA,NA,NA,1,3,2,5,3,3,4,3,2,NA,NA,NA,NA,NA,NA,NA,NA,NA,NA
15001122,15000122,1512,3,3,18.08333333,F,6,5,7,4,4,NA,NA,NA,NA,1,5,2,5,5,5,6,4,3,NA,NA,NA,NA,NA,NA,NA,NA,NA,NA
15001122,15000123,1512,3,3,18.08333333,F,6,5,7,4,4,NA,NA,NA,NA,2,5,3,5,5,5,5,4,5,NA,NA,NA,NA,NA,NA,NA,NA,NA,NA
15001123,15000121,1512,3,3,17.83333333,F,4,4,7,6,6,NA,NA,NA,NA,2,2,3,4,3,4,4,3,4,NA,NA,NA,NA,NA,NA,NA,NA,NA,NA
15001123,15000122,1512,3,3,17.83333333,F,4,4,7,6,6,NA,NA,NA,NA,3,3,4,5,4,5,6,5,5,NA,NA,NA,NA,NA,NA,NA,NA,NA,NA
15001123,15000123,1512,3,3,17.83333333,F,4,4,7,6,6,NA,NA,NA,NA,2,2,4,6,5,5,6,6,4,NA,NA,NA,NA,NA,NA,NA,NA,NA,NA
15001131,15000131,1513,4,5,NA,F,NA,3,7,7,7,NA,NA,NA,NA,3,5,3,3,4,7,3,2,4,NA,NA,NA,NA,NA,NA,NA,NA,NA,NA
15001131,15000132,1513,4,5,NA,F,NA,3,7,7,7,NA,NA,NA,NA,2,1,2,3,4,7,2,1,2,NA,NA,NA,NA,NA,NA,NA,NA,NA,NA
15001131,15000133,1513,4,5,NA,F,NA,3,7,7,7,NA,NA,NA,NA,4,3,3,3,3,5,3,2,2,NA,NA,NA,NA,NA,NA,NA,NA,NA,NA
15001131,15000134,1513,4,5,NA,F,NA,3,7,7,7,NA,NA,NA,NA,5,5,5,5,5,6,3,2,3,NA,NA,NA,NA,NA,NA,NA,NA,NA,NA
15001132,15000131,1513,4,5,18.58333333,F,6,3,7,3,5,NA,NA,NA,NA,4,6,5,6,6,2,4,7,6,NA,NA,NA,NA,NA,NA,NA,NA,NA,NA
15001132,15000132,1513,4,5,18.58333333,F,6,3,7,3,5,NA,NA,NA,NA,2,2,3,6,6,5,6,5,4,NA,NA,NA,NA,NA,NA,NA,NA,NA,NA
15001132,15000133,1513,4,5,18.58333333,F,6,3,7,3,5,NA,NA,NA,NA,5,2,4,5,4,4,4,4,4,NA,NA,NA,NA,NA,NA,NA,NA,NA,NA
15001132,15000134,1513,4,5,18.58333333,F,6,3,7,3,5,NA,NA,NA,NA,4,3,5,5,6,6,4,6,6,NA,NA,NA,NA,NA,NA,NA,NA,NA,NA
15001133,15000131,1513,4,5,18.83333333,F,6,6,7,5,6,NA,NA,NA,NA,2,2,5,6,6,6,6,6,5,NA,NA,NA,NA,NA,NA,NA,NA,NA,NA
15001133,15000132,1513,4,5,18.83333333,F,6,6,7,5,6,NA,NA,NA,NA,2,2,5,6,6,6,6,6,6,NA,NA,NA,NA,NA,NA,NA,NA,NA,NA
15001133,15000133,1513,4,5,18.83333333,F,6,6,7,5,6,NA,NA,NA,NA,4,2,5,6,6,6,5,6,6,NA,NA,NA,NA,NA,NA,NA,NA,NA,NA
15001133,15000134,1513,4,5,18.83333333,F,6,6,7,5,6,NA,NA,NA,NA,3,1,6,6,6,6,6,6,5,NA,NA,NA,NA,NA,NA,NA,NA,NA,NA
15001134,15000131,1513,4,5,46.08333333,F,5,5,5,6,7,NA,NA,NA,NA,2,2,2,4,3,4,4,3,4,NA,NA,NA,NA,NA,NA,NA,NA,NA,NA
15001134,15000132,1513,4,5,46.08333333,F,5,5,5,6,7,NA,NA,NA,NA,1,2,1,4,3,4,3,3,2,NA,NA,NA,NA,NA,NA,NA,NA,NA,NA
15001134,15000133,1513,4,5,46.08333333,F,5,5,5,6,7,NA,NA,NA,NA,3,3,3,4,3,4,4,4,3,NA,NA,NA,NA,NA,NA,NA,NA,NA,NA
15001134,15000134,1513,4,5,46.08333333,F,5,5,5,6,7,NA,NA,NA,NA,4,4,3,4,4,4,4,4,4,NA,NA,NA,NA,NA,NA,NA,NA,NA,NA
15001135,15000131,1513,4,5,21.25,F,5,5,7,4,7,NA,NA,NA,NA,6,6,6,6,6,6,5,6,NA,NA,NA,NA,NA,NA,NA,NA,NA,NA,NA
15001135,15000132,1513,4,5,21.25,F,5,5,7,4,7,NA,NA,NA,NA,4,4,4,6,5,6,5,6,6,NA,NA,NA,NA,NA,NA,NA,NA,NA,NA
15001135,15000133,1513,4,5,21.25,F,5,5,7,4,7,NA,NA,NA,NA,5,4,5,6,6,5,6,7,5,NA,NA,NA,NA,NA,NA,NA,NA,NA,NA
15001135,15000134,1513,4,5,21.25,F,5,5,7,4,7,NA,NA,NA,NA,7,7,7,7,7,6,7,6,6,NA,NA,NA,NA,NA,NA,NA,NA,NA,NA
15001141,15000141,1514,5,5,18,F,4,3,5,3,2,NA,NA,NA,NA,5,4,5,6,4,6,4,5,4,NA,NA,NA,NA,NA,NA,NA,NA,NA,NA
15001141,15000142,1514,5,5,18,F,4,3,5,3,2,NA,NA,NA,NA,6,6,6,6,6,5,6,7,5,NA,NA,NA,NA,NA,NA,NA,NA,NA,NA
15001141,15000143,1514,5,5,18,F,4,3,5,3,2,NA,NA,NA,NA,5,6,5,6,7,2,5,7,6,NA,NA,NA,NA,NA,NA,NA,NA,NA,NA
15001141,15000144,1514,5,5,18,F,4,3,5,3,2,NA,NA,NA,NA,6,6,6,5,7,3,6,6,4,NA,NA,NA,NA,NA,NA,NA,NA,NA,NA
15001141,15000145,1514,5,5,18,F,4,3,5,3,2,NA,NA,NA,NA,5,4,5,6,4,6,4,6,4,NA,NA,NA,NA,NA,NA,NA,NA,NA,NA
15001142,15000141,1514,5,5,17.41666667,F,5,4,7,7,7,NA,NA,NA,NA,3,1,4,6,5,7,6,4,3,NA,NA,NA,NA,NA,NA,NA,NA,NA,NA
15001142,15000142,1514,5,5,17.41666667,F,5,4,7,7,7,NA,NA,NA,NA,4,3,5,5,3,6,6,6,4,NA,NA,NA,NA,NA,NA,NA,NA,NA,NA
15001142,15000143,1514,5,5,17.41666667,F,5,4,7,7,7,NA,NA,NA,NA,6,3,6,6,6,6,6,4,4,NA,NA,NA,NA,NA,NA,NA,NA,NA,NA
15001142,15000144,1514,5,5,17.41666667,F,5,4,7,7,7,NA,NA,NA,NA,6,6,5,5,5,7,7,7,6,NA,NA,NA,NA,NA,NA,NA,NA,NA,NA
15001142,15000145,1514,5,5,17.41666667,F,5,4,7,7,7,NA,NA,NA,NA,5,3,5,6,6,4,7,5,3,NA,NA,NA,NA,NA,NA,NA,NA,NA,NA
15001143,15000141,1514,5,5,17.66666667,F,6,5,7,7,7,NA,NA,NA,NA,2,3,3,4,2,4,3,2,1,NA,NA,NA,NA,NA,NA,NA,NA,NA,NA
15001143,15000142,1514,5,5,17.66666667,F,6,5,7,7,7,NA,NA,NA,NA,2,3,3,3,5,4,5,2,2,NA,NA,NA,NA,NA,NA,NA,NA,NA,NA
15001143,15000143,1514,5,5,17.66666667,F,6,5,7,7,7,NA,NA,NA,NA,3,2,5,6,7,4,5,6,2,NA,NA,NA,NA,NA,NA,NA,NA,NA,NA
15001143,15000144,1514,5,5,17.66666667,F,6,5,7,7,7,NA,NA,NA,NA,5,5,5,6,6,4,6,6,3,NA,NA,NA,NA,NA,NA,NA,NA,NA,NA
15001143,15000145,1514,5,5,17.66666667,F,6,5,7,7,7,NA,NA,NA,NA,3,3,4,5,5,3,5,3,2,NA,NA,NA,NA,NA,NA,NA,NA,NA,NA
15001144,15000141,1514,5,5,18.25,F,5,5,6,4,5,NA,NA,NA,NA,4,3,3,5,3,4,5,3,2,NA,NA,NA,NA,NA,NA,NA,NA,NA,NA
15001144,15000142,1514,5,5,18.25,F,5,5,6,4,5,NA,NA,NA,NA,4,3,4,5,5,4,5,5,3,NA,NA,NA,NA,NA,NA,NA,NA,NA,NA
15001144,15000143,1514,5,5,18.25,F,5,5,6,4,5,NA,NA,NA,NA,4,4,5,5,6,5,5,6,6,NA,NA,NA,NA,NA,NA,NA,NA,NA,NA
15001144,15000144,1514,5,5,18.25,F,5,5,6,4,5,NA,NA,NA,NA,6,6,6,6,6,5,6,6,5,NA,NA,NA,NA,NA,NA,NA,NA,NA,NA
15001144,15000145,1514,5,5,18.25,F,5,5,6,4,5,NA,NA,NA,NA,2,2,3,3,3,4,3,3,3,NA,NA,NA,NA,NA,NA,NA,NA,NA,NA
15001145,15000141,1514,5,5,23.58333333,F,6,5,6,6,6,NA,NA,NA,NA,2,2,3,5,5,6,5,4,5,NA,NA,NA,NA,NA,NA,NA,NA,NA,NA
15001145,15000142,1514,5,5,23.58333333,F,6,5,6,6,6,NA,NA,NA,NA,3,2,4,5,3,5,4,2,2,NA,NA,NA,NA,NA,NA,NA,NA,NA,NA
15001145,15000143,1514,5,5,23.58333333,F,6,5,6,6,6,NA,NA,NA,NA,5,5,3,6,7,4,6,5,3,NA,NA,NA,NA,NA,NA,NA,NA,NA,NA
15001145,15000144,1514,5,5,23.58333333,F,6,5,6,6,6,NA,NA,NA,NA,5,6,6,6,3,5,6,4,3,NA,NA,NA,NA,NA,NA,NA,NA,NA,NA
15001145,15000145,1514,5,5,23.58333333,F,6,5,6,6,6,NA,NA,NA,NA,3,3,5,4,4,5,5,4,5,NA,NA,NA,NA,NA,NA,NA,NA,NA,NA
15001151,15000151,1515,3,5,17.91666667,F,5,4,6,5,5,NA,NA,NA,NA,3,5,4,5,5,5,4,4,4,NA,NA,NA,NA,NA,NA,NA,NA,NA,NA
15001151,15000152,1515,3,5,17.91666667,F,5,4,6,5,5,NA,NA,NA,NA,3,3,4,5,6,4,5,2,4,NA,NA,NA,NA,NA,NA,NA,NA,NA,NA
15001151,15000153,1515,3,5,17.91666667,F,5,4,6,5,5,NA,NA,NA,NA,4,5,5,4,5,5,6,5,4,NA,NA,NA,NA,NA,NA,NA,NA,NA,NA
15001152,15000151,1515,3,5,19.25,F,6,4,7,5,5,NA,NA,NA,NA,3,4,5,6,6,6,5,6,6,NA,NA,NA,NA,NA,NA,NA,NA,NA,NA
15001152,15000152,1515,3,5,19.25,F,6,4,7,5,5,NA,NA,NA,NA,3,3,5,6,6,6,5,6,5,NA,NA,NA,NA,NA,NA,NA,NA,NA,NA
15001152,15000153,1515,3,5,19.25,F,6,4,7,5,5,NA,NA,NA,NA,3,3,4,4,3,4,5,5,4,NA,NA,NA,NA,NA,NA,NA,NA,NA,NA
15001153,15000151,1515,3,5,18.33333333,F,5,6,6,7,6,NA,NA,NA,NA,4,6,5,7,4,5,6,4,2,NA,NA,NA,NA,NA,NA,NA,NA,NA,NA
15001153,15000152,1515,3,5,18.33333333,F,5,6,6,7,6,NA,NA,NA,NA,4,5,5,7,6,5,4,4,4,NA,NA,NA,NA,NA,NA,NA,NA,NA,NA
15001153,15000153,1515,3,5,18.33333333,F,5,6,6,7,6,NA,NA,NA,NA,6,6,6,6,6,4,5,4,4,NA,NA,NA,NA,NA,NA,NA,NA,NA,NA
15001154,15000151,1515,3,5,19.83333333,F,5,6,7,4,6,NA,NA,NA,NA,6,7,6,6,6,4,6,6,5,NA,NA,NA,NA,NA,NA,NA,NA,NA,NA
15001154,15000152,1515,3,5,19.83333333,F,5,6,7,4,6,NA,NA,NA,NA,4,4,4,7,7,5,7,7,4,NA,NA,NA,NA,NA,NA,NA,NA,NA,NA
15001154,15000153,1515,3,5,19.83333333,F,5,6,7,4,6,NA,NA,NA,NA,6,7,5,6,5,3,6,5,4,NA,NA,NA,NA,NA,NA,NA,NA,NA,NA
15001155,15000151,1515,3,5,20.41666667,F,5,5,7,5,7,NA,NA,NA,NA,4,5,6,6,6,5,6,4,4,NA,NA,NA,NA,NA,NA,NA,NA,NA,NA
15001155,15000152,1515,3,5,20.41666667,F,5,5,7,5,7,NA,NA,NA,NA,4,3,5,6,6,6,6,5,4,NA,NA,NA,NA,NA,NA,NA,NA,NA,NA
15001155,15000153,1515,3,5,20.41666667,F,5,5,7,5,7,NA,NA,NA,NA,6,6,7,6,5,6,6,5,4,NA,NA,NA,NA,NA,NA,NA,NA,NA,NA
15001161,15000161,1516,5,4,18.08333333,F,4,3,6,7,5,NA,NA,NA,NA,3,4,4,5,6,5,4,1,4,NA,NA,NA,NA,NA,NA,NA,NA,NA,NA
15001161,15000162,1516,5,4,18.08333333,F,4,3,6,7,5,NA,NA,NA,NA,3,3,4,3,6,6,4,3,1,NA,NA,NA,NA,NA,NA,NA,NA,NA,NA
15001161,15000163,1516,5,4,18.08333333,F,4,3,6,7,5,NA,NA,NA,NA,4,4,4,5,4,2,1,6,4,NA,NA,NA,NA,NA,NA,NA,NA,NA,NA
15001161,15000164,1516,5,4,18.08333333,F,4,3,6,7,5,NA,NA,NA,NA,6,5,6,6,6,4,6,4,1,NA,NA,NA,NA,NA,NA,NA,NA,NA,NA
15001161,15000165,1516,5,4,18.08333333,F,4,3,6,7,5,NA,NA,NA,NA,5,6,4,4,6,4,5,2,1,NA,NA,NA,NA,NA,NA,NA,NA,NA,NA
15001162,15000161,1516,5,4,19.41666667,F,4,4,7,6,5,NA,NA,NA,NA,2,3,3,6,4,4,2,2,2,NA,NA,NA,NA,NA,NA,NA,NA,NA,NA
15001162,15000162,1516,5,4,19.41666667,F,4,4,7,6,5,NA,NA,NA,NA,5,5,5,5,5,5,4,5,3,NA,NA,NA,NA,NA,NA,NA,NA,NA,NA
15001162,15000163,1516,5,4,19.41666667,F,4,4,7,6,5,NA,NA,NA,NA,2,2,2,3,2,4,2,1,2,NA,NA,NA,NA,NA,NA,NA,NA,NA,NA
15001162,15000164,1516,5,4,19.41666667,F,4,4,7,6,5,NA,NA,NA,NA,5,5,5,6,6,6,6,4,5,NA,NA,NA,NA,NA,NA,NA,NA,NA,NA
15001162,15000165,1516,5,4,19.41666667,F,4,4,7,6,5,NA,NA,NA,NA,3,3,5,5,6,6,6,4,4,NA,NA,NA,NA,NA,NA,NA,NA,NA,NA
15001163,15000161,1516,5,4,23.41666667,F,5,5,7,6,7,NA,NA,NA,NA,2,2,4,7,5,6,3,6,6,NA,NA,NA,NA,NA,NA,NA,NA,NA,NA
15001163,15000162,1516,5,4,23.41666667,F,5,5,7,6,7,NA,NA,NA,NA,5,4,5,6,6,5,6,5,5,NA,NA,NA,NA,NA,NA,NA,NA,NA,NA
15001163,15000163,1516,5,4,23.41666667,F,5,5,7,6,7,NA,NA,NA,NA,3,1,3,6,5,5,5,5,4,NA,NA,NA,NA,NA,NA,NA,NA,NA,NA
15001163,15000164,1516,5,4,23.41666667,F,5,5,7,6,7,NA,NA,NA,NA,5,5,6,7,7,7,4,6,5,NA,NA,NA,NA,NA,NA,NA,NA,NA,NA
15001163,15000165,1516,5,4,23.41666667,F,5,5,7,6,7,NA,NA,NA,NA,6,3,6,5,6,3,2,6,6,NA,NA,NA,NA,NA,NA,NA,NA,NA,NA
15001164,15000161,1516,5,4,18.08333333,F,5,5,6,6,5,NA,NA,NA,NA,4,4,4,7,7,5,7,4,4,NA,NA,NA,NA,NA,NA,NA,NA,NA,NA
15001164,15000162,1516,5,4,18.08333333,F,5,5,6,6,5,NA,NA,NA,NA,5,5,5,6,6,6,7,6,4,NA,NA,NA,NA,NA,NA,NA,NA,NA,NA
15001164,15000163,1516,5,4,18.08333333,F,5,5,6,6,5,NA,NA,NA,NA,4,5,5,7,7,6,5,6,4,NA,NA,NA,NA,NA,NA,NA,NA,NA,NA
15001164,15000164,1516,5,4,18.08333333,F,5,5,6,6,5,NA,NA,NA,NA,5,5,5,7,7,5,7,5,4,NA,NA,NA,NA,NA,NA,NA,NA,NA,NA
15001164,15000165,1516,5,4,18.08333333,F,5,5,6,6,5,NA,NA,NA,NA,6,5,5,6,6,6,6,6,4,NA,NA,NA,NA,NA,NA,NA,NA,NA,NA
15001171,15000171,1517,4,4,17.41666667,F,5,5,6,5,5,NA,NA,NA,NA,6,6,5,5,5,5,6,4,3,NA,NA,NA,NA,NA,NA,NA,NA,NA,NA
15001171,15000172,1517,4,4,17.41666667,F,5,5,6,5,5,NA,NA,NA,NA,4,3,4,3,4,5,4,4,5,NA,NA,NA,NA,NA,NA,NA,NA,NA,NA
15001171,15000173,1517,4,4,17.41666667,F,5,5,6,5,5,NA,NA,NA,NA,4,3,4,5,5,5,6,5,4,NA,NA,NA,NA,NA,NA,NA,NA,NA,NA
15001171,15000174,1517,4,4,17.41666667,F,5,5,6,5,5,NA,NA,NA,NA,3,3,4,4,5,4,5,4,4,NA,NA,NA,NA,NA,NA,NA,NA,NA,NA
15001172,15000171,1517,4,4,19.5,F,5,5,6,5,5,NA,NA,NA,NA,4,5,5,4,5,5,4,5,4,NA,NA,NA,NA,NA,NA,NA,NA,NA,NA
15001172,15000172,1517,4,4,19.5,F,5,5,6,5,5,NA,NA,NA,NA,5,6,5,4,4,5,4,5,4,NA,NA,NA,NA,NA,NA,NA,NA,NA,NA
15001172,15000173,1517,4,4,19.5,F,5,5,6,5,5,NA,NA,NA,NA,4,5,5,6,6,5,4,4,4,NA,NA,NA,NA,NA,NA,NA,NA,NA,NA
15001172,15000174,1517,4,4,19.5,F,5,5,6,5,5,NA,NA,NA,NA,3,4,3,4,4,5,4,3,3,NA,NA,NA,NA,NA,NA,NA,NA,NA,NA
15001173,15000171,1517,4,4,18.91666667,F,5,5,7,6,6,NA,NA,NA,NA,6,5,6,7,6,6,7,4,3,NA,NA,NA,NA,NA,NA,NA,NA,NA,NA
15001173,15000172,1517,4,4,18.91666667,F,5,5,7,6,6,NA,NA,NA,NA,5,6,5,5,4,5,3,3,5,NA,NA,NA,NA,NA,NA,NA,NA,NA,NA
15001173,15000173,1517,4,4,18.91666667,F,5,5,7,6,6,NA,NA,NA,NA,4,4,4,6,5,6,6,3,3,NA,NA,NA,NA,NA,NA,NA,NA,NA,NA
15001173,15000174,1517,4,4,18.91666667,F,5,5,7,6,6,NA,NA,NA,NA,4,4,4,5,3,6,5,4,5,NA,NA,NA,NA,NA,NA,NA,NA,NA,NA
15001174,15000171,1517,4,4,18.58333333,F,5,5,7,4,4,NA,NA,NA,NA,4,4,6,7,7,7,7,7,7,NA,NA,NA,NA,NA,NA,NA,NA,NA,NA
15001174,15000172,1517,4,4,18.58333333,F,5,5,7,4,4,NA,NA,NA,NA,4,4,4,5,3,4,4,2,2,NA,NA,NA,NA,NA,NA,NA,NA,NA,NA
15001174,15000173,1517,4,4,18.58333333,F,5,5,7,4,4,NA,NA,NA,NA,3,3,5,6,6,7,7,5,3,NA,NA,NA,NA,NA,NA,NA,NA,NA,NA
15001174,15000174,1517,4,4,18.58333333,F,5,5,7,4,4,NA,NA,NA,NA,3,3,5,7,7,7,5,3,3,NA,NA,NA,NA,NA,NA,NA,NA,NA,NA
15001181,15000181,1518,5,4,18.41666667,F,4,4,6,5,6,NA,NA,NA,NA,6,6,6,6,6,6,6,6,5,NA,NA,NA,NA,NA,NA,NA,NA,NA,NA
15001181,15000182,1518,5,4,18.41666667,F,4,4,6,5,6,NA,NA,NA,NA,5,5,4,5,5,4,4,4,3,NA,NA,NA,NA,NA,NA,NA,NA,NA,NA
15001181,15000183,1518,5,4,18.41666667,F,4,4,6,5,6,NA,NA,NA,NA,5,5,5,6,6,6,5,6,6,NA,NA,NA,NA,NA,NA,NA,NA,NA,NA
15001181,15000184,1518,5,4,18.41666667,F,4,4,6,5,6,NA,NA,NA,NA,5,5,5,7,7,6,5,6,5,NA,NA,NA,NA,NA,NA,NA,NA,NA,NA
15001181,15000185,1518,5,4,18.41666667,F,4,4,6,5,6,NA,NA,NA,NA,4,4,4,5,6,6,7,5,4,NA,NA,NA,NA,NA,NA,NA,NA,NA,NA
15001182,15000181,1518,5,4,19,F,5,5,5,5,6,NA,NA,NA,NA,6,6,7,6,5,5,7,6,4,NA,NA,NA,NA,NA,NA,NA,NA,NA,NA
15001182,15000182,1518,5,4,19,F,5,5,5,5,6,NA,NA,NA,NA,6,7,5,4,4,3,3,2,4,NA,NA,NA,NA,NA,NA,NA,NA,NA,NA
15001182,15000183,1518,5,4,19,F,5,5,5,5,6,NA,NA,NA,NA,6,6,6,6,6,6,4,7,7,NA,NA,NA,NA,NA,NA,NA,NA,NA,NA
15001182,15000184,1518,5,4,19,F,5,5,5,5,6,NA,NA,NA,NA,5,5,6,7,7,6,7,7,4,NA,NA,NA,NA,NA,NA,NA,NA,NA,NA
15001182,15000185,1518,5,4,19,F,5,5,5,5,6,NA,NA,NA,NA,6,6,5,6,3,5,6,4,4,NA,NA,NA,NA,NA,NA,NA,NA,NA,NA
15001183,15000181,1518,5,4,19,F,6,5,7,6,6,NA,NA,NA,NA,4,4,3,5,6,4,7,1,1,NA,NA,NA,NA,NA,NA,NA,NA,NA,NA
15001183,15000182,1518,5,4,19,F,6,5,7,6,6,NA,NA,NA,NA,4,4,3,4,4,4,4,3,3,NA,NA,NA,NA,NA,NA,NA,NA,NA,NA
15001183,15000183,1518,5,4,19,F,6,5,7,6,6,NA,NA,NA,NA,3,4,3,4,4,3,4,2,1,NA,NA,NA,NA,NA,NA,NA,NA,NA,NA
15001183,15000184,1518,5,4,19,F,6,5,7,6,6,NA,NA,NA,NA,3,3,3,7,7,6,7,2,2,NA,NA,NA,NA,NA,NA,NA,NA,NA,NA
15001183,15000185,1518,5,4,19,F,6,5,7,6,6,NA,NA,NA,NA,3,3,3,7,5,4,7,2,2,NA,NA,NA,NA,NA,NA,NA,NA,NA,NA
15001184,15000181,1518,5,4,18,F,5,3,6,6,3,NA,NA,NA,NA,6,7,6,6,6,5,6,6,4,NA,NA,NA,NA,NA,NA,NA,NA,NA,NA
15001184,15000182,1518,5,4,18,F,5,3,6,6,3,NA,NA,NA,NA,4,6,4,4,6,5,5,5,5,NA,NA,NA,NA,NA,NA,NA,NA,NA,NA
15001184,15000183,1518,5,4,18,F,5,3,6,6,3,NA,NA,NA,NA,6,6,6,6,6,6,5,6,6,NA,NA,NA,NA,NA,NA,NA,NA,NA,NA
15001184,15000184,1518,5,4,18,F,5,3,6,6,3,NA,NA,NA,NA,6,6,6,6,6,6,6,6,5,NA,NA,NA,NA,NA,NA,NA,NA,NA,NA
15001184,15000185,1518,5,4,18,F,5,3,6,6,3,NA,NA,NA,NA,5,6,5,6,6,5,6,6,5,NA,NA,NA,NA,NA,NA,NA,NA,NA,NA
15001191,15000191,1519,5,5,19.75,F,5,5,7,6,6,NA,NA,NA,NA,4,3,5,5,5,5,6,4,3,NA,NA,NA,NA,NA,NA,NA,NA,NA,NA
15001191,15000192,1519,5,5,19.75,F,5,5,7,6,6,NA,NA,NA,NA,3,3,5,3,3,5,2,2,1,NA,NA,NA,NA,NA,NA,NA,NA,NA,NA
15001191,15000193,1519,5,5,19.75,F,5,5,7,6,6,NA,NA,NA,NA,5,7,6,6,5,3,3,6,5,NA,NA,NA,NA,NA,NA,NA,NA,NA,NA
15001191,15000194,1519,5,5,19.75,F,5,5,7,6,6,NA,NA,NA,NA,4,4,5,4,1,4,6,3,2,NA,NA,NA,NA,NA,NA,NA,NA,NA,NA
15001191,15000195,1519,5,5,19.75,F,5,5,7,6,6,NA,NA,NA,NA,2,4,4,6,4,3,1,3,3,NA,NA,NA,NA,NA,NA,NA,NA,NA,NA
15001192,15000191,1519,5,5,30.66666667,F,6,5,7,6,6,NA,NA,NA,NA,6,4,5,6,6,6,6,5,3,NA,NA,NA,NA,NA,NA,NA,NA,NA,NA
15001192,15000192,1519,5,5,30.66666667,F,6,5,7,6,6,NA,NA,NA,NA,3,3,3,5,4,5,5,5,3,NA,NA,NA,NA,NA,NA,NA,NA,NA,NA
15001192,15000193,1519,5,5,30.66666667,F,6,5,7,6,6,NA,NA,NA,NA,4,5,5,5,5,4,6,4,3,NA,NA,NA,NA,NA,NA,NA,NA,NA,NA
15001192,15000194,1519,5,5,30.66666667,F,6,5,7,6,6,NA,NA,NA,NA,4,4,4,4,3,5,5,3,2,NA,NA,NA,NA,NA,NA,NA,NA,NA,NA
15001192,15000195,1519,5,5,30.66666667,F,6,5,7,6,6,NA,NA,NA,NA,2,2,2,6,3,5,6,4,2,NA,NA,NA,NA,NA,NA,NA,NA,NA,NA
15001193,15000191,1519,5,5,18.5,F,5,5,6,7,7,NA,NA,NA,NA,4,5,4,6,6,5,6,5,4,NA,NA,NA,NA,NA,NA,NA,NA,NA,NA
15001193,15000192,1519,5,5,18.5,F,5,5,6,7,7,NA,NA,NA,NA,4,5,4,6,6,5,6,6,4,NA,NA,NA,NA,NA,NA,NA,NA,NA,NA
15001193,15000193,1519,5,5,18.5,F,5,5,6,7,7,NA,NA,NA,NA,6,5,6,7,6,4,6,5,4,NA,NA,NA,NA,NA,NA,NA,NA,NA,NA
15001193,15000194,1519,5,5,18.5,F,5,5,6,7,7,NA,NA,NA,NA,4,4,3,5,4,5,6,3,4,NA,NA,NA,NA,NA,NA,NA,NA,NA,NA
15001193,15000195,1519,5,5,18.5,F,5,5,6,7,7,NA,NA,NA,NA,2,2,2,6,3,5,6,4,4,NA,NA,NA,NA,NA,NA,NA,NA,NA,NA
15001194,15000191,1519,5,5,19.5,F,5,5,6,5,6,NA,NA,NA,NA,5,5,5,4,6,5,4,5,4,NA,NA,NA,NA,NA,NA,NA,NA,NA,NA
15001194,15000192,1519,5,5,19.5,F,5,5,6,5,6,NA,NA,NA,NA,2,4,3,6,5,4,5,4,4,NA,NA,NA,NA,NA,NA,NA,NA,NA,NA
15001194,15000193,1519,5,5,19.5,F,5,5,6,5,6,NA,NA,NA,NA,5,5,5,7,6,4,6,6,4,NA,NA,NA,NA,NA,NA,NA,NA,NA,NA
15001194,15000194,1519,5,5,19.5,F,5,5,6,5,6,NA,NA,NA,NA,2,4,3,6,4,4,5,4,4,NA,NA,NA,NA,NA,NA,NA,NA,NA,NA
15001194,15000195,1519,5,5,19.5,F,5,5,6,5,6,NA,NA,NA,NA,4,3,3,6,5,4,5,3,3,NA,NA,NA,NA,NA,NA,NA,NA,NA,NA
15001195,15000191,1519,5,5,18.5,F,5,6,7,6,6,NA,NA,NA,NA,5,6,6,5,5,6,6,6,6,NA,NA,NA,NA,NA,NA,NA,NA,NA,NA
15001195,15000192,1519,5,5,18.5,F,5,6,7,6,6,NA,NA,NA,NA,5,5,4,5,5,5,5,5,5,NA,NA,NA,NA,NA,NA,NA,NA,NA,NA
15001195,15000193,1519,5,5,18.5,F,5,6,7,6,6,NA,NA,NA,NA,3,5,3,5,5,6,5,5,4,NA,NA,NA,NA,NA,NA,NA,NA,NA,NA
15001195,15000194,1519,5,5,18.5,F,5,6,7,6,6,NA,NA,NA,NA,4,5,4,6,4,5,6,4,5,NA,NA,NA,NA,NA,NA,NA,NA,NA,NA
15001195,15000195,1519,5,5,18.5,F,5,6,7,6,6,NA,NA,NA,NA,5,4,5,6,5,6,6,6,5,NA,NA,NA,NA,NA,NA,NA,NA,NA,NA
15001201,15000201,1520,5,4,19.25,F,5,5,7,7,6,NA,NA,NA,NA,3,2,3,4,5,5,5,4,6,NA,NA,NA,NA,NA,NA,NA,NA,NA,NA
15001201,15000202,1520,5,4,19.25,F,5,5,7,7,6,NA,NA,NA,NA,2,2,4,5,6,6,5,5,5,NA,NA,NA,NA,NA,NA,NA,NA,NA,NA
15001201,15000203,1520,5,4,19.25,F,5,5,7,7,6,NA,NA,NA,NA,4,4,5,7,6,5,6,5,5,NA,NA,NA,NA,NA,NA,NA,NA,NA,NA
15001201,15000204,1520,5,4,19.25,F,5,5,7,7,6,NA,NA,NA,NA,2,2,4,6,6,5,6,5,3,NA,NA,NA,NA,NA,NA,NA,NA,NA,NA
15001201,15000205,1520,5,4,19.25,F,5,5,7,7,6,NA,NA,NA,NA,3,3,4,5,6,5,4,5,4,NA,NA,NA,NA,NA,NA,NA,NA,NA,NA
15001202,15000201,1520,5,4,NA,F,NA,NA,NA,NA,NA,NA,NA,NA,NA,4,3,4,2,2,3,2,4,4,NA,NA,NA,NA,NA,NA,NA,NA,NA,NA
15001202,15000202,1520,5,4,NA,F,NA,NA,NA,NA,NA,NA,NA,NA,NA,4,3,4,3,4,4,3,5,3,NA,NA,NA,NA,NA,NA,NA,NA,NA,NA
15001202,15000203,1520,5,4,NA,F,NA,NA,NA,NA,NA,NA,NA,NA,NA,5,4,5,4,5,4,4,5,3,NA,NA,NA,NA,NA,NA,NA,NA,NA,NA
15001202,15000204,1520,5,4,NA,F,NA,NA,NA,NA,NA,NA,NA,NA,NA,2,2,2,2,2,2,1,2,1,NA,NA,NA,NA,NA,NA,NA,NA,NA,NA
15001202,15000205,1520,5,4,NA,F,NA,NA,NA,NA,NA,NA,NA,NA,NA,4,4,3,2,2,3,2,4,2,NA,NA,NA,NA,NA,NA,NA,NA,NA,NA
15001203,15000201,1520,5,4,18.16666667,F,6,6,7,6,6,NA,NA,NA,NA,3,2,3,4,4,3,3,2,2,NA,NA,NA,NA,NA,NA,NA,NA,NA,NA
15001203,15000202,1520,5,4,18.16666667,F,6,6,7,6,6,NA,NA,NA,NA,3,3,4,5,5,5,4,5,4,NA,NA,NA,NA,NA,NA,NA,NA,NA,NA
15001203,15000203,1520,5,4,18.16666667,F,6,6,7,6,6,NA,NA,NA,NA,3,3,4,5,4,4,4,3,2,NA,NA,NA,NA,NA,NA,NA,NA,NA,NA
15001203,15000204,1520,5,4,18.16666667,F,6,6,7,6,6,NA,NA,NA,NA,3,3,3,6,5,4,4,3,2,NA,NA,NA,NA,NA,NA,NA,NA,NA,NA
15001203,15000205,1520,5,4,18.16666667,F,6,6,7,6,6,NA,NA,NA,NA,3,4,4,3,4,4,3,3,2,NA,NA,NA,NA,NA,NA,NA,NA,NA,NA
15001204,15000201,1520,5,4,18.33333333,F,3,3,7,7,6,NA,NA,NA,NA,5,4,5,6,5,5,2,2,2,NA,NA,NA,NA,NA,NA,NA,NA,NA,NA
15001204,15000202,1520,5,4,18.33333333,F,3,3,7,7,6,NA,NA,NA,NA,3,2,4,7,7,5,4,5,2,NA,NA,NA,NA,NA,NA,NA,NA,NA,NA
15001204,15000203,1520,5,4,18.33333333,F,3,3,7,7,6,NA,NA,NA,NA,4,4,5,6,6,5,7,2,2,NA,NA,NA,NA,NA,NA,NA,NA,NA,NA
15001204,15000204,1520,5,4,18.33333333,F,3,3,7,7,6,NA,NA,NA,NA,4,5,5,5,3,5,5,5,2,NA,NA,NA,NA,NA,NA,NA,NA,NA,NA
15001204,15000205,1520,5,4,18.33333333,F,3,3,7,7,6,NA,NA,NA,NA,6,6,6,7,6,5,3,6,5,NA,NA,NA,NA,NA,NA,NA,NA,NA,NA
15001211,15000211,1521,5,2,18.08333333,F,6,5,6,5,6,NA,NA,NA,NA,4,2,3,7,5,5,5,5,4,NA,NA,NA,NA,NA,NA,NA,NA,NA,NA
15001211,15000212,1521,5,2,18.08333333,F,6,5,6,5,6,NA,NA,NA,NA,5,6,5,6,5,6,5,4,4,NA,NA,NA,NA,NA,NA,NA,NA,NA,NA
15001211,15000213,1521,5,2,18.08333333,F,6,5,6,5,6,NA,NA,NA,NA,4,4,3,6,4,5,6,4,4,NA,NA,NA,NA,NA,NA,NA,NA,NA,NA
15001211,15000214,1521,5,2,18.08333333,F,6,5,6,5,6,NA,NA,NA,NA,3,3,3,4,3,5,4,5,4,NA,NA,NA,NA,NA,NA,NA,NA,NA,NA
15001211,15000215,1521,5,2,18.08333333,F,6,5,6,5,6,NA,NA,NA,NA,6,6,6,6,6,5,5,6,4,NA,NA,NA,NA,NA,NA,NA,NA,NA,NA
15001212,15000211,1521,5,2,18,F,4,5,7,6,6,NA,NA,NA,NA,4,4,5,6,5,6,7,5,5,NA,NA,NA,NA,NA,NA,NA,NA,NA,NA
15001212,15000212,1521,5,2,18,F,4,5,7,6,6,NA,NA,NA,NA,4,5,6,5,6,6,6,4,5,NA,NA,NA,NA,NA,NA,NA,NA,NA,NA
15001212,15000213,1521,5,2,18,F,4,5,7,6,6,NA,NA,NA,NA,5,5,6,7,6,6,7,6,6,NA,NA,NA,NA,NA,NA,NA,NA,NA,NA
15001212,15000214,1521,5,2,18,F,4,5,7,6,6,NA,NA,NA,NA,5,4,5,5,6,6,6,5,6,NA,NA,NA,NA,NA,NA,NA,NA,NA,NA
15001212,15000215,1521,5,2,18,F,4,5,7,6,6,NA,NA,NA,NA,6,5,6,6,6,5,7,6,5,NA,NA,NA,NA,NA,NA,NA,NA,NA,NA
15001221,15000221,1522,5,5,18.25,F,5,5,7,7,7,NA,NA,NA,NA,5,5,6,5,6,7,7,6,6,NA,NA,NA,NA,NA,NA,NA,NA,NA,NA
15001221,15000222,1522,5,5,18.25,F,5,5,7,7,7,NA,NA,NA,NA,5,4,6,7,7,7,5,4,5,NA,NA,NA,NA,NA,NA,NA,NA,NA,NA
15001221,15000223,1522,5,5,18.25,F,5,5,7,7,7,NA,NA,NA,NA,5,5,5,7,7,7,7,7,7,NA,NA,NA,NA,NA,NA,NA,NA,NA,NA
15001221,15000224,1522,5,5,18.25,F,5,5,7,7,7,NA,NA,NA,NA,7,6,6,6,6,6,7,6,7,NA,NA,NA,NA,NA,NA,NA,NA,NA,NA
15001221,15000225,1522,5,5,18.25,F,5,5,7,7,7,NA,NA,NA,NA,5,5,5,7,7,5,6,7,5,NA,NA,NA,NA,NA,NA,NA,NA,NA,NA
15001222,15000221,1522,5,5,20.33333333,F,6,6,7,6,6,NA,NA,NA,NA,4,4,6,7,6,6,6,6,5,NA,NA,NA,NA,NA,NA,NA,NA,NA,NA
15001222,15000222,1522,5,5,20.33333333,F,6,6,7,6,6,NA,NA,NA,NA,3,3,4,5,4,5,5,4,4,NA,NA,NA,NA,NA,NA,NA,NA,NA,NA
15001222,15000223,1522,5,5,20.33333333,F,6,6,7,6,6,NA,NA,NA,NA,3,4,4,7,6,5,7,5,4,NA,NA,NA,NA,NA,NA,NA,NA,NA,NA
15001222,15000224,1522,5,5,20.33333333,F,6,6,7,6,6,NA,NA,NA,NA,5,6,6,6,6,5,6,6,7,NA,NA,NA,NA,NA,NA,NA,NA,NA,NA
15001222,15000225,1522,5,5,20.33333333,F,6,6,7,6,6,NA,NA,NA,NA,5,4,5,6,6,5,7,5,5,NA,NA,NA,NA,NA,NA,NA,NA,NA,NA
15001223,15000221,1522,5,5,18.66666667,F,5,5,6,6,5,NA,NA,NA,NA,3,2,4,6,6,6,6,6,5,NA,NA,NA,NA,NA,NA,NA,NA,NA,NA
15001223,15000222,1522,5,5,18.66666667,F,5,5,6,6,5,NA,NA,NA,NA,3,4,5,5,4,5,6,6,5,NA,NA,NA,NA,NA,NA,NA,NA,NA,NA
15001223,15000223,1522,5,5,18.66666667,F,5,5,6,6,5,NA,NA,NA,NA,3,3,4,4,5,5,5,6,5,NA,NA,NA,NA,NA,NA,NA,NA,NA,NA
15001223,15000224,1522,5,5,18.66666667,F,5,5,6,6,5,NA,NA,NA,NA,6,6,6,7,7,6,6,7,7,NA,NA,NA,NA,NA,NA,NA,NA,NA,NA
15001223,15000225,1522,5,5,18.66666667,F,5,5,6,6,5,NA,NA,NA,NA,5,6,5,5,4,3,5,3,3,NA,NA,NA,NA,NA,NA,NA,NA,NA,NA
15001224,15000221,1522,5,5,16.66666667,F,6,6,7,5,5,NA,NA,NA,NA,4,3,5,6,6,5,6,5,4,NA,NA,NA,NA,NA,NA,NA,NA,NA,NA
15001224,15000222,1522,5,5,16.66666667,F,6,6,7,5,5,NA,NA,NA,NA,5,4,5,5,3,6,5,5,5,NA,NA,NA,NA,NA,NA,NA,NA,NA,NA
15001224,15000223,1522,5,5,16.66666667,F,6,6,7,5,5,NA,NA,NA,NA,3,3,5,6,6,3,6,5,5,NA,NA,NA,NA,NA,NA,NA,NA,NA,NA
15001224,15000224,1522,5,5,16.66666667,F,6,6,7,5,5,NA,NA,NA,NA,3,5,5,5,3,3,5,4,4,NA,NA,NA,NA,NA,NA,NA,NA,NA,NA
15001224,15000225,1522,5,5,16.66666667,F,6,6,7,5,5,NA,NA,NA,NA,4,4,5,7,5,5,6,3,5,NA,NA,NA,NA,NA,NA,NA,NA,NA,NA
15001225,15000221,1522,5,5,18.08333333,F,5,5,7,6,6,NA,NA,NA,NA,5,5,6,5,6,6,6,6,5,NA,NA,NA,NA,NA,NA,NA,NA,NA,NA
15001225,15000222,1522,5,5,18.08333333,F,5,5,7,6,6,NA,NA,NA,NA,5,6,6,5,6,5,6,6,6,NA,NA,NA,NA,NA,NA,NA,NA,NA,NA
15001225,15000223,1522,5,5,18.08333333,F,5,5,7,6,6,NA,NA,NA,NA,3,4,6,6,7,6,6,6,5,NA,NA,NA,NA,NA,NA,NA,NA,NA,NA
15001225,15000224,1522,5,5,18.08333333,F,5,5,7,6,6,NA,NA,NA,NA,6,6,6,6,7,6,6,4,5,NA,NA,NA,NA,NA,NA,NA,NA,NA,NA
15001225,15000225,1522,5,5,18.08333333,F,5,5,7,6,6,NA,NA,NA,NA,5,6,5,6,7,6,6,5,5,NA,NA,NA,NA,NA,NA,NA,NA,NA,NA
15001231,15000231,1523,4,5,20.75,F,6,6,7,6,7,NA,NA,NA,NA,3,3,3,4,4,3,3,3,3,NA,NA,NA,NA,NA,NA,NA,NA,NA,NA
15001231,15000232,1523,4,5,20.75,F,6,6,7,6,7,NA,NA,NA,NA,4,3,3,5,4,4,4,3,3,NA,NA,NA,NA,NA,NA,NA,NA,NA,NA
15001231,15000233,1523,4,5,20.75,F,6,6,7,6,7,NA,NA,NA,NA,2,2,2,4,5,2,3,2,2,NA,NA,NA,NA,NA,NA,NA,NA,NA,NA
15001231,15000234,1523,4,5,20.75,F,6,6,7,6,7,NA,NA,NA,NA,4,3,4,4,5,4,4,5,4,NA,NA,NA,NA,NA,NA,NA,NA,NA,NA
15001232,15000231,1523,4,5,17.75,F,4,3,5,4,4,NA,NA,NA,NA,5,4,5,5,5,5,5,6,3,NA,NA,NA,NA,NA,NA,NA,NA,NA,NA
15001232,15000232,1523,4,5,17.75,F,4,3,5,4,4,NA,NA,NA,NA,5,5,5,6,6,3,6,4,4,NA,NA,NA,NA,NA,NA,NA,NA,NA,NA
15001232,15000233,1523,4,5,17.75,F,4,3,5,4,4,NA,NA,NA,NA,4,4,5,5,5,5,4,2,3,NA,NA,NA,NA,NA,NA,NA,NA,NA,NA
15001232,15000234,1523,4,5,17.75,F,4,3,5,4,4,NA,NA,NA,NA,5,6,6,5,5,5,6,6,5,NA,NA,NA,NA,NA,NA,NA,NA,NA,NA
15001233,15000231,1523,4,5,17.83333333,F,5,5,7,6,6,NA,NA,NA,NA,5,6,6,6,6,6,5,6,5,NA,NA,NA,NA,NA,NA,NA,NA,NA,NA
15001233,15000232,1523,4,5,17.83333333,F,5,5,7,6,6,NA,NA,NA,NA,6,5,6,7,6,5,5,7,6,NA,NA,NA,NA,NA,NA,NA,NA,NA,NA
15001233,15000233,1523,4,5,17.83333333,F,5,5,7,6,6,NA,NA,NA,NA,4,4,4,7,6,6,7,5,4,NA,NA,NA,NA,NA,NA,NA,NA,NA,NA
15001233,15000234,1523,4,5,17.83333333,F,5,5,7,6,6,NA,NA,NA,NA,6,5,7,6,6,5,6,6,5,NA,NA,NA,NA,NA,NA,NA,NA,NA,NA
15001234,15000231,1523,4,5,17.66666667,F,5,4,7,7,6,NA,NA,NA,NA,4,4,5,6,6,5,5,7,4,NA,NA,NA,NA,NA,NA,NA,NA,NA,NA
15001234,15000232,1523,4,5,17.66666667,F,5,4,7,7,6,NA,NA,NA,NA,6,6,6,6,7,7,6,5,4,NA,NA,NA,NA,NA,NA,NA,NA,NA,NA
15001234,15000233,1523,4,5,17.66666667,F,5,4,7,7,6,NA,NA,NA,NA,2,1,5,7,6,7,6,1,1,NA,NA,NA,NA,NA,NA,NA,NA,NA,NA
15001234,15000234,1523,4,5,17.66666667,F,5,4,7,7,6,NA,NA,NA,NA,5,4,5,5,6,7,5,6,5,NA,NA,NA,NA,NA,NA,NA,NA,NA,NA
15001235,15000231,1523,4,5,17.91666667,F,5,4,6,6,5,NA,NA,NA,NA,6,5,6,5,6,5,3,6,5,NA,NA,NA,NA,NA,NA,NA,NA,NA,NA
15001235,15000232,1523,4,5,17.91666667,F,5,4,6,6,5,NA,NA,NA,NA,5,5,5,5,6,4,6,5,4,NA,NA,NA,NA,NA,NA,NA,NA,NA,NA
15001235,15000233,1523,4,5,17.91666667,F,5,4,6,6,5,NA,NA,NA,NA,2,4,5,5,5,4,6,3,3,NA,NA,NA,NA,NA,NA,NA,NA,NA,NA
15001235,15000234,1523,4,5,17.91666667,F,5,4,6,6,5,NA,NA,NA,NA,6,6,6,5,5,5,4,3,3,NA,NA,NA,NA,NA,NA,NA,NA,NA,NA
16010001,16011001,1601,3,4,17.91666667,M,5,4,6,3,5,3,3,NA,NA,6,5,5,6,5,5,6,5,4,NA,NA,NA,NA,NA,NA,NA,NA,NA,NA
16010001,16011004,1601,3,4,17.91666667,M,5,4,6,3,5,3,3,NA,NA,2,2,3,5,5,6,4,4,6,NA,NA,NA,NA,NA,NA,NA,NA,NA,NA
16010001,16011002,1601,3,4,17.91666667,M,5,4,6,3,5,3,3,NA,NA,2,3,2,4,3,3,3,3,5,NA,NA,NA,NA,NA,NA,NA,NA,NA,NA
16010001,16011003,1601,3,4,17.91666667,M,5,4,6,3,5,3,3,NA,NA,4,5,4,5,4,4,4,4,5,NA,NA,NA,NA,NA,NA,NA,NA,NA,NA
16010002,16011003,1601,3,4,19.5,M,4,4,7,6,7,6,6,NA,NA,4,4,3,5,5,5,5,5,5,NA,NA,NA,NA,NA,NA,NA,NA,NA,NA
16010002,16011001,1601,3,4,19.5,M,4,4,7,6,7,6,6,NA,NA,3,3,5,6,6,6,6,6,6,NA,NA,NA,NA,NA,NA,NA,NA,NA,NA
16010002,16011004,1601,3,4,19.5,M,4,4,7,6,7,6,6,NA,NA,4,2,4,6,5,5,5,5,5,NA,NA,NA,NA,NA,NA,NA,NA,NA,NA
16010002,16011002,1601,3,4,19.5,M,4,4,7,6,7,6,6,NA,NA,1,1,1,5,3,3,3,4,3,NA,NA,NA,NA,NA,NA,NA,NA,NA,NA
16010003,16011002,1601,3,4,17.75,M,4,3,6,6,4,3,3,NA,NA,5,5,5,6,5,4,4,5,4,NA,NA,NA,NA,NA,NA,NA,NA,NA,NA
16010003,16011003,1601,3,4,17.75,M,4,3,6,6,4,3,3,NA,NA,3,4,4,4,5,5,4,3,3,NA,NA,NA,NA,NA,NA,NA,NA,NA,NA
16010003,16011001,1601,3,4,17.75,M,4,3,6,6,4,3,3,NA,NA,4,3,3,3,4,2,4,4,2,NA,NA,NA,NA,NA,NA,NA,NA,NA,NA
16010003,16011004,1601,3,4,17.75,M,4,3,6,6,4,3,3,NA,NA,3,3,5,4,5,5,5,5,5,NA,NA,NA,NA,NA,NA,NA,NA,NA,NA
16011001,16010001,1601,3,4,17.58333333,F,4,4,7,5,5,4,6,NA,NA,5,5,5,5,5,5,5,6,5,NA,NA,NA,NA,NA,NA,NA,NA,NA,NA
16011001,16010002,1601,3,4,17.58333333,F,4,4,7,5,5,4,6,NA,NA,5,5,5,6,3,5,4,4,5,NA,NA,NA,NA,NA,NA,NA,NA,NA,NA
16011001,16010003,1601,3,4,17.58333333,F,4,4,7,5,5,4,6,NA,NA,4,5,3,2,4,5,2,4,4,NA,NA,NA,NA,NA,NA,NA,NA,NA,NA
16011002,16010003,1601,3,4,17.66666667,F,5,5,5,5,6,4,4,NA,NA,3,4,4,5,5,4,4,5,4,NA,NA,NA,NA,NA,NA,NA,NA,NA,NA
16011002,16010001,1601,3,4,17.66666667,F,5,5,5,5,6,4,4,NA,NA,5,5,5,5,5,6,6,6,6,NA,NA,NA,NA,NA,NA,NA,NA,NA,NA
16011002,16010002,1601,3,4,17.66666667,F,5,5,5,5,6,4,4,NA,NA,4,5,4,5,4,3,5,4,4,NA,NA,NA,NA,NA,NA,NA,NA,NA,NA
16011003,16010002,1601,3,4,17.5,F,5,5,7,7,7,5,7,NA,NA,6,6,6,7,4,5,5,7,7,NA,NA,NA,NA,NA,NA,NA,NA,NA,NA
16011003,16010003,1601,3,4,17.5,F,5,5,7,7,7,5,7,NA,NA,3,4,4,5,4,4,4,4,5,NA,NA,NA,NA,NA,NA,NA,NA,NA,NA
16011003,16010001,1601,3,4,17.5,F,5,5,7,7,7,5,7,NA,NA,6,6,6,6,6,7,6,5,5,NA,NA,NA,NA,NA,NA,NA,NA,NA,NA
16011004,16010001,1601,3,4,23.16666667,F,2,3,7,1,7,6,6,NA,NA,6,6,6,6,7,7,7,5,5,NA,NA,NA,NA,NA,NA,NA,NA,NA,NA
16011004,16010002,1601,3,4,23.16666667,F,2,3,7,1,7,6,6,NA,NA,6,6,5,7,5,5,4,6,6,NA,NA,NA,NA,NA,NA,NA,NA,NA,NA
16011004,16010003,1601,3,4,23.16666667,F,2,3,7,1,7,6,6,NA,NA,1,1,1,4,3,7,6,4,5,NA,NA,NA,NA,NA,NA,NA,NA,NA,NA
16020004,16021008,1602,4,4,17,M,6,6,6,6,6,6,6,NA,NA,5,5,4,6,6,6,6,6,6,NA,NA,NA,NA,NA,NA,NA,NA,NA,NA
16020004,16021007,1602,4,4,17,M,6,6,6,6,6,6,6,NA,NA,5,5,4,6,6,6,6,6,6,NA,NA,NA,NA,NA,NA,NA,NA,NA,NA
16020004,16021006,1602,4,4,17,M,6,6,6,6,6,6,6,NA,NA,5,4,4,6,6,6,6,6,6,NA,NA,NA,NA,NA,NA,NA,NA,NA,NA
16020004,16021005,1602,4,4,17,M,6,6,6,6,6,6,6,NA,NA,5,5,4,6,6,6,6,6,6,NA,NA,NA,NA,NA,NA,NA,NA,NA,NA
16020005,16021006,1602,4,4,34.08333333,M,5,5,7,4,6,5,5,NA,NA,7,6,6,6,4,4,5,5,7,NA,NA,NA,NA,NA,NA,NA,NA,NA,NA
16020005,16021005,1602,4,4,34.08333333,M,5,5,7,4,6,5,5,NA,NA,4,5,3,4,1,3,2,2,4,NA,NA,NA,NA,NA,NA,NA,NA,NA,NA
16020005,16021008,1602,4,4,34.08333333,M,5,5,7,4,6,5,5,NA,NA,3,5,4,4,4,1,4,4,3,NA,NA,NA,NA,NA,NA,NA,NA,NA,NA
16020005,16021007,1602,4,4,34.08333333,M,5,5,7,4,6,5,5,NA,NA,3,5,4,4,3,3,3,5,4,NA,NA,NA,NA,NA,NA,NA,NA,NA,NA
16020006,16021005,1602,4,4,17.91666667,M,4,4,7,7,6,6,6,NA,NA,4,4,4,6,6,7,6,4,4,NA,NA,NA,NA,NA,NA,NA,NA,NA,NA
16020006,16021008,1602,4,4,17.91666667,M,4,4,7,7,6,6,6,NA,NA,3,4,3,7,4,7,4,4,5,NA,NA,NA,NA,NA,NA,NA,NA,NA,NA
16020006,16021007,1602,4,4,17.91666667,M,4,4,7,7,6,6,6,NA,NA,3,3,5,5,5,6,6,7,4,NA,NA,NA,NA,NA,NA,NA,NA,NA,NA
16020006,16021006,1602,4,4,17.91666667,M,4,4,7,7,6,6,6,NA,NA,4,4,4,6,6,7,7,6,6,NA,NA,NA,NA,NA,NA,NA,NA,NA,NA
16020007,16021007,1602,4,4,17.83333333,M,5,5,6,6,7,5,5,NA,NA,6,5,6,6,5,6,6,6,5,NA,NA,NA,NA,NA,NA,NA,NA,NA,NA
16020007,16021006,1602,4,4,17.83333333,M,5,5,6,6,7,5,5,NA,NA,6,7,6,6,5,7,7,5,4,NA,NA,NA,NA,NA,NA,NA,NA,NA,NA
16020007,16021005,1602,4,4,17.83333333,M,5,5,6,6,7,5,5,NA,NA,6,6,6,6,7,6,6,6,6,NA,NA,NA,NA,NA,NA,NA,NA,NA,NA
16020007,16021008,1602,4,4,17.83333333,M,5,5,6,6,7,5,5,NA,NA,5,5,4,6,4,4,4,5,5,NA,NA,NA,NA,NA,NA,NA,NA,NA,NA
16021005,16020006,1602,4,4,17.41666667,F,5,7,7,6,7,5,7,NA,NA,4,6,6,6,6,6,7,6,4,NA,NA,NA,NA,NA,NA,NA,NA,NA,NA
16021005,16020005,1602,4,4,17.41666667,F,5,7,7,6,7,5,7,NA,NA,3,2,3,6,3,6,5,4,7,NA,NA,NA,NA,NA,NA,NA,NA,NA,NA
16021005,16020007,1602,4,4,17.41666667,F,5,7,7,6,7,5,7,NA,NA,4,3,5,7,6,6,6,5,6,NA,NA,NA,NA,NA,NA,NA,NA,NA,NA
16021005,16020004,1602,4,4,17.41666667,F,5,7,7,6,7,5,7,NA,NA,1,3,3,6,3,6,2,2,4,NA,NA,NA,NA,NA,NA,NA,NA,NA,NA
16021006,16020005,1602,4,4,18.08333333,F,3,3,7,5,5,4,4,NA,NA,3,3,4,5,3,7,6,6,6,NA,NA,NA,NA,NA,NA,NA,NA,NA,NA
16021006,16020007,1602,4,4,18.08333333,F,3,3,7,5,5,4,4,NA,NA,2,2,3,3,4,4,4,5,4,NA,NA,NA,NA,NA,NA,NA,NA,NA,NA
16021006,16020004,1602,4,4,18.08333333,F,3,3,7,5,5,4,4,NA,NA,3,4,3,6,2,2,2,3,2,NA,NA,NA,NA,NA,NA,NA,NA,NA,NA
16021006,16020006,1602,4,4,18.08333333,F,3,3,7,5,5,4,4,NA,NA,5,5,5,6,6,6,6,5,5,NA,NA,NA,NA,NA,NA,NA,NA,NA,NA
16021007,16020007,1602,4,4,17.66666667,F,4,4,6,7,6,4,6,NA,NA,3,2,5,6,4,5,5,5,5,NA,NA,NA,NA,NA,NA,NA,NA,NA,NA
16021007,16020004,1602,4,4,17.66666667,F,4,4,6,7,6,4,6,NA,NA,4,5,4,5,4,4,3,4,4,NA,NA,NA,NA,NA,NA,NA,NA,NA,NA
16021007,16020006,1602,4,4,17.66666667,F,4,4,6,7,6,4,6,NA,NA,5,6,5,5,6,6,5,5,5,NA,NA,NA,NA,NA,NA,NA,NA,NA,NA
16021007,16020005,1602,4,4,17.66666667,F,4,4,6,7,6,4,6,NA,NA,2,2,3,3,3,5,4,4,4,NA,NA,NA,NA,NA,NA,NA,NA,NA,NA
16021008,16020004,1602,4,4,18.33333333,F,5,5,7,5,6,4,6,NA,NA,4,4,3,6,2,3,2,3,2,NA,NA,NA,NA,NA,NA,NA,NA,NA,NA
16021008,16020006,1602,4,4,18.33333333,F,5,5,7,5,6,4,6,NA,NA,4,5,5,6,5,6,6,4,5,NA,NA,NA,NA,NA,NA,NA,NA,NA,NA
16021008,16020005,1602,4,4,18.33333333,F,5,5,7,5,6,4,6,NA,NA,3,4,5,5,5,6,6,6,7,NA,NA,NA,NA,NA,NA,NA,NA,NA,NA
16021008,16020007,1602,4,4,18.33333333,F,5,5,7,5,6,4,6,NA,NA,2,2,4,5,5,7,7,4,6,NA,NA,NA,NA,NA,NA,NA,NA,NA,NA
16040011,16041014,1604,2,3,18.33333333,M,5,5,6,4,6,4,5,NA,NA,4,4,4,6,5,6,6,6,5,NA,NA,NA,NA,NA,NA,NA,NA,NA,NA
16040011,16041012,1604,2,3,18.33333333,M,5,5,6,4,6,4,5,NA,NA,6,6,6,6,5,5,6,5,5,NA,NA,NA,NA,NA,NA,NA,NA,NA,NA
16040011,16041013,1604,2,3,18.33333333,M,5,5,6,4,6,4,5,NA,NA,4,3,4,6,5,4,5,5,6,NA,NA,NA,NA,NA,NA,NA,NA,NA,NA
16040012,16041012,1604,2,3,20.91666667,M,7,6,7,5,6,6,5,NA,NA,6,6,6,6,5,6,6,6,6,NA,NA,NA,NA,NA,NA,NA,NA,NA,NA
16040012,16041013,1604,2,3,20.91666667,M,7,6,7,5,6,6,5,NA,NA,3,1,3,5,3,4,5,5,6,NA,NA,NA,NA,NA,NA,NA,NA,NA,NA
16040012,16041014,1604,2,3,20.91666667,M,7,6,7,5,6,6,5,NA,NA,3,2,3,6,4,5,5,6,7,NA,NA,NA,NA,NA,NA,NA,NA,NA,NA
16041012,16040012,1604,2,3,18.5,F,5,5,6,5,5,3,4,NA,NA,5,5,5,6,4,6,7,6,6,NA,NA,NA,NA,NA,NA,NA,NA,NA,NA
16041012,16040011,1604,2,3,18.5,F,5,5,6,5,5,3,4,NA,NA,3,3,3,5,3,3,4,4,4,NA,NA,NA,NA,NA,NA,NA,NA,NA,NA
16041013,16040012,1604,2,3,19.33333333,F,5,4,6,5,7,4,4,NA,NA,5,5,5,6,5,6,6,5,7,NA,NA,NA,NA,NA,NA,NA,NA,NA,NA
16041013,16040011,1604,2,3,19.33333333,F,5,4,6,5,7,4,4,NA,NA,2,2,4,6,6,4,4,6,4,NA,NA,NA,NA,NA,NA,NA,NA,NA,NA
16041014,16040011,1604,2,3,29.83333333,F,7,7,7,4,7,4,5,NA,NA,4,4,4,4,1,4,1,4,4,NA,NA,NA,NA,NA,NA,NA,NA,NA,NA
16041014,16040012,1604,2,3,29.83333333,F,7,7,7,4,7,4,5,NA,NA,6,6,6,7,5,7,7,6,6,NA,NA,NA,NA,NA,NA,NA,NA,NA,NA
16050013,16051015,1605,4,4,20.66666667,M,5,5,7,5,6,4,7,NA,NA,5,5,4,6,2,4,4,5,7,NA,NA,NA,NA,NA,NA,NA,NA,NA,NA
16050013,16051016,1605,4,4,20.66666667,M,5,5,7,5,6,4,7,NA,NA,7,7,6,6,4,6,5,4,6,NA,NA,NA,NA,NA,NA,NA,NA,NA,NA
16050013,16051018,1605,4,4,20.66666667,M,5,5,7,5,6,4,7,NA,NA,4,3,3,4,3,5,4,5,4,NA,NA,NA,NA,NA,NA,NA,NA,NA,NA
16050013,16051017,1605,4,4,20.66666667,M,5,5,7,5,6,4,7,NA,NA,3,3,4,4,4,5,5,4,5,NA,NA,NA,NA,NA,NA,NA,NA,NA,NA
16050014,16051018,1605,4,4,26.16666667,M,5,5,7,4,6,4,5,NA,NA,6,5,6,6,5,3,4,6,5,NA,NA,NA,NA,NA,NA,NA,NA,NA,NA
16050014,16051017,1605,4,4,26.16666667,M,5,5,7,4,6,4,5,NA,NA,5,6,5,4,4,6,6,6,5,NA,NA,NA,NA,NA,NA,NA,NA,NA,NA
16050014,16051015,1605,4,4,26.16666667,M,5,5,7,4,6,4,5,NA,NA,4,6,5,6,3,4,4,6,6,NA,NA,NA,NA,NA,NA,NA,NA,NA,NA
16050014,16051016,1605,4,4,26.16666667,M,5,5,7,4,6,4,5,NA,NA,6,6,7,6,6,7,7,7,5,NA,NA,NA,NA,NA,NA,NA,NA,NA,NA
16050015,16051017,1605,4,4,20.83333333,M,6,6,7,7,7,7,7,NA,NA,5,6,5,5,5,4,5,6,5,NA,NA,NA,NA,NA,NA,NA,NA,NA,NA
16050015,16051015,1605,4,4,20.83333333,M,6,6,7,7,7,7,7,NA,NA,4,5,3,6,3,3,3,6,5,NA,NA,NA,NA,NA,NA,NA,NA,NA,NA
16050015,16051016,1605,4,4,20.83333333,M,6,6,7,7,7,7,7,NA,NA,5,6,5,5,5,5,5,5,6,NA,NA,NA,NA,NA,NA,NA,NA,NA,NA
16050015,16051018,1605,4,4,20.83333333,M,6,6,7,7,7,7,7,NA,NA,5,4,5,5,5,4,4,6,4,NA,NA,NA,NA,NA,NA,NA,NA,NA,NA
16050016,16051016,1605,4,4,18.08333333,M,6,7,6,7,4,4,3,NA,NA,5,6,6,7,7,7,7,7,7,NA,NA,NA,NA,NA,NA,NA,NA,NA,NA
16050016,16051018,1605,4,4,18.08333333,M,6,7,6,7,4,4,3,NA,NA,4,3,4,6,4,4,4,6,6,NA,NA,NA,NA,NA,NA,NA,NA,NA,NA
16050016,16051017,1605,4,4,18.08333333,M,6,7,6,7,4,4,3,NA,NA,4,4,4,6,4,7,7,5,6,NA,NA,NA,NA,NA,NA,NA,NA,NA,NA
16050016,16051015,1605,4,4,18.08333333,M,6,7,6,7,4,4,3,NA,NA,5,7,5,7,5,6,6,7,7,NA,NA,NA,NA,NA,NA,NA,NA,NA,NA
16051015,16050013,1605,4,4,20.83333333,F,5,5,6,5,6,5,5,NA,NA,5,4,5,6,4,5,4,4,5,NA,NA,NA,NA,NA,NA,NA,NA,NA,NA
16051015,16050015,1605,4,4,20.83333333,F,5,5,6,5,6,5,5,NA,NA,5,6,5,6,4,6,6,4,5,NA,NA,NA,NA,NA,NA,NA,NA,NA,NA
16051015,16050014,1605,4,4,20.83333333,F,5,5,6,5,6,5,5,NA,NA,3,3,4,7,4,5,5,4,7,NA,NA,NA,NA,NA,NA,NA,NA,NA,NA
16051015,16050016,1605,4,4,20.83333333,F,5,5,6,5,6,5,5,NA,NA,6,6,6,5,6,5,5,4,5,NA,NA,NA,NA,NA,NA,NA,NA,NA,NA
16051016,16050016,1605,4,4,18.33333333,F,6,6,6,5,5,5,6,NA,NA,5,5,5,6,6,6,6,5,7,NA,NA,NA,NA,NA,NA,NA,NA,NA,NA
16051016,16050013,1605,4,4,18.33333333,F,6,6,6,5,5,5,6,NA,NA,3,2,4,5,4,5,4,4,4,NA,NA,NA,NA,NA,NA,NA,NA,NA,NA
16051016,16050015,1605,4,4,18.33333333,F,6,6,6,5,5,5,6,NA,NA,4,4,4,6,7,6,6,5,5,NA,NA,NA,NA,NA,NA,NA,NA,NA,NA
16051016,16050014,1605,4,4,18.33333333,F,6,6,6,5,5,5,6,NA,NA,3,2,3,7,5,6,4,4,6,NA,NA,NA,NA,NA,NA,NA,NA,NA,NA
16051017,16050015,1605,4,4,19.08333333,F,5,7,6,6,6,1,6,NA,NA,7,6,6,6,5,6,6,6,5,NA,NA,NA,NA,NA,NA,NA,NA,NA,NA
16051017,16050014,1605,4,4,19.08333333,F,5,7,6,6,6,1,6,NA,NA,1,1,1,7,2,2,1,3,3,NA,NA,NA,NA,NA,NA,NA,NA,NA,NA
16051017,16050016,1605,4,4,19.08333333,F,5,7,6,6,6,1,6,NA,NA,6,7,4,5,4,4,5,5,7,NA,NA,NA,NA,NA,NA,NA,NA,NA,NA
16051017,16050013,1605,4,4,19.08333333,F,5,7,6,6,6,1,6,NA,NA,5,2,5,5,5,5,6,5,4,NA,NA,NA,NA,NA,NA,NA,NA,NA,NA
16051018,16050014,1605,4,4,18.91666667,F,5,5,6,6,6,4,4,NA,NA,4,4,4,6,5,5,5,4,5,NA,NA,NA,NA,NA,NA,NA,NA,NA,NA
16051018,16050016,1605,4,4,18.91666667,F,5,5,6,6,6,4,4,NA,NA,5,5,6,5,5,5,5,5,6,NA,NA,NA,NA,NA,NA,NA,NA,NA,NA
16051018,16050013,1605,4,4,18.91666667,F,5,5,6,6,6,4,4,NA,NA,4,3,3,4,3,4,3,4,3,NA,NA,NA,NA,NA,NA,NA,NA,NA,NA
16051018,16050015,1605,4,4,18.91666667,F,5,5,6,6,6,4,4,NA,NA,4,4,4,5,4,5,5,4,5,NA,NA,NA,NA,NA,NA,NA,NA,NA,NA
16060017,16061019,1606,4,4,17.91666667,M,6,6,7,5,6,5,5,NA,NA,5,5,6,6,5,5,6,6,5,NA,NA,NA,NA,NA,NA,NA,NA,NA,NA
16060017,16061021,1606,4,4,17.91666667,M,6,6,7,5,6,5,5,NA,NA,3,4,4,4,5,6,6,5,3,NA,NA,NA,NA,NA,NA,NA,NA,NA,NA
16060017,16061022,1606,4,4,17.91666667,M,6,6,7,5,6,5,5,NA,NA,5,4,3,7,2,2,2,6,5,NA,NA,NA,NA,NA,NA,NA,NA,NA,NA
16060017,16061020,1606,4,4,17.91666667,M,6,6,7,5,6,5,5,NA,NA,2,3,3,3,4,4,4,4,4,NA,NA,NA,NA,NA,NA,NA,NA,NA,NA
16060018,16061022,1606,4,4,17.58333333,M,6,5,7,6,5,3,3,NA,NA,5,6,6,6,6,6,6,7,5,NA,NA,NA,NA,NA,NA,NA,NA,NA,NA
16060018,16061020,1606,4,4,17.58333333,M,6,5,7,6,5,3,3,NA,NA,3,5,4,5,6,6,6,6,4,NA,NA,NA,NA,NA,NA,NA,NA,NA,NA
16060018,16061019,1606,4,4,17.58333333,M,6,5,7,6,5,3,3,NA,NA,5,7,6,5,6,6,6,6,6,NA,NA,NA,NA,NA,NA,NA,NA,NA,NA
16060018,16061021,1606,4,4,17.58333333,M,6,5,7,6,5,3,3,NA,NA,3,3,3,3,3,4,3,5,4,NA,NA,NA,NA,NA,NA,NA,NA,NA,NA
16060019,16061021,1606,4,4,18.5,M,5,5,7,3,6,4,7,NA,NA,4,4,5,6,5,7,5,4,4,NA,NA,NA,NA,NA,NA,NA,NA,NA,NA
16060019,16061022,1606,4,4,18.5,M,5,5,7,3,6,4,7,NA,NA,4,3,3,6,3,4,4,5,3,NA,NA,NA,NA,NA,NA,NA,NA,NA,NA
16060019,16061020,1606,4,4,18.5,M,5,5,7,3,6,4,7,NA,NA,4,4,4,5,5,5,4,5,4,NA,NA,NA,NA,NA,NA,NA,NA,NA,NA
16060019,16061019,1606,4,4,18.5,M,5,5,7,3,6,4,7,NA,NA,4,5,5,6,5,7,6,5,4,NA,NA,NA,NA,NA,NA,NA,NA,NA,NA
16060020,16061020,1606,4,4,17.75,M,6,5,5,6,7,6,2,NA,NA,2,4,4,5,4,5,6,7,4,NA,NA,NA,NA,NA,NA,NA,NA,NA,NA
16060020,16061019,1606,4,4,17.75,M,6,5,5,6,7,6,2,NA,NA,6,4,5,6,6,7,7,5,7,NA,NA,NA,NA,NA,NA,NA,NA,NA,NA
16060020,16061021,1606,4,4,17.75,M,6,5,5,6,7,6,2,NA,NA,4,6,5,6,5,6,6,7,6,NA,NA,NA,NA,NA,NA,NA,NA,NA,NA
16060020,16061022,1606,4,4,17.75,M,6,5,5,6,7,6,2,NA,NA,6,4,5,6,3,2,2,6,4,NA,NA,NA,NA,NA,NA,NA,NA,NA,NA
16061019,16060017,1606,4,4,16.91666667,F,5,4,5,6,7,6,6,NA,NA,5,4,5,5,5,5,6,6,6,NA,NA,NA,NA,NA,NA,NA,NA,NA,NA
16061019,16060020,1606,4,4,16.91666667,F,5,4,5,6,7,6,6,NA,NA,4,4,4,4,5,5,5,4,4,NA,NA,NA,NA,NA,NA,NA,NA,NA,NA
16061019,16060018,1606,4,4,16.91666667,F,5,4,5,6,7,6,6,NA,NA,3,4,4,5,5,5,3,3,4,NA,NA,NA,NA,NA,NA,NA,NA,NA,NA
16061019,16060019,1606,4,4,16.91666667,F,5,4,5,6,7,6,6,NA,NA,3,3,4,6,4,5,4,5,5,NA,NA,NA,NA,NA,NA,NA,NA,NA,NA
16061020,16060020,1606,4,4,19.16666667,F,4,5,5,3,4,3,4,NA,NA,4,4,5,5,5,5,5,5,4,NA,NA,NA,NA,NA,NA,NA,NA,NA,NA
16061020,16060018,1606,4,4,19.16666667,F,4,5,5,3,4,3,4,NA,NA,4,4,4,5,4,3,3,6,4,NA,NA,NA,NA,NA,NA,NA,NA,NA,NA
16061020,16060019,1606,4,4,19.16666667,F,4,5,5,3,4,3,4,NA,NA,4,4,5,6,4,4,5,5,5,NA,NA,NA,NA,NA,NA,NA,NA,NA,NA
16061020,16060017,1606,4,4,19.16666667,F,4,5,5,3,4,3,4,NA,NA,4,4,5,5,4,5,5,6,6,NA,NA,NA,NA,NA,NA,NA,NA,NA,NA
16061021,16060019,1606,4,4,18.33333333,F,1,7,7,7,4,4,7,NA,NA,4,4,4,7,4,5,4,7,4,NA,NA,NA,NA,NA,NA,NA,NA,NA,NA
16061021,16060017,1606,4,4,18.33333333,F,1,7,7,7,4,4,7,NA,NA,5,5,6,6,7,7,7,7,7,NA,NA,NA,NA,NA,NA,NA,NA,NA,NA
16061021,16060020,1606,4,4,18.33333333,F,1,7,7,7,4,4,7,NA,NA,4,3,4,7,7,7,7,7,7,NA,NA,NA,NA,NA,NA,NA,NA,NA,NA
16061021,16060018,1606,4,4,18.33333333,F,1,7,7,7,4,4,7,NA,NA,2,2,2,7,2,4,2,3,3,NA,NA,NA,NA,NA,NA,NA,NA,NA,NA
16061022,16060018,1606,4,4,17.66666667,F,3,3,5,6,7,3,2,NA,NA,4,4,5,5,5,5,6,6,6,NA,NA,NA,NA,NA,NA,NA,NA,NA,NA
16061022,16060019,1606,4,4,17.66666667,F,3,3,5,6,7,3,2,NA,NA,4,5,5,6,6,6,6,6,5,NA,NA,NA,NA,NA,NA,NA,NA,NA,NA
16061022,16060017,1606,4,4,17.66666667,F,3,3,5,6,7,3,2,NA,NA,6,6,6,6,7,7,7,7,6,NA,NA,NA,NA,NA,NA,NA,NA,NA,NA
16061022,16060020,1606,4,4,17.66666667,F,3,3,5,6,7,3,2,NA,NA,4,4,4,7,6,7,6,5,5,NA,NA,NA,NA,NA,NA,NA,NA,NA,NA
16070021,16071024,1607,3,3,17.58333333,M,5,4,5,6,5,3,3,NA,NA,4,5,5,5,4,6,6,6,5,NA,NA,NA,NA,NA,NA,NA,NA,NA,NA
16070021,16071026,1607,3,3,17.58333333,M,5,4,5,6,5,3,3,NA,NA,5,5,4,5,5,5,5,5,4,NA,NA,NA,NA,NA,NA,NA,NA,NA,NA
16070021,16071023,1607,3,3,17.58333333,M,5,4,5,6,5,3,3,NA,NA,5,5,6,5,6,6,7,5,6,NA,NA,NA,NA,NA,NA,NA,NA,NA,NA
16070022,16071026,1607,3,3,17.83333333,M,5,4,7,6,6,4,5,NA,NA,6,5,6,4,6,6,6,5,5,NA,NA,NA,NA,NA,NA,NA,NA,NA,NA
16070022,16071023,1607,3,3,17.83333333,M,5,4,7,6,6,4,5,NA,NA,5,5,5,5,6,6,6,6,5,NA,NA,NA,NA,NA,NA,NA,NA,NA,NA
16070022,16071024,1607,3,3,17.83333333,M,5,4,7,6,6,4,5,NA,NA,5,4,5,6,5,4,4,6,7,NA,NA,NA,NA,NA,NA,NA,NA,NA,NA
16071023,16071025,1607,3,3,19.58333333,F,5,5,4,6,6,6,6,NA,NA,4,4,4,6,4,5,4,5,6,NA,NA,NA,NA,NA,NA,NA,NA,NA,NA
16071023,16070022,1607,3,3,19.58333333,F,5,5,4,6,6,6,6,NA,NA,5,6,6,5,6,6,6,5,6,NA,NA,NA,NA,NA,NA,NA,NA,NA,NA
16071023,16070021,1607,3,3,19.58333333,F,5,5,4,6,6,6,6,NA,NA,2,1,3,7,3,4,3,5,7,NA,NA,NA,NA,NA,NA,NA,NA,NA,NA
16071024,16070021,1607,3,3,17.58333333,F,5,5,7,6,6,4,6,NA,NA,4,4,4,6,4,4,3,6,6,NA,NA,NA,NA,NA,NA,NA,NA,NA,NA
16071024,16071025,1607,3,3,17.58333333,F,5,5,7,6,6,4,6,NA,NA,5,5,4,4,6,4,5,4,4,NA,NA,NA,NA,NA,NA,NA,NA,NA,NA
16071024,16070022,1607,3,3,17.58333333,F,5,5,7,6,6,4,6,NA,NA,5,6,6,5,6,6,6,4,4,NA,NA,NA,NA,NA,NA,NA,NA,NA,NA
16071025,16071023,1607,3,3,18.5,M,5,5,6,NA,6,5,6,NA,NA,5,5,5,6,5,6,7,6,5,NA,NA,NA,NA,NA,NA,NA,NA,NA,NA
16071025,16071024,1607,3,3,18.5,M,5,5,6,NA,6,5,6,NA,NA,2,2,2,4,2,5,3,3,4,NA,NA,NA,NA,NA,NA,NA,NA,NA,NA
16071025,16071026,1607,3,3,18.5,M,5,5,6,NA,6,5,6,NA,NA,4,4,5,4,4,5,5,5,4,NA,NA,NA,NA,NA,NA,NA,NA,NA,NA
16071026,16070022,1607,3,3,18.5,F,5,5,6,7,7,6,5,NA,NA,5,6,6,5,6,7,6,6,7,NA,NA,NA,NA,NA,NA,NA,NA,NA,NA
16071026,16070021,1607,3,3,18.5,F,5,5,6,7,7,6,5,NA,NA,3,3,3,6,5,5,4,4,6,NA,NA,NA,NA,NA,NA,NA,NA,NA,NA
16071026,16071025,1607,3,3,18.5,F,5,5,6,7,7,6,5,NA,NA,3,3,4,7,4,4,3,5,7,NA,NA,NA,NA,NA,NA,NA,NA,NA,NA
16080023,16081029,1608,3,3,18.08333333,M,5,5,6,5,5,4,6,NA,NA,6,6,6,6,6,6,6,6,6,NA,NA,NA,NA,NA,NA,NA,NA,NA,NA
16080023,16081027,1608,3,3,18.08333333,M,5,5,6,5,5,4,6,NA,NA,4,3,4,6,4,5,5,6,5,NA,NA,NA,NA,NA,NA,NA,NA,NA,NA
16080023,16081028,1608,3,3,18.08333333,M,5,5,6,5,5,4,6,NA,NA,5,4,5,6,5,5,5,6,5,NA,NA,NA,NA,NA,NA,NA,NA,NA,NA
16080024,16081028,1608,3,3,17.75,M,6,5,6,4,7,7,4,NA,NA,5,4,5,5,4,6,6,3,4,NA,NA,NA,NA,NA,NA,NA,NA,NA,NA
16080024,16081029,1608,3,3,17.75,M,6,5,6,4,7,7,4,NA,NA,5,6,6,6,4,5,6,6,5,NA,NA,NA,NA,NA,NA,NA,NA,NA,NA
16080024,16081027,1608,3,3,17.75,M,6,5,6,4,7,7,4,NA,NA,4,3,5,6,6,5,7,7,7,NA,NA,NA,NA,NA,NA,NA,NA,NA,NA
16080025,16081027,1608,3,3,17.66666667,M,4,4,6,3,5,2,3,NA,NA,3,3,4,4,5,6,5,6,5,NA,NA,NA,NA,NA,NA,NA,NA,NA,NA
16080025,16081028,1608,3,3,17.66666667,M,4,4,6,3,5,2,3,NA,NA,5,5,4,6,5,5,4,4,4,NA,NA,NA,NA,NA,NA,NA,NA,NA,NA
16080025,16081029,1608,3,3,17.66666667,M,4,4,6,3,5,2,3,NA,NA,4,6,5,5,5,6,6,5,4,NA,NA,NA,NA,NA,NA,NA,NA,NA,NA
16081027,16080025,1608,3,3,35.04166667,F,4,4,5,5,5,3,3,NA,NA,4,3,5,6,4,6,5,5,6,NA,NA,NA,NA,NA,NA,NA,NA,NA,NA
16081027,16080023,1608,3,3,35.04166667,F,4,4,5,5,5,3,3,NA,NA,6,5,5,5,4,6,6,5,6,NA,NA,NA,NA,NA,NA,NA,NA,NA,NA
16081027,16080024,1608,3,3,35.04166667,F,4,4,5,5,5,3,3,NA,NA,5,5,5,4,6,5,6,4,4,NA,NA,NA,NA,NA,NA,NA,NA,NA,NA
16081028,16080024,1608,3,3,18.33333333,F,5,4,7,6,5,4,6,NA,NA,4,4,5,4,5,4,4,5,6,NA,NA,NA,NA,NA,NA,NA,NA,NA,NA
16081028,16080025,1608,3,3,18.33333333,F,5,4,7,6,5,4,6,NA,NA,5,4,5,6,5,5,6,6,6,NA,NA,NA,NA,NA,NA,NA,NA,NA,NA
16081028,16080023,1608,3,3,18.33333333,F,5,4,7,6,5,4,6,NA,NA,5,4,6,5,5,6,6,6,5,NA,NA,NA,NA,NA,NA,NA,NA,NA,NA
16081029,16080023,1608,3,3,19.91666667,F,4,4,7,7,6,6,7,NA,NA,5,5,5,6,6,6,6,6,6,NA,NA,NA,NA,NA,NA,NA,NA,NA,NA
16081029,16080024,1608,3,3,19.91666667,F,4,4,7,7,6,6,7,NA,NA,4,4,4,5,5,5,5,5,5,NA,NA,NA,NA,NA,NA,NA,NA,NA,NA
16081029,16080025,1608,3,3,19.91666667,F,4,4,7,7,6,6,7,NA,NA,5,5,5,6,6,6,6,6,5,NA,NA,NA,NA,NA,NA,NA,NA,NA,NA
16090026,16091031,1609,3,2,18.33333333,M,5,5,6,5,5,6,6,NA,NA,4,4,5,6,5,5,5,5,5,NA,NA,NA,NA,NA,NA,NA,NA,NA,NA
16090026,16091030,1609,3,2,18.33333333,M,5,5,6,5,5,6,6,NA,NA,5,5,5,6,5,6,5,6,6,NA,NA,NA,NA,NA,NA,NA,NA,NA,NA
16090027,16091030,1609,3,2,17.75,M,5,5,7,4,5,4,4,NA,NA,5,5,5,4,4,5,5,4,5,NA,NA,NA,NA,NA,NA,NA,NA,NA,NA
16090027,16091031,1609,3,2,17.75,M,5,5,7,4,5,4,4,NA,NA,4,4,4,4,4,5,4,4,4,NA,NA,NA,NA,NA,NA,NA,NA,NA,NA
16090028,16091030,1609,3,2,19.5,M,5,5,6,4,5,4,5,NA,NA,5,4,5,5,6,6,6,5,5,NA,NA,NA,NA,NA,NA,NA,NA,NA,NA
16090028,16091031,1609,3,2,19.5,M,5,5,6,4,5,4,5,NA,NA,4,3,4,4,4,4,5,5,4,NA,NA,NA,NA,NA,NA,NA,NA,NA,NA
16091030,16090028,1609,3,2,17.25,F,5,5,7,5,7,4,6,NA,NA,4,3,4,7,6,4,5,4,7,NA,NA,NA,NA,NA,NA,NA,NA,NA,NA
16091030,16090027,1609,3,2,17.25,F,5,5,7,5,7,4,6,NA,NA,2,4,3,5,3,5,6,4,3,NA,NA,NA,NA,NA,NA,NA,NA,NA,NA
16091030,16090026,1609,3,2,17.25,F,5,5,7,5,7,4,6,NA,NA,4,4,5,5,5,6,5,3,4,NA,NA,NA,NA,NA,NA,NA,NA,NA,NA
16091031,16090026,1609,3,2,17.58333333,F,6,5,7,6,5,5,5,NA,NA,4,4,4,6,5,5,5,6,6,NA,NA,NA,NA,NA,NA,NA,NA,NA,NA
16091031,16090028,1609,3,2,17.58333333,F,6,5,7,6,5,5,5,NA,NA,2,2,3,6,4,4,4,5,6,NA,NA,NA,NA,NA,NA,NA,NA,NA,NA
16091031,16090027,1609,3,2,17.58333333,F,6,5,7,6,5,5,5,NA,NA,2,2,2,7,3,1,1,5,7,NA,NA,NA,NA,NA,NA,NA,NA,NA,NA
16100029,16101032,1610,4,2,18.58333333,M,5,4,6,5,7,6,3,NA,NA,5,4,5,6,5,4,5,6,5,NA,NA,NA,NA,NA,NA,NA,NA,NA,NA
16100029,16101033,1610,4,2,18.58333333,M,5,4,6,5,7,6,3,NA,NA,6,5,6,6,5,6,6,6,6,NA,NA,NA,NA,NA,NA,NA,NA,NA,NA
16100030,16101033,1610,4,2,20,M,6,6,6,7,6,5,5,NA,NA,5,5,5,5,5,6,6,6,6,NA,NA,NA,NA,NA,NA,NA,NA,NA,NA
16100030,16101032,1610,4,2,20,M,6,6,6,7,6,5,5,NA,NA,4,4,4,6,4,4,4,5,6,NA,NA,NA,NA,NA,NA,NA,NA,NA,NA
16100031,16101033,1610,4,2,18.83333333,M,5,6,6,6,5,4,6,NA,NA,4,4,5,5,5,5,5,5,5,NA,NA,NA,NA,NA,NA,NA,NA,NA,NA
16100031,16101032,1610,4,2,18.83333333,M,5,6,6,6,5,4,6,NA,NA,5,5,5,5,4,4,4,4,4,NA,NA,NA,NA,NA,NA,NA,NA,NA,NA
16100032,16101032,1610,4,2,19.58333333,M,5,5,7,7,7,4,5,NA,NA,4,4,4,5,4,3,5,6,5,NA,NA,NA,NA,NA,NA,NA,NA,NA,NA
16100032,16101033,1610,4,2,19.58333333,M,5,5,7,7,7,4,5,NA,NA,5,5,6,4,6,6,6,5,4,NA,NA,NA,NA,NA,NA,NA,NA,NA,NA
16101032,16100029,1610,4,2,18.16666667,F,5,4,6,5,7,5,6,NA,NA,5,4,4,5,3,3,3,5,4,NA,NA,NA,NA,NA,NA,NA,NA,NA,NA
16101032,16100030,1610,4,2,18.16666667,F,5,4,6,5,7,5,6,NA,NA,3,3,4,6,4,6,5,4,5,NA,NA,NA,NA,NA,NA,NA,NA,NA,NA
16101032,16100032,1610,4,2,18.16666667,F,5,4,6,5,7,5,6,NA,NA,4,5,5,5,6,5,5,5,4,NA,NA,NA,NA,NA,NA,NA,NA,NA,NA
16101032,16100031,1610,4,2,18.16666667,F,5,4,6,5,7,5,6,NA,NA,3,4,4,4,4,6,6,5,4,NA,NA,NA,NA,NA,NA,NA,NA,NA,NA
16101033,16100030,1610,4,2,21.08333333,F,6,5,7,7,6,7,6,NA,NA,4,3,4,6,4,5,5,4,5,NA,NA,NA,NA,NA,NA,NA,NA,NA,NA
16101033,16100029,1610,4,2,21.08333333,F,6,5,7,7,6,7,6,NA,NA,5,5,4,5,3,3,3,4,3,NA,NA,NA,NA,NA,NA,NA,NA,NA,NA
16101033,16100031,1610,4,2,21.08333333,F,6,5,7,7,6,7,6,NA,NA,4,4,4,4,5,4,4,4,4,NA,NA,NA,NA,NA,NA,NA,NA,NA,NA
16101033,16100032,1610,4,2,21.08333333,F,6,5,7,7,6,7,6,NA,NA,5,5,5,5,6,6,5,5,5,NA,NA,NA,NA,NA,NA,NA,NA,NA,NA
16110033,16111034,1611,3,4,23.16666667,M,5,6,7,4,6,4,5,NA,NA,4,5,4,7,5,6,5,5,6,NA,NA,NA,NA,NA,NA,NA,NA,NA,NA
16110033,16111037,1611,3,4,23.16666667,M,5,6,7,4,6,4,5,NA,NA,4,4,4,5,4,4,5,5,4,NA,NA,NA,NA,NA,NA,NA,NA,NA,NA
16110033,16111036,1611,3,4,23.16666667,M,5,6,7,4,6,4,5,NA,NA,4,7,4,6,4,5,5,5,6,NA,NA,NA,NA,NA,NA,NA,NA,NA,NA
16110033,16111035,1611,3,4,23.16666667,M,5,6,7,4,6,4,5,NA,NA,4,4,4,6,4,4,5,4,5,NA,NA,NA,NA,NA,NA,NA,NA,NA,NA
16110034,16111036,1611,3,4,18.16666667,M,4,4,7,7,6,3,4,NA,NA,4,4,5,6,6,6,6,6,6,NA,NA,NA,NA,NA,NA,NA,NA,NA,NA
16110034,16111035,1611,3,4,18.16666667,M,4,4,7,7,6,3,4,NA,NA,3,3,4,5,5,6,6,6,4,NA,NA,NA,NA,NA,NA,NA,NA,NA,NA
16110034,16111034,1611,3,4,18.16666667,M,4,4,7,7,6,3,4,NA,NA,5,5,5,7,4,6,5,5,7,NA,NA,NA,NA,NA,NA,NA,NA,NA,NA
16110034,16111037,1611,3,4,18.16666667,M,4,4,7,7,6,3,4,NA,NA,3,3,3,5,4,6,6,6,5,NA,NA,NA,NA,NA,NA,NA,NA,NA,NA
16110035,16111037,1611,3,4,18.33333333,M,7,7,7,6,7,5,5,NA,NA,4,4,5,5,5,5,4,6,5,NA,NA,NA,NA,NA,NA,NA,NA,NA,NA
16110035,16111036,1611,3,4,18.33333333,M,7,7,7,6,7,5,5,NA,NA,5,5,5,5,4,5,4,4,5,NA,NA,NA,NA,NA,NA,NA,NA,NA,NA
16110035,16111035,1611,3,4,18.33333333,M,7,7,7,6,7,5,5,NA,NA,3,4,3,4,2,3,3,3,5,NA,NA,NA,NA,NA,NA,NA,NA,NA,NA
16110035,16111034,1611,3,4,18.33333333,M,7,7,7,6,7,5,5,NA,NA,4,5,4,5,5,5,5,5,5,NA,NA,NA,NA,NA,NA,NA,NA,NA,NA
16111034,16110033,1611,3,4,19.16666667,F,5,4,6,4,4,4,6,NA,NA,6,6,6,6,6,6,6,4,5,NA,NA,NA,NA,NA,NA,NA,NA,NA,NA
16111034,16110034,1611,3,4,19.16666667,F,5,4,6,4,4,4,6,NA,NA,6,5,6,6,6,5,6,6,4,NA,NA,NA,NA,NA,NA,NA,NA,NA,NA
16111034,16110035,1611,3,4,19.16666667,F,5,4,6,4,4,4,6,NA,NA,5,3,4,5,6,7,6,3,6,NA,NA,NA,NA,NA,NA,NA,NA,NA,NA
16111035,16110034,1611,3,4,19.91666667,F,6,5,7,5,6,5,5,NA,NA,6,5,4,6,5,6,6,6,6,NA,NA,NA,NA,NA,NA,NA,NA,NA,NA
16111035,16110035,1611,3,4,19.91666667,F,6,5,7,5,6,5,5,NA,NA,3,3,3,4,4,4,3,4,4,NA,NA,NA,NA,NA,NA,NA,NA,NA,NA
16111035,16110033,1611,3,4,19.91666667,F,6,5,7,5,6,5,5,NA,NA,5,5,5,6,4,6,5,5,6,NA,NA,NA,NA,NA,NA,NA,NA,NA,NA
16111036,16110034,1611,3,4,18.41666667,F,5,5,7,6,6,5,6,NA,NA,6,5,5,6,6,7,7,7,7,NA,NA,NA,NA,NA,NA,NA,NA,NA,NA
16111036,16110035,1611,3,4,18.41666667,F,5,5,7,6,6,5,6,NA,NA,4,5,5,4,4,6,4,5,4,NA,NA,NA,NA,NA,NA,NA,NA,NA,NA
16111036,16110033,1611,3,4,18.41666667,F,5,5,7,6,6,5,6,NA,NA,5,4,5,6,5,6,6,5,4,NA,NA,NA,NA,NA,NA,NA,NA,NA,NA
16111037,16110035,1611,3,4,19.5,F,5,6,7,5,5,6,7,NA,NA,6,5,6,6,5,7,5,6,5,NA,NA,NA,NA,NA,NA,NA,NA,NA,NA
16111037,16110033,1611,3,4,19.5,F,5,6,7,5,5,6,7,NA,NA,6,6,6,5,4,5,6,5,5,NA,NA,NA,NA,NA,NA,NA,NA,NA,NA
16111037,16110034,1611,3,4,19.5,F,5,6,7,5,5,6,7,NA,NA,7,7,7,6,6,7,7,7,5,NA,NA,NA,NA,NA,NA,NA,NA,NA,NA
16120036,16121038,1612,4,3,20.66666667,M,4,4,5,3,5,4,5,NA,NA,5,5,5,5,4,5,5,5,4,NA,NA,NA,NA,NA,NA,NA,NA,NA,NA
16120036,16121040,1612,4,3,20.66666667,M,4,4,5,3,5,4,5,NA,NA,5,5,6,5,4,5,5,5,4,NA,NA,NA,NA,NA,NA,NA,NA,NA,NA
16120036,16121039,1612,4,3,20.66666667,M,4,4,5,3,5,4,5,NA,NA,4,4,4,5,4,4,4,4,4,NA,NA,NA,NA,NA,NA,NA,NA,NA,NA
16120037,16121039,1612,4,3,21.08333333,M,5,6,5,5,5,4,5,NA,NA,2,2,2,4,3,3,3,4,3,NA,NA,NA,NA,NA,NA,NA,NA,NA,NA
16120037,16121038,1612,4,3,21.08333333,M,5,6,5,5,5,4,5,NA,NA,3,3,4,4,4,4,5,5,4,NA,NA,NA,NA,NA,NA,NA,NA,NA,NA
16120037,16121040,1612,4,3,21.08333333,M,5,6,5,5,5,4,5,NA,NA,4,4,5,5,6,5,5,6,4,NA,NA,NA,NA,NA,NA,NA,NA,NA,NA
16120038,16121040,1612,4,3,19.91666667,M,5,4,7,7,4,5,2,NA,NA,6,7,6,6,6,6,7,6,5,NA,NA,NA,NA,NA,NA,NA,NA,NA,NA
16120038,16121039,1612,4,3,19.91666667,M,5,4,7,7,4,5,2,NA,NA,2,4,3,6,3,4,4,5,5,NA,NA,NA,NA,NA,NA,NA,NA,NA,NA
16120038,16121038,1612,4,3,19.91666667,M,5,4,7,7,4,5,2,NA,NA,4,5,6,7,6,6,7,7,5,NA,NA,NA,NA,NA,NA,NA,NA,NA,NA
16120039,16121040,1612,4,3,18.08333333,M,7,7,6,5,6,3,5,NA,NA,4,4,4,4,4,5,4,3,4,NA,NA,NA,NA,NA,NA,NA,NA,NA,NA
16120039,16121039,1612,4,3,18.08333333,M,7,7,6,5,6,3,5,NA,NA,3,3,3,5,3,5,5,5,6,NA,NA,NA,NA,NA,NA,NA,NA,NA,NA
16120039,16121038,1612,4,3,18.08333333,M,7,7,6,5,6,3,5,NA,NA,3,4,4,6,5,5,5,5,5,NA,NA,NA,NA,NA,NA,NA,NA,NA,NA
16121038,16120036,1612,4,3,18.83333333,F,4,4,7,6,6,5,6,NA,NA,5,5,6,7,6,6,6,6,6,NA,NA,NA,NA,NA,NA,NA,NA,NA,NA
16121038,16120037,1612,4,3,18.83333333,F,4,4,7,6,6,5,6,NA,NA,4,4,5,5,6,5,7,6,5,NA,NA,NA,NA,NA,NA,NA,NA,NA,NA
16121038,16120039,1612,4,3,18.83333333,F,4,4,7,6,6,5,6,NA,NA,4,5,5,4,5,5,5,5,5,NA,NA,NA,NA,NA,NA,NA,NA,NA,NA
16121038,16120038,1612,4,3,18.83333333,F,4,4,7,6,6,5,6,NA,NA,3,3,5,6,6,6,6,6,6,NA,NA,NA,NA,NA,NA,NA,NA,NA,NA
16121039,16120037,1612,4,3,17.58333333,F,4,4,7,6,5,4,4,NA,NA,5,5,6,4,5,5,5,5,5,NA,NA,NA,NA,NA,NA,NA,NA,NA,NA
16121039,16120039,1612,4,3,17.58333333,F,4,4,7,6,5,4,4,NA,NA,4,5,5,7,4,5,5,4,7,NA,NA,NA,NA,NA,NA,NA,NA,NA,NA
16121039,16120038,1612,4,3,17.58333333,F,4,4,7,6,5,4,4,NA,NA,4,4,4,4,4,4,4,5,4,NA,NA,NA,NA,NA,NA,NA,NA,NA,NA
16121039,16120036,1612,4,3,17.58333333,F,4,4,7,6,5,4,4,NA,NA,4,4,4,6,4,5,4,5,5,NA,NA,NA,NA,NA,NA,NA,NA,NA,NA
16121040,16120039,1612,4,3,17.83333333,F,5,4,5,5,6,4,6,NA,NA,6,6,6,6,6,6,5,5,6,NA,NA,NA,NA,NA,NA,NA,NA,NA,NA
16121040,16120038,1612,4,3,17.83333333,F,5,4,5,5,6,4,6,NA,NA,5,4,5,6,5,6,6,6,5,NA,NA,NA,NA,NA,NA,NA,NA,NA,NA
16121040,16120036,1612,4,3,17.83333333,F,5,4,5,5,6,4,6,NA,NA,5,4,4,6,5,6,5,5,6,NA,NA,NA,NA,NA,NA,NA,NA,NA,NA
16121040,16120037,1612,4,3,17.83333333,F,5,4,5,5,6,4,6,NA,NA,5,6,6,6,6,6,6,5,5,NA,NA,NA,NA,NA,NA,NA,NA,NA,NA
16130040,16131042,1613,4,3,18.41666667,M,6,5,6,4,5,6,5,NA,NA,6,6,6,5,6,6,6,5,5,NA,NA,NA,NA,NA,NA,NA,NA,NA,NA
16130040,16131041,1613,4,3,18.41666667,M,6,5,6,4,5,6,5,NA,NA,3,4,4,4,3,3,4,5,3,NA,NA,NA,NA,NA,NA,NA,NA,NA,NA
16130040,16131043,1613,4,3,18.41666667,M,6,5,6,4,5,6,5,NA,NA,4,4,4,7,2,3,5,7,4,NA,NA,NA,NA,NA,NA,NA,NA,NA,NA
16130041,16131042,1613,4,3,21.16666667,M,5,4,6,5,5,4,6,NA,NA,5,5,5,5,6,6,6,6,5,NA,NA,NA,NA,NA,NA,NA,NA,NA,NA
16130041,16131041,1613,4,3,21.16666667,M,5,4,6,5,5,4,6,NA,NA,4,4,4,5,4,4,4,4,5,NA,NA,NA,NA,NA,NA,NA,NA,NA,NA
16130041,16131043,1613,4,3,21.16666667,M,5,4,6,5,5,4,6,NA,NA,4,4,4,5,4,5,4,5,5,NA,NA,NA,NA,NA,NA,NA,NA,NA,NA
16130042,16131043,1613,4,3,18.08333333,M,6,7,5,5,5,4,6,NA,NA,3,3,3,6,3,4,4,5,6,NA,NA,NA,NA,NA,NA,NA,NA,NA,NA
16130042,16131042,1613,4,3,18.08333333,M,6,7,5,5,5,4,6,NA,NA,4,4,4,6,6,6,7,6,5,NA,NA,NA,NA,NA,NA,NA,NA,NA,NA
16130042,16131041,1613,4,3,18.08333333,M,6,7,5,5,5,4,6,NA,NA,1,2,3,4,2,2,2,2,3,NA,NA,NA,NA,NA,NA,NA,NA,NA,NA
16130043,16131041,1613,4,3,19.08333333,M,5,5,6,4,6,4,4,NA,NA,5,5,5,5,3,4,4,6,6,NA,NA,NA,NA,NA,NA,NA,NA,NA,NA
16130043,16131043,1613,4,3,19.08333333,M,5,5,6,4,6,4,4,NA,NA,3,3,3,4,3,3,4,5,4,NA,NA,NA,NA,NA,NA,NA,NA,NA,NA
16130043,16131042,1613,4,3,19.08333333,M,5,5,6,4,6,4,4,NA,NA,4,4,4,4,3,5,4,5,4,NA,NA,NA,NA,NA,NA,NA,NA,NA,NA
16131041,16130043,1613,4,3,22.16666667,F,7,7,7,6,7,6,6,NA,NA,5,5,4,5,4,5,4,5,5,NA,NA,NA,NA,NA,NA,NA,NA,NA,NA
16131041,16130040,1613,4,3,22.16666667,F,7,7,7,6,7,6,6,NA,NA,4,4,4,5,4,4,4,4,4,NA,NA,NA,NA,NA,NA,NA,NA,NA,NA
16131041,16130041,1613,4,3,22.16666667,F,7,7,7,6,7,6,6,NA,NA,3,2,3,4,4,3,4,4,5,NA,NA,NA,NA,NA,NA,NA,NA,NA,NA
16131041,16130042,1613,4,3,22.16666667,F,7,7,7,6,7,6,6,NA,NA,5,4,5,5,5,5,4,4,4,NA,NA,NA,NA,NA,NA,NA,NA,NA,NA
16131042,16130040,1613,4,3,26.33333333,F,5,5,6,6,6,5,5,NA,NA,4,3,3,5,4,4,3,5,4,NA,NA,NA,NA,NA,NA,NA,NA,NA,NA
16131042,16130041,1613,4,3,26.33333333,F,5,5,6,6,6,5,5,NA,NA,3,3,3,6,4,3,3,6,6,NA,NA,NA,NA,NA,NA,NA,NA,NA,NA
16131042,16130042,1613,4,3,26.33333333,F,5,5,6,6,6,5,5,NA,NA,5,5,5,6,6,6,6,6,6,NA,NA,NA,NA,NA,NA,NA,NA,NA,NA
16131042,16130043,1613,4,3,26.33333333,F,5,5,6,6,6,5,5,NA,NA,2,2,2,4,2,5,2,4,2,NA,NA,NA,NA,NA,NA,NA,NA,NA,NA
16131043,16130042,1613,4,3,20.41666667,F,4,4,7,6,5,4,5,NA,NA,6,6,6,5,5,5,5,4,5,NA,NA,NA,NA,NA,NA,NA,NA,NA,NA
16131043,16130043,1613,4,3,20.41666667,F,4,4,7,6,5,4,5,NA,NA,5,6,6,5,6,6,6,5,5,NA,NA,NA,NA,NA,NA,NA,NA,NA,NA
16131043,16130040,1613,4,3,20.41666667,F,4,4,7,6,5,4,5,NA,NA,6,6,5,5,4,4,4,6,4,NA,NA,NA,NA,NA,NA,NA,NA,NA,NA
16131043,16130041,1613,4,3,20.41666667,F,4,4,7,6,5,4,5,NA,NA,6,6,6,6,6,6,5,6,6,NA,NA,NA,NA,NA,NA,NA,NA,NA,NA
16140044,16141045,1614,3,2,19.16666667,M,5,5,6,5,6,4,5,NA,NA,6,5,6,6,4,5,5,5,5,NA,NA,NA,NA,NA,NA,NA,NA,NA,NA
16140044,16141044,1614,3,2,19.16666667,M,5,5,6,5,6,4,5,NA,NA,5,5,5,5,4,6,5,5,5,NA,NA,NA,NA,NA,NA,NA,NA,NA,NA
16140045,16141044,1614,3,2,19.41666667,M,5,4,6,6,6,5,6,NA,NA,5,5,5,5,4,5,5,4,4,NA,NA,NA,NA,NA,NA,NA,NA,NA,NA
16140045,16141045,1614,3,2,19.41666667,M,5,4,6,6,6,5,6,NA,NA,6,6,6,5,5,6,6,5,6,NA,NA,NA,NA,NA,NA,NA,NA,NA,NA
16140046,16141044,1614,3,2,17.75,M,5,5,7,6,6,4,7,NA,NA,3,3,3,3,3,3,3,6,3,NA,NA,NA,NA,NA,NA,NA,NA,NA,NA
16140046,16141045,1614,3,2,17.75,M,5,5,7,6,6,4,7,NA,NA,6,6,6,6,5,7,7,7,5,NA,NA,NA,NA,NA,NA,NA,NA,NA,NA
16141044,16140045,1614,3,2,17.83333333,F,5,5,7,7,7,3,6,NA,NA,4,4,4,6,5,5,5,5,5,NA,NA,NA,NA,NA,NA,NA,NA,NA,NA
16141044,16140046,1614,3,2,17.83333333,F,5,5,7,7,7,3,6,NA,NA,4,3,4,5,5,5,4,3,4,NA,NA,NA,NA,NA,NA,NA,NA,NA,NA
16141044,16140044,1614,3,2,17.83333333,F,5,5,7,7,7,3,6,NA,NA,4,4,4,4,3,5,4,4,4,NA,NA,NA,NA,NA,NA,NA,NA,NA,NA
16141045,16140044,1614,3,2,26.08333333,F,6,6,7,6,7,6,6,NA,NA,5,5,5,6,6,7,7,6,6,NA,NA,NA,NA,NA,NA,NA,NA,NA,NA
16141045,16140045,1614,3,2,26.08333333,F,6,6,7,6,7,6,6,NA,NA,2,4,3,5,3,3,3,4,3,NA,NA,NA,NA,NA,NA,NA,NA,NA,NA
16141045,16140046,1614,3,2,26.08333333,F,6,6,7,6,7,6,6,NA,NA,3,4,4,6,5,6,6,6,6,NA,NA,NA,NA,NA,NA,NA,NA,NA,NA
16150047,16151046,1615,3,3,26.91666667,M,5,6,7,5,6,4,5,NA,NA,4,4,3,6,4,6,6,6,5,NA,NA,NA,NA,NA,NA,NA,NA,NA,NA
16150047,16151048,1615,3,3,26.91666667,M,5,6,7,5,6,4,5,NA,NA,5,6,5,5,2,5,4,3,5,NA,NA,NA,NA,NA,NA,NA,NA,NA,NA
16150047,16151047,1615,3,3,26.91666667,M,5,6,7,5,6,4,5,NA,NA,4,5,5,5,4,5,5,6,4,NA,NA,NA,NA,NA,NA,NA,NA,NA,NA
16150048,16151047,1615,3,3,21.91666667,M,7,7,7,2,6,5,7,NA,NA,6,6,6,6,5,6,5,7,7,NA,NA,NA,NA,NA,NA,NA,NA,NA,NA
16150048,16151046,1615,3,3,21.91666667,M,7,7,7,2,6,5,7,NA,NA,5,5,6,6,5,7,6,6,5,NA,NA,NA,NA,NA,NA,NA,NA,NA,NA
16150048,16151048,1615,3,3,21.91666667,M,7,7,7,2,6,5,7,NA,NA,4,5,5,6,5,6,6,6,6,NA,NA,NA,NA,NA,NA,NA,NA,NA,NA
16150049,16151048,1615,3,3,23.5,M,6,4,7,4,6,7,5,NA,NA,4,4,4,5,4,5,5,5,3,NA,NA,NA,NA,NA,NA,NA,NA,NA,NA
16150049,16151047,1615,3,3,23.5,M,6,4,7,4,6,7,5,NA,NA,4,4,5,5,5,6,6,5,5,NA,NA,NA,NA,NA,NA,NA,NA,NA,NA
16150049,16151046,1615,3,3,23.5,M,6,4,7,4,6,7,5,NA,NA,5,5,5,5,4,5,5,5,4,NA,NA,NA,NA,NA,NA,NA,NA,NA,NA
16151046,16150047,1615,3,3,18.16666667,F,4,3,7,6,5,4,6,NA,NA,5,5,5,6,6,6,5,5,5,NA,NA,NA,NA,NA,NA,NA,NA,NA,NA
16151046,16150048,1615,3,3,18.16666667,F,4,3,7,6,5,4,6,NA,NA,4,5,4,4,4,4,3,5,4,NA,NA,NA,NA,NA,NA,NA,NA,NA,NA
16151046,16150049,1615,3,3,18.16666667,F,4,3,7,6,5,4,6,NA,NA,2,2,3,6,3,2,2,6,6,NA,NA,NA,NA,NA,NA,NA,NA,NA,NA
16151047,16150048,1615,3,3,18.08333333,F,4,4,7,5,6,4,6,NA,NA,2,2,2,2,2,2,2,5,2,NA,NA,NA,NA,NA,NA,NA,NA,NA,NA
16151047,16150049,1615,3,3,18.08333333,F,4,4,7,5,6,4,6,NA,NA,4,4,3,5,2,2,2,5,2,NA,NA,NA,NA,NA,NA,NA,NA,NA,NA
16151047,16150047,1615,3,3,18.08333333,F,4,4,7,5,6,4,6,NA,NA,4,4,4,6,5,6,5,5,5,NA,NA,NA,NA,NA,NA,NA,NA,NA,NA
16151048,16150049,1615,3,3,18.16666667,F,6,5,7,6,5,5,5,NA,NA,2,2,2,6,3,3,2,6,6,NA,NA,NA,NA,NA,NA,NA,NA,NA,NA
16151048,16150047,1615,3,3,18.16666667,F,6,5,7,6,5,5,5,NA,NA,4,5,4,7,5,6,6,4,6,NA,NA,NA,NA,NA,NA,NA,NA,NA,NA
16151048,16150048,1615,3,3,18.16666667,F,6,5,7,6,5,5,5,NA,NA,2,2,2,4,3,4,4,4,5,NA,NA,NA,NA,NA,NA,NA,NA,NA,NA
16160050,16161049,1616,2,1,18.41666667,M,4,3,5,4,4,3,4,NA,NA,4,4,4,4,5,5,5,5,5,NA,NA,NA,NA,NA,NA,NA,NA,NA,NA
16160051,16161049,1616,2,1,18.25,M,6,6,7,7,6,3,5,NA,NA,6,5,6,6,6,6,6,5,4,NA,NA,NA,NA,NA,NA,NA,NA,NA,NA
16161049,16160051,1616,2,1,17.83333333,F,6,6,4,5,6,5,7,NA,NA,6,4,5,5,6,5,6,5,5,NA,NA,NA,NA,NA,NA,NA,NA,NA,NA
16161049,16160050,1616,2,1,17.83333333,F,6,6,4,5,6,5,7,NA,NA,5,5,5,5,5,3,4,6,4,NA,NA,NA,NA,NA,NA,NA,NA,NA,NA
16170052,16171050,1617,4,3,22.41666667,M,4,4,7,4,5,4,6,NA,NA,2,2,3,4,6,4,6,4,2,NA,NA,NA,NA,NA,NA,NA,NA,NA,NA
16170052,16171051,1617,4,3,22.41666667,M,4,4,7,4,5,4,6,NA,NA,4,4,4,4,3,5,4,6,3,NA,NA,NA,NA,NA,NA,NA,NA,NA,NA
16170052,16171052,1617,4,3,22.41666667,M,4,4,7,4,5,4,6,NA,NA,2,3,2,3,4,4,4,4,5,NA,NA,NA,NA,NA,NA,NA,NA,NA,NA
16170053,16171051,1617,4,3,18,M,5,3,6,2,5,2,2,NA,NA,4,4,5,5,5,6,4,5,4,NA,NA,NA,NA,NA,NA,NA,NA,NA,NA
16170053,16171052,1617,4,3,18,M,5,3,6,2,5,2,2,NA,NA,3,2,2,5,4,4,4,5,5,NA,NA,NA,NA,NA,NA,NA,NA,NA,NA
16170053,16171050,1617,4,3,18,M,5,3,6,2,5,2,2,NA,NA,2,2,2,5,5,5,5,5,6,NA,NA,NA,NA,NA,NA,NA,NA,NA,NA
16170054,16171052,1617,4,3,19.25,M,6,6,6,4,5,5,5,NA,NA,4,4,4,6,4,5,4,5,6,NA,NA,NA,NA,NA,NA,NA,NA,NA,NA
16170054,16171050,1617,4,3,19.25,M,6,6,6,4,5,5,5,NA,NA,4,3,4,3,3,2,3,5,5,NA,NA,NA,NA,NA,NA,NA,NA,NA,NA
16170054,16171051,1617,4,3,19.25,M,6,6,6,4,5,5,5,NA,NA,5,6,6,4,6,6,6,5,5,NA,NA,NA,NA,NA,NA,NA,NA,NA,NA
16170055,16171051,1617,4,3,23.08333333,M,6,7,7,7,6,6,6,NA,NA,6,4,5,6,4,6,5,5,4,NA,NA,NA,NA,NA,NA,NA,NA,NA,NA
16170055,16171052,1617,4,3,23.08333333,M,6,7,7,7,6,6,6,NA,NA,4,4,5,5,4,5,4,6,6,NA,NA,NA,NA,NA,NA,NA,NA,NA,NA
16170055,16171050,1617,4,3,23.08333333,M,6,7,7,7,6,6,6,NA,NA,4,4,5,5,6,5,5,6,5,NA,NA,NA,NA,NA,NA,NA,NA,NA,NA
16171050,16170052,1617,4,3,19.25,F,5,4,6,6,5,5,7,NA,NA,4,5,5,6,5,4,4,6,6,NA,NA,NA,NA,NA,NA,NA,NA,NA,NA
16171050,16170054,1617,4,3,19.25,F,5,4,6,6,5,5,7,NA,NA,6,5,6,5,6,5,5,5,4,NA,NA,NA,NA,NA,NA,NA,NA,NA,NA
16171050,16170053,1617,4,3,19.25,F,5,4,6,6,5,5,7,NA,NA,6,6,6,4,5,5,5,6,6,NA,NA,NA,NA,NA,NA,NA,NA,NA,NA
16171050,16170055,1617,4,3,19.25,F,5,4,6,6,5,5,7,NA,NA,4,5,4,7,4,6,4,5,7,NA,NA,NA,NA,NA,NA,NA,NA,NA,NA
16171051,16170053,1617,4,3,19.08333333,F,6,4,6,6,6,4,6,NA,NA,6,6,5,6,4,5,5,6,4,NA,NA,NA,NA,NA,NA,NA,NA,NA,NA
16171051,16170055,1617,4,3,19.08333333,F,6,4,6,6,6,4,6,NA,NA,5,5,5,6,5,6,5,5,6,NA,NA,NA,NA,NA,NA,NA,NA,NA,NA
16171051,16170052,1617,4,3,19.08333333,F,6,4,6,6,6,4,6,NA,NA,3,4,4,6,4,5,5,6,6,NA,NA,NA,NA,NA,NA,NA,NA,NA,NA
16171051,16170054,1617,4,3,19.08333333,F,6,4,6,6,6,4,6,NA,NA,6,4,5,5,6,6,6,5,4,NA,NA,NA,NA,NA,NA,NA,NA,NA,NA
16171052,16170054,1617,4,3,21.58333333,F,5,5,7,6,6,5,6,NA,NA,5,5,5,5,5,6,6,6,7,NA,NA,NA,NA,NA,NA,NA,NA,NA,NA
16171052,16170053,1617,4,3,21.58333333,F,5,5,7,6,6,5,6,NA,NA,6,5,5,6,5,6,6,7,6,NA,NA,NA,NA,NA,NA,NA,NA,NA,NA
16171052,16170055,1617,4,3,21.58333333,F,5,5,7,6,6,5,6,NA,NA,4,4,5,5,5,6,5,6,5,NA,NA,NA,NA,NA,NA,NA,NA,NA,NA
16171052,16170052,1617,4,3,21.58333333,F,5,5,7,6,6,5,6,NA,NA,3,6,5,5,6,5,6,6,5,NA,NA,NA,NA,NA,NA,NA,NA,NA,NA
16180056,16181054,1618,3,3,18.25,M,4,5,6,5,5,5,5,NA,NA,4,4,4,5,4,3,3,5,5,NA,NA,NA,NA,NA,NA,NA,NA,NA,NA
16180056,16181053,1618,3,3,18.25,M,4,5,6,5,5,5,5,NA,NA,5,5,5,5,5,6,6,5,5,NA,NA,NA,NA,NA,NA,NA,NA,NA,NA
16180056,16181055,1618,3,3,18.25,M,4,5,6,5,5,5,5,NA,NA,4,5,5,5,5,6,6,5,5,NA,NA,NA,NA,NA,NA,NA,NA,NA,NA
16180057,16181055,1618,3,3,19.33333333,M,6,5,7,6,5,5,5,NA,NA,5,5,5,6,5,6,6,6,5,NA,NA,NA,NA,NA,NA,NA,NA,NA,NA
16180057,16181054,1618,3,3,19.33333333,M,6,5,7,6,5,5,5,NA,NA,2,2,2,6,4,3,3,5,5,NA,NA,NA,NA,NA,NA,NA,NA,NA,NA
16180057,16181053,1618,3,3,19.33333333,M,6,5,7,6,5,5,5,NA,NA,5,5,5,7,6,6,6,6,6,NA,NA,NA,NA,NA,NA,NA,NA,NA,NA
16180058,16181053,1618,3,3,25.66666667,M,7,7,7,7,7,7,7,NA,NA,4,3,4,6,4,4,4,4,5,NA,NA,NA,NA,NA,NA,NA,NA,NA,NA
16180058,16181055,1618,3,3,25.66666667,M,7,7,7,7,7,7,7,NA,NA,3,4,3,4,5,3,3,5,5,NA,NA,NA,NA,NA,NA,NA,NA,NA,NA
16180058,16181054,1618,3,3,25.66666667,M,7,7,7,7,7,7,7,NA,NA,1,1,2,5,2,1,1,4,2,NA,NA,NA,NA,NA,NA,NA,NA,NA,NA
16181053,16180058,1618,3,3,17.66666667,F,6,6,7,6,6,6,6,NA,NA,4,4,5,5,5,6,6,5,7,NA,NA,NA,NA,NA,NA,NA,NA,NA,NA
16181053,16180056,1618,3,3,17.66666667,F,6,6,7,6,6,6,6,NA,NA,5,4,5,5,5,5,5,6,5,NA,NA,NA,NA,NA,NA,NA,NA,NA,NA
16181053,16180057,1618,3,3,17.66666667,F,6,6,7,6,6,6,6,NA,NA,6,7,6,7,6,7,6,6,6,NA,NA,NA,NA,NA,NA,NA,NA,NA,NA
16181054,16180056,1618,3,3,18.5,F,5,5,7,7,7,6,7,NA,NA,5,4,5,6,7,6,6,6,5,NA,NA,NA,NA,NA,NA,NA,NA,NA,NA
16181054,16180057,1618,3,3,18.5,F,5,5,7,7,7,6,7,NA,NA,5,5,5,6,4,5,5,4,5,NA,NA,NA,NA,NA,NA,NA,NA,NA,NA
16181054,16180058,1618,3,3,18.5,F,5,5,7,7,7,6,7,NA,NA,4,4,5,6,6,7,6,6,5,NA,NA,NA,NA,NA,NA,NA,NA,NA,NA
16181055,16180057,1618,3,3,18.16666667,F,4,4,6,6,5,4,7,NA,NA,6,6,6,6,5,6,6,6,7,NA,NA,NA,NA,NA,NA,NA,NA,NA,NA
16181055,16180058,1618,3,3,18.16666667,F,4,4,6,6,5,4,7,NA,NA,4,5,5,6,6,7,7,6,5,NA,NA,NA,NA,NA,NA,NA,NA,NA,NA
16181055,16180056,1618,3,3,18.16666667,F,4,4,6,6,5,4,7,NA,NA,4,4,4,4,5,4,5,5,5,NA,NA,NA,NA,NA,NA,NA,NA,NA,NA
16190059,16191057,1619,3,4,18.58333333,M,6,6,6,5,4,5,4,NA,NA,4,4,5,6,4,6,6,6,6,NA,NA,NA,NA,NA,NA,NA,NA,NA,NA
16190059,16191058,1619,3,4,18.58333333,M,6,6,6,5,4,5,4,NA,NA,5,6,5,7,5,6,6,6,5,NA,NA,NA,NA,NA,NA,NA,NA,NA,NA
16190059,16191059,1619,3,4,18.58333333,M,6,6,6,5,4,5,4,NA,NA,5,5,5,7,4,4,4,6,5,NA,NA,NA,NA,NA,NA,NA,NA,NA,NA
16190059,16191056,1619,3,4,18.58333333,M,6,6,6,5,4,5,4,NA,NA,4,5,5,5,6,6,6,6,5,NA,NA,NA,NA,NA,NA,NA,NA,NA,NA
16190060,16191058,1619,3,4,17.91666667,M,5,5,5,6,6,3,6,NA,NA,5,6,5,7,5,5,5,6,7,NA,NA,NA,NA,NA,NA,NA,NA,NA,NA
16190060,16191059,1619,3,4,17.91666667,M,5,5,5,6,6,3,6,NA,NA,5,5,4,6,4,4,4,7,6,NA,NA,NA,NA,NA,NA,NA,NA,NA,NA
16190060,16191056,1619,3,4,17.91666667,M,5,5,5,6,6,3,6,NA,NA,4,5,4,4,5,6,6,6,5,NA,NA,NA,NA,NA,NA,NA,NA,NA,NA
16190060,16191057,1619,3,4,17.91666667,M,5,5,5,6,6,3,6,NA,NA,4,3,3,4,4,5,5,5,4,NA,NA,NA,NA,NA,NA,NA,NA,NA,NA
16190061,16191059,1619,3,4,19.33333333,M,6,5,7,6,6,5,5,NA,NA,6,5,6,5,5,4,5,5,6,NA,NA,NA,NA,NA,NA,NA,NA,NA,NA
16190061,16191056,1619,3,4,19.33333333,M,6,5,7,6,6,5,5,NA,NA,4,4,4,4,5,4,5,5,4,NA,NA,NA,NA,NA,NA,NA,NA,NA,NA
16190061,16191057,1619,3,4,19.33333333,M,6,5,7,6,6,5,5,NA,NA,5,5,5,4,5,5,5,5,4,NA,NA,NA,NA,NA,NA,NA,NA,NA,NA
16190061,16191058,1619,3,4,19.33333333,M,6,5,7,6,6,5,5,NA,NA,6,5,5,6,5,6,6,5,5,NA,NA,NA,NA,NA,NA,NA,NA,NA,NA
16191056,16190061,1619,3,4,19.08333333,F,4,4,7,7,6,5,6,NA,NA,5,5,4,6,2,4,3,5,7,NA,NA,NA,NA,NA,NA,NA,NA,NA,NA
16191056,16190060,1619,3,4,19.08333333,F,4,4,7,7,6,5,6,NA,NA,6,6,7,6,7,7,7,6,7,NA,NA,NA,NA,NA,NA,NA,NA,NA,NA
16191056,16190059,1619,3,4,19.08333333,F,4,4,7,7,6,5,6,NA,NA,5,7,5,6,5,6,6,6,7,NA,NA,NA,NA,NA,NA,NA,NA,NA,NA
16191057,16190059,1619,3,4,20.33333333,F,5,4,7,7,7,3,5,NA,NA,5,5,5,5,4,5,4,6,5,NA,NA,NA,NA,NA,NA,NA,NA,NA,NA
16191057,16190061,1619,3,4,20.33333333,F,5,4,7,7,7,3,5,NA,NA,5,3,4,4,5,4,3,6,4,NA,NA,NA,NA,NA,NA,NA,NA,NA,NA
16191057,16190060,1619,3,4,20.33333333,F,5,4,7,7,7,3,5,NA,NA,4,4,4,4,6,6,6,4,6,NA,NA,NA,NA,NA,NA,NA,NA,NA,NA
16191058,16190060,1619,3,4,17.75,F,5,4,7,6,7,4,4,NA,NA,5,5,4,4,4,6,6,4,7,NA,NA,NA,NA,NA,NA,NA,NA,NA,NA
16191058,16190059,1619,3,4,17.75,F,5,4,7,6,7,4,4,NA,NA,5,6,5,4,5,4,6,6,6,NA,NA,NA,NA,NA,NA,NA,NA,NA,NA
16191058,16190061,1619,3,4,17.75,F,5,4,7,6,7,4,4,NA,NA,3,6,5,7,5,5,5,5,7,NA,NA,NA,NA,NA,NA,NA,NA,NA,NA
16191059,16190061,1619,3,4,17.5,F,5,5,6,6,4,4,5,NA,NA,5,4,5,6,5,6,6,6,6,NA,NA,NA,NA,NA,NA,NA,NA,NA,NA
16191059,16190060,1619,3,4,17.5,F,5,5,6,6,4,4,5,NA,NA,4,5,5,6,6,6,6,5,7,NA,NA,NA,NA,NA,NA,NA,NA,NA,NA
16191059,16190059,1619,3,4,17.5,F,5,5,6,6,4,4,5,NA,NA,5,4,4,4,4,4,4,5,4,NA,NA,NA,NA,NA,NA,NA,NA,NA,NA
16200062,16201060,1620,3,2,18.16666667,M,5,5,7,7,7,7,7,NA,NA,4,4,4,6,5,6,5,6,5,NA,NA,NA,NA,NA,NA,NA,NA,NA,NA
16200062,16201061,1620,3,2,18.16666667,M,5,5,7,7,7,7,7,NA,NA,6,7,6,6,6,7,6,5,7,NA,NA,NA,NA,NA,NA,NA,NA,NA,NA
16200063,16201060,1620,3,2,21.5,M,5,4,7,4,6,5,4,NA,NA,5,4,5,5,5,4,5,5,6,NA,NA,NA,NA,NA,NA,NA,NA,NA,NA
16200063,16201061,1620,3,2,21.5,M,5,4,7,4,6,5,4,NA,NA,6,6,6,5,5,6,6,5,5,NA,NA,NA,NA,NA,NA,NA,NA,NA,NA
16200064,16201061,1620,3,2,18.41666667,M,4,4,5,6,5,5,5,NA,NA,6,7,6,6,5,5,5,6,6,NA,NA,NA,NA,NA,NA,NA,NA,NA,NA
16200064,16201060,1620,3,2,18.41666667,M,4,4,5,6,5,5,5,NA,NA,3,3,3,6,2,3,3,5,4,NA,NA,NA,NA,NA,NA,NA,NA,NA,NA
16201060,16200062,1620,3,2,19.16666667,F,5,5,7,6,6,4,5,NA,NA,4,4,4,6,3,4,3,4,6,NA,NA,NA,NA,NA,NA,NA,NA,NA,NA
16201060,16200063,1620,3,2,19.16666667,F,5,5,7,6,6,4,5,NA,NA,3,3,4,6,4,4,3,4,4,NA,NA,NA,NA,NA,NA,NA,NA,NA,NA
16201060,16200064,1620,3,2,19.16666667,F,5,5,7,6,6,4,5,NA,NA,5,6,6,5,5,6,7,5,6,NA,NA,NA,NA,NA,NA,NA,NA,NA,NA
16201061,16200064,1620,3,2,19.16666667,F,5,6,6,5,5,3,5,NA,NA,5,6,6,6,4,6,5,6,6,NA,NA,NA,NA,NA,NA,NA,NA,NA,NA
16201061,16200062,1620,3,2,19.16666667,F,5,6,6,5,5,3,5,NA,NA,5,5,5,5,5,6,5,5,5,NA,NA,NA,NA,NA,NA,NA,NA,NA,NA
16201061,16200063,1620,3,2,19.16666667,F,5,6,6,5,5,3,5,NA,NA,4,4,4,5,4,3,3,5,5,NA,NA,NA,NA,NA,NA,NA,NA,NA,NA
16210065,16211063,1621,2,3,18.08333333,M,6,6,6,5,5,3,4,NA,NA,5,5,5,6,6,5,5,5,5,NA,NA,NA,NA,NA,NA,NA,NA,NA,NA
16210065,16211062,1621,2,3,18.08333333,M,6,6,6,5,5,3,4,NA,NA,6,4,6,6,5,6,6,6,6,NA,NA,NA,NA,NA,NA,NA,NA,NA,NA
16210065,16211064,1621,2,3,18.08333333,M,6,6,6,5,5,3,4,NA,NA,4,4,4,6,3,4,4,4,4,NA,NA,NA,NA,NA,NA,NA,NA,NA,NA
16210066,16211062,1621,2,3,18.58333333,M,5,4,5,2,6,2,3,NA,NA,7,5,6,5,5,6,6,5,5,NA,NA,NA,NA,NA,NA,NA,NA,NA,NA
16210066,16211064,1621,2,3,18.58333333,M,5,4,5,2,6,2,3,NA,NA,4,4,4,4,5,5,5,6,5,NA,NA,NA,NA,NA,NA,NA,NA,NA,NA
16210066,16211063,1621,2,3,18.58333333,M,5,4,5,2,6,2,3,NA,NA,5,4,5,4,5,5,6,6,5,NA,NA,NA,NA,NA,NA,NA,NA,NA,NA
16211062,16210066,1621,2,3,17.83333333,F,5,4,7,6,6,4,5,NA,NA,5,4,5,6,5,7,6,6,6,NA,NA,NA,NA,NA,NA,NA,NA,NA,NA
16211062,16210065,1621,2,3,17.83333333,F,5,4,7,6,6,4,5,NA,NA,7,6,6,5,6,6,7,6,6,NA,NA,NA,NA,NA,NA,NA,NA,NA,NA
16211063,16210065,1621,2,3,18.66666667,F,6,5,7,4,5,4,5,NA,NA,6,6,6,5,6,6,7,6,5,NA,NA,NA,NA,NA,NA,NA,NA,NA,NA
16211063,16210066,1621,2,3,18.66666667,F,6,5,7,4,5,4,5,NA,NA,4,4,4,6,4,5,4,5,4,NA,NA,NA,NA,NA,NA,NA,NA,NA,NA
16211064,16210066,1621,2,3,17.75,F,5,6,6,6,5,6,5,NA,NA,3,3,4,6,4,6,4,4,5,NA,NA,NA,NA,NA,NA,NA,NA,NA,NA
16211064,16210065,1621,2,3,17.75,F,5,6,6,6,5,6,5,NA,NA,6,6,6,5,6,6,6,5,6,NA,NA,NA,NA,NA,NA,NA,NA,NA,NA
16220067,16221065,1622,3,3,18.41666667,M,6,5,7,4,6,1,1,NA,NA,5,5,5,4,6,6,6,4,4,NA,NA,NA,NA,NA,NA,NA,NA,NA,NA
16220067,16221066,1622,3,3,18.41666667,M,6,5,7,4,6,1,1,NA,NA,4,5,5,3,4,4,4,6,3,NA,NA,NA,NA,NA,NA,NA,NA,NA,NA
16220067,16221067,1622,3,3,18.41666667,M,6,5,7,4,6,1,1,NA,NA,3,3,3,4,3,3,5,5,5,NA,NA,NA,NA,NA,NA,NA,NA,NA,NA
16220068,16221066,1622,3,3,18.83333333,M,4,3,7,5,5,3,4,NA,NA,6,5,6,5,4,4,4,6,5,NA,NA,NA,NA,NA,NA,NA,NA,NA,NA
16220068,16221067,1622,3,3,18.83333333,M,4,3,7,5,5,3,4,NA,NA,4,5,5,6,4,5,5,5,5,NA,NA,NA,NA,NA,NA,NA,NA,NA,NA
16220068,16221065,1622,3,3,18.83333333,M,4,3,7,5,5,3,4,NA,NA,6,6,6,6,6,7,6,6,5,NA,NA,NA,NA,NA,NA,NA,NA,NA,NA
16220069,16221067,1622,3,3,18.25,M,5,4,5,5,6,3,4,NA,NA,4,4,4,5,3,5,4,5,4,NA,NA,NA,NA,NA,NA,NA,NA,NA,NA
16220069,16221065,1622,3,3,18.25,M,5,4,5,5,6,3,4,NA,NA,4,5,5,4,3,5,5,4,6,NA,NA,NA,NA,NA,NA,NA,NA,NA,NA
16220069,16221066,1622,3,3,18.25,M,5,4,5,5,6,3,4,NA,NA,3,4,4,4,3,3,4,5,4,NA,NA,NA,NA,NA,NA,NA,NA,NA,NA
16221065,16220067,1622,3,3,17.58333333,F,5,4,7,5,7,4,5,NA,NA,4,3,4,6,4,4,5,5,3,NA,NA,NA,NA,NA,NA,NA,NA,NA,NA
16221065,16220069,1622,3,3,17.58333333,F,5,4,7,5,7,4,5,NA,NA,4,3,4,4,4,3,4,5,4,NA,NA,NA,NA,NA,NA,NA,NA,NA,NA
16221065,16220068,1622,3,3,17.58333333,F,5,4,7,5,7,4,5,NA,NA,3,3,3,4,3,4,5,5,4,NA,NA,NA,NA,NA,NA,NA,NA,NA,NA
16221066,16220068,1622,3,3,18.41666667,F,5,5,7,6,4,4,4,NA,NA,4,5,4,6,5,7,5,6,6,NA,NA,NA,NA,NA,NA,NA,NA,NA,NA
16221066,16220067,1622,3,3,18.41666667,F,5,5,7,6,4,4,4,NA,NA,5,5,5,6,7,6,7,7,6,NA,NA,NA,NA,NA,NA,NA,NA,NA,NA
16221066,16220069,1622,3,3,18.41666667,F,5,5,7,6,4,4,4,NA,NA,5,5,4,4,3,4,3,4,3,NA,NA,NA,NA,NA,NA,NA,NA,NA,NA
16221067,16220069,1622,3,3,18.25,F,5,5,6,4,5,4,4,NA,NA,5,5,5,6,5,5,5,6,6,NA,NA,NA,NA,NA,NA,NA,NA,NA,NA
16221067,16220068,1622,3,3,18.25,F,5,5,6,4,5,4,4,NA,NA,4,4,4,4,4,4,4,4,5,NA,NA,NA,NA,NA,NA,NA,NA,NA,NA
16221067,16220067,1622,3,3,18.25,F,5,5,6,4,5,4,4,NA,NA,4,5,5,6,6,6,6,6,6,NA,NA,NA,NA,NA,NA,NA,NA,NA,NA
16230070,16231068,1623,2,2,17.91666667,M,6,5,4,2,4,1,2,NA,NA,4,3,5,6,3,5,5,5,6,NA,NA,NA,NA,NA,NA,NA,NA,NA,NA
16230070,16231069,1623,2,2,17.91666667,M,6,5,4,2,4,1,2,NA,NA,2,3,3,4,5,4,3,6,4,NA,NA,NA,NA,NA,NA,NA,NA,NA,NA
16230071,16231069,1623,2,2,19.83333333,M,5,5,7,6,6,6,3,NA,NA,6,5,6,6,5,6,6,7,6,NA,NA,NA,NA,NA,NA,NA,NA,NA,NA
16230071,16231068,1623,2,2,19.83333333,M,5,5,7,6,6,6,3,NA,NA,7,6,6,6,6,7,7,7,6,NA,NA,NA,NA,NA,NA,NA,NA,NA,NA
16231068,16230070,1623,2,2,19.5,F,6,5,7,7,7,4,6,NA,NA,4,4,5,6,7,6,7,7,6,NA,NA,NA,NA,NA,NA,NA,NA,NA,NA
16231068,16230071,1623,2,2,19.5,F,6,5,7,7,7,4,6,NA,NA,4,4,4,5,4,6,5,6,5,NA,NA,NA,NA,NA,NA,NA,NA,NA,NA
16231069,16230071,1623,2,2,17.58333333,F,5,5,6,4,6,4,5,NA,NA,4,5,5,6,5,5,5,4,5,NA,NA,NA,NA,NA,NA,NA,NA,NA,NA
16231069,16230070,1623,2,2,17.58333333,F,5,5,6,4,6,4,5,NA,NA,4,4,5,5,5,6,5,5,5,NA,NA,NA,NA,NA,NA,NA,NA,NA,NA
16240073,16241070,1624,4,3,18.75,M,6,6,5,7,6,2,5,NA,NA,3,2,4,5,4,5,5,4,6,NA,NA,NA,NA,NA,NA,NA,NA,NA,NA
16240073,16241071,1624,4,3,18.75,M,6,6,5,7,6,2,5,NA,NA,2,1,3,6,2,5,5,5,6,NA,NA,NA,NA,NA,NA,NA,NA,NA,NA
16240073,16241072,1624,4,3,18.75,M,6,6,5,7,6,2,5,NA,NA,5,6,6,5,5,5,4,5,5,NA,NA,NA,NA,NA,NA,NA,NA,NA,NA
16240074,16241072,1624,4,3,24.16666667,M,6,6,6,5,7,4,5,NA,NA,5,6,5,5,4,4,5,5,4,NA,NA,NA,NA,NA,NA,NA,NA,NA,NA
16240074,16241070,1624,4,3,24.16666667,M,6,6,6,5,7,4,5,NA,NA,5,4,5,6,5,6,5,5,5,NA,NA,NA,NA,NA,NA,NA,NA,NA,NA
16240074,16241071,1624,4,3,24.16666667,M,6,6,6,5,7,4,5,NA,NA,2,NA,2,4,3,3,3,3,2,NA,NA,NA,NA,NA,NA,NA,NA,NA,NA
16240075,16241071,1624,4,3,23,M,5,5,6,7,7,6,6,NA,NA,4,4,4,5,5,6,6,6,6,NA,NA,NA,NA,NA,NA,NA,NA,NA,NA
16240075,16241072,1624,4,3,23,M,5,5,6,7,7,6,6,NA,NA,6,6,6,6,6,6,5,7,6,NA,NA,NA,NA,NA,NA,NA,NA,NA,NA
16240075,16241070,1624,4,3,23,M,5,5,6,7,7,6,6,NA,NA,2,3,2,5,4,5,4,5,5,NA,NA,NA,NA,NA,NA,NA,NA,NA,NA
16241070,16240072,1624,4,3,18.83333333,F,5,4,7,7,5,5,6,NA,NA,5,6,6,7,5,6,5,7,7,NA,NA,NA,NA,NA,NA,NA,NA,NA,NA
16241070,16240073,1624,4,3,18.83333333,F,5,4,7,7,5,5,6,NA,NA,6,6,6,6,6,7,6,6,6,NA,NA,NA,NA,NA,NA,NA,NA,NA,NA
16241070,16240074,1624,4,3,18.83333333,F,5,4,7,7,5,5,6,NA,NA,4,5,4,5,4,5,5,4,4,NA,NA,NA,NA,NA,NA,NA,NA,NA,NA
16241070,16240075,1624,4,3,18.83333333,F,5,4,7,7,5,5,6,NA,NA,5,4,4,6,5,6,5,5,5,NA,NA,NA,NA,NA,NA,NA,NA,NA,NA
16241071,16240075,1624,4,3,21.41666667,F,5,5,6,5,6,3,6,NA,NA,5,4,5,6,5,6,7,6,6,NA,NA,NA,NA,NA,NA,NA,NA,NA,NA
16241071,16240072,1624,4,3,21.41666667,F,5,5,6,5,6,3,6,NA,NA,4,4,4,7,4,6,5,5,6,NA,NA,NA,NA,NA,NA,NA,NA,NA,NA
16241071,16240073,1624,4,3,21.41666667,F,5,5,6,5,6,3,6,NA,NA,4,5,5,5,5,6,6,5,4,NA,NA,NA,NA,NA,NA,NA,NA,NA,NA
16241071,16240074,1624,4,3,21.41666667,F,5,5,6,5,6,3,6,NA,NA,4,5,5,5,5,6,5,5,4,NA,NA,NA,NA,NA,NA,NA,NA,NA,NA
16241072,16240074,1624,4,3,27.66666667,F,5,4,7,5,5,4,4,NA,NA,5,5,5,6,3,6,6,6,5,NA,NA,NA,NA,NA,NA,NA,NA,NA,NA
16241072,16240075,1624,4,3,27.66666667,F,5,4,7,5,5,4,4,NA,NA,3,3,3,5,6,6,6,5,7,NA,NA,NA,NA,NA,NA,NA,NA,NA,NA
16241072,16240072,1624,4,3,27.66666667,F,5,4,7,5,5,4,4,NA,NA,2,2,2,5,3,5,4,4,5,NA,NA,NA,NA,NA,NA,NA,NA,NA,NA
16241072,16240073,1624,4,3,27.66666667,F,5,4,7,5,5,4,4,NA,NA,5,5,5,5,6,6,6,5,6,NA,NA,NA,NA,NA,NA,NA,NA,NA,NA
16250076,16251074,1625,4,4,17.66666667,M,5,6,7,4,5,4,6,NA,NA,4,3,4,4,3,4,4,5,3,NA,NA,NA,NA,NA,NA,NA,NA,NA,NA
16250076,16251075,1625,4,4,17.66666667,M,5,6,7,4,5,4,6,NA,NA,3,3,4,5,4,5,6,5,3,NA,NA,NA,NA,NA,NA,NA,NA,NA,NA
16250076,16251076,1625,4,4,17.66666667,M,5,6,7,4,5,4,6,NA,NA,2,2,3,3,3,4,3,3,3,NA,NA,NA,NA,NA,NA,NA,NA,NA,NA
16250076,16251073,1625,4,4,17.66666667,M,5,6,7,4,5,4,6,NA,NA,1,1,3,3,2,2,4,4,2,NA,NA,NA,NA,NA,NA,NA,NA,NA,NA
16250077,16251073,1625,4,4,20.66666667,M,5,5,4,4,5,3,3,NA,NA,3,4,4,4,3,5,4,4,5,NA,NA,NA,NA,NA,NA,NA,NA,NA,NA
16250077,16251074,1625,4,4,20.66666667,M,5,5,4,4,5,3,3,NA,NA,3,4,4,6,4,5,4,5,5,NA,NA,NA,NA,NA,NA,NA,NA,NA,NA
16250077,16251075,1625,4,4,20.66666667,M,5,5,4,4,5,3,3,NA,NA,5,6,5,6,5,6,5,6,6,NA,NA,NA,NA,NA,NA,NA,NA,NA,NA
16250077,16251076,1625,4,4,20.66666667,M,5,5,4,4,5,3,3,NA,NA,4,4,4,4,5,4,4,4,6,NA,NA,NA,NA,NA,NA,NA,NA,NA,NA
16250078,16251075,1625,4,4,18.41666667,M,6,6,6,4,5,3,5,NA,NA,5,5,5,6,5,5,6,7,5,NA,NA,NA,NA,NA,NA,NA,NA,NA,NA
16250078,16251076,1625,4,4,18.41666667,M,6,6,6,4,5,3,5,NA,NA,3,3,4,6,6,5,6,7,5,NA,NA,NA,NA,NA,NA,NA,NA,NA,NA
16250078,16251073,1625,4,4,18.41666667,M,6,6,6,4,5,3,5,NA,NA,2,3,4,6,5,7,7,6,5,NA,NA,NA,NA,NA,NA,NA,NA,NA,NA
16250078,16251074,1625,4,4,18.41666667,M,6,6,6,4,5,3,5,NA,NA,1,1,2,5,4,4,5,7,5,NA,NA,NA,NA,NA,NA,NA,NA,NA,NA
16250079,16251076,1625,4,4,16.91666667,M,7,6,7,5,5,4,6,NA,NA,4,3,4,5,4,5,5,5,5,NA,NA,NA,NA,NA,NA,NA,NA,NA,NA
16250079,16251073,1625,4,4,16.91666667,M,7,6,7,5,5,4,6,NA,NA,2,1,2,6,4,5,5,5,5,NA,NA,NA,NA,NA,NA,NA,NA,NA,NA
16250079,16251074,1625,4,4,16.91666667,M,7,6,7,5,5,4,6,NA,NA,2,2,2,6,4,6,4,4,5,NA,NA,NA,NA,NA,NA,NA,NA,NA,NA
16250079,16251075,1625,4,4,16.91666667,M,7,6,7,5,5,4,6,NA,NA,3,4,4,6,5,6,5,6,5,NA,NA,NA,NA,NA,NA,NA,NA,NA,NA
16251073,16250077,1625,4,4,24.33333333,F,4,4,4,2,4,3,4,NA,NA,5,6,6,7,6,6,6,5,6,NA,NA,NA,NA,NA,NA,NA,NA,NA,NA
16251073,16250079,1625,4,4,24.33333333,F,4,4,4,2,4,3,4,NA,NA,4,5,4,5,3,4,3,4,3,NA,NA,NA,NA,NA,NA,NA,NA,NA,NA
16251073,16250078,1625,4,4,24.33333333,F,4,4,4,2,4,3,4,NA,NA,4,5,5,5,5,6,6,5,5,NA,NA,NA,NA,NA,NA,NA,NA,NA,NA
16251073,16250076,1625,4,4,24.33333333,F,4,4,4,2,4,3,4,NA,NA,5,5,5,6,6,6,6,4,5,NA,NA,NA,NA,NA,NA,NA,NA,NA,NA
16251074,16250076,1625,4,4,20.91666667,F,4,5,5,6,7,4,7,NA,NA,3,4,4,5,3,4,3,5,6,NA,NA,NA,NA,NA,NA,NA,NA,NA,NA
16251074,16250077,1625,4,4,20.91666667,F,4,5,5,6,7,4,7,NA,NA,4,6,6,6,5,6,5,4,7,NA,NA,NA,NA,NA,NA,NA,NA,NA,NA
16251074,16250079,1625,4,4,20.91666667,F,4,5,5,6,7,4,7,NA,NA,3,5,3,4,3,3,2,5,4,NA,NA,NA,NA,NA,NA,NA,NA,NA,NA
16251074,16250078,1625,4,4,20.91666667,F,4,5,5,6,7,4,7,NA,NA,5,6,6,6,6,6,6,5,7,NA,NA,NA,NA,NA,NA,NA,NA,NA,NA
16251075,16250078,1625,4,4,24.08333333,F,7,5,5,7,6,4,6,NA,NA,5,NA,6,7,6,7,6,5,6,NA,NA,NA,NA,NA,NA,NA,NA,NA,NA
16251075,16250076,1625,4,4,24.08333333,F,7,5,5,7,6,4,6,NA,NA,2,3,3,5,4,5,4,3,4,NA,NA,NA,NA,NA,NA,NA,NA,NA,NA
16251075,16250077,1625,4,4,24.08333333,F,7,5,5,7,6,4,6,NA,NA,5,4,5,5,4,5,5,4,5,NA,NA,NA,NA,NA,NA,NA,NA,NA,NA
16251075,16250079,1625,4,4,24.08333333,F,7,5,5,7,6,4,6,NA,NA,5,4,3,4,2,3,3,4,4,NA,NA,NA,NA,NA,NA,NA,NA,NA,NA
16251076,16250079,1625,4,4,18.83333333,F,5,4,5,7,7,4,6,NA,NA,6,5,6,7,3,4,4,5,6,NA,NA,NA,NA,NA,NA,NA,NA,NA,NA
16251076,16250078,1625,4,4,18.83333333,F,5,4,5,7,7,4,6,NA,NA,5,4,5,7,6,7,6,4,7,NA,NA,NA,NA,NA,NA,NA,NA,NA,NA
16251076,16250076,1625,4,4,18.83333333,F,5,4,5,7,7,4,6,NA,NA,2,4,2,4,3,6,4,2,3,NA,NA,NA,NA,NA,NA,NA,NA,NA,NA
16251076,16250077,1625,4,4,18.83333333,F,5,4,5,7,7,4,6,NA,NA,4,5,4,6,3,5,4,4,7,NA,NA,NA,NA,NA,NA,NA,NA,NA,NA
16260080,16261077,1626,3,2,21.25,M,6,6,7,6,5,5,7,NA,NA,6,6,6,6,4,7,7,5,6,NA,NA,NA,NA,NA,NA,NA,NA,NA,NA
16260080,16261078,1626,3,2,21.25,M,6,6,7,6,5,5,7,NA,NA,4,4,4,6,5,6,5,6,5,NA,NA,NA,NA,NA,NA,NA,NA,NA,NA
16260081,16261077,1626,3,2,21.75,M,6,6,6,6,6,6,6,NA,NA,5,5,5,6,5,6,6,5,5,NA,NA,NA,NA,NA,NA,NA,NA,NA,NA
16260081,16261078,1626,3,2,21.75,M,6,6,6,6,6,6,6,NA,NA,6,5,6,5,5,6,6,5,5,NA,NA,NA,NA,NA,NA,NA,NA,NA,NA
16260082,16261078,1626,3,2,30.33333333,M,5,5,5,4,3,1,6,NA,NA,4,5,5,5,4,5,6,5,5,NA,NA,NA,NA,NA,NA,NA,NA,NA,NA
16260082,16261077,1626,3,2,30.33333333,M,5,5,5,4,3,1,6,NA,NA,7,5,5,4,3,5,5,3,6,NA,NA,NA,NA,NA,NA,NA,NA,NA,NA
16261077,16260081,1626,3,2,20.41666667,F,5,5,5,5,7,7,7,NA,NA,4,5,4,6,3,6,4,5,5,NA,NA,NA,NA,NA,NA,NA,NA,NA,NA
16261077,16260080,1626,3,2,20.41666667,F,5,5,5,5,7,7,7,NA,NA,4,5,4,6,3,6,6,3,7,NA,NA,NA,NA,NA,NA,NA,NA,NA,NA
16261077,16260082,1626,3,2,20.41666667,F,5,5,5,5,7,7,7,NA,NA,2,2,2,4,2,2,2,4,2,NA,NA,NA,NA,NA,NA,NA,NA,NA,NA
16261078,16260082,1626,3,2,21.58333333,F,6,6,7,7,7,6,7,NA,NA,5,6,6,6,6,7,7,6,7,NA,NA,NA,NA,NA,NA,NA,NA,NA,NA
16261078,16260081,1626,3,2,21.58333333,F,6,6,7,7,7,6,7,NA,NA,4,5,4,6,5,6,6,7,6,NA,NA,NA,NA,NA,NA,NA,NA,NA,NA
16261078,16260080,1626,3,2,21.58333333,F,6,6,7,7,7,6,7,NA,NA,5,5,5,7,6,6,6,7,7,NA,NA,NA,NA,NA,NA,NA,NA,NA,NA
16270084,16271082,1627,4,3,22.91666667,M,6,4,5,5,4,5,5,NA,NA,2,3,4,4,3,4,4,5,3,NA,NA,NA,NA,NA,NA,NA,NA,NA,NA
16270084,16271080,1627,4,3,22.91666667,M,6,4,5,5,4,5,5,NA,NA,5,5,6,5,5,4,5,5,5,NA,NA,NA,NA,NA,NA,NA,NA,NA,NA
16270084,16271081,1627,4,3,22.91666667,M,6,4,5,5,4,5,5,NA,NA,5,5,6,5,6,5,6,7,7,NA,NA,NA,NA,NA,NA,NA,NA,NA,NA
16270085,16271080,1627,4,3,18.16666667,M,5,6,7,5,4,4,5,NA,NA,5,5,5,6,5,4,4,6,6,NA,NA,NA,NA,NA,NA,NA,NA,NA,NA
16270085,16271081,1627,4,3,18.16666667,M,5,6,7,5,4,4,5,NA,NA,3,4,4,7,5,5,4,4,5,NA,NA,NA,NA,NA,NA,NA,NA,NA,NA
16270085,16271082,1627,4,3,18.16666667,M,5,6,7,5,4,4,5,NA,NA,3,4,3,5,5,5,4,4,3,NA,NA,NA,NA,NA,NA,NA,NA,NA,NA
16270086,16271081,1627,4,3,19.41666667,M,5,6,7,5,6,4,6,NA,NA,5,5,5,6,5,6,5,6,7,NA,NA,NA,NA,NA,NA,NA,NA,NA,NA
16270086,16271082,1627,4,3,19.41666667,M,5,6,7,5,6,4,6,NA,NA,3,5,4,4,4,4,4,5,4,NA,NA,NA,NA,NA,NA,NA,NA,NA,NA
16270086,16271080,1627,4,3,19.41666667,M,5,6,7,5,6,4,6,NA,NA,5,6,5,5,5,5,6,5,5,NA,NA,NA,NA,NA,NA,NA,NA,NA,NA
16270087,16271081,1627,4,3,17.75,M,5,4,6,3,4,3,4,NA,NA,4,4,4,6,5,6,5,5,7,NA,NA,NA,NA,NA,NA,NA,NA,NA,NA
16270087,16271082,1627,4,3,17.75,M,5,4,6,3,4,3,4,NA,NA,3,3,5,5,6,6,6,6,5,NA,NA,NA,NA,NA,NA,NA,NA,NA,NA
16270087,16271080,1627,4,3,17.75,M,5,4,6,3,4,3,4,NA,NA,4,4,3,4,4,4,4,6,4,NA,NA,NA,NA,NA,NA,NA,NA,NA,NA
16271080,16270085,1627,4,3,21.91666667,F,5,4,5,5,6,3,4,NA,NA,3,3,4,4,4,5,4,4,3,NA,NA,NA,NA,NA,NA,NA,NA,NA,NA
16271080,16270084,1627,4,3,21.91666667,F,5,4,5,5,6,3,4,NA,NA,5,3,4,5,5,4,5,6,4,NA,NA,NA,NA,NA,NA,NA,NA,NA,NA
16271080,16270086,1627,4,3,21.91666667,F,5,4,5,5,6,3,4,NA,NA,5,5,5,4,6,6,6,4,3,NA,NA,NA,NA,NA,NA,NA,NA,NA,NA
16271080,16270087,1627,4,3,21.91666667,F,5,4,5,5,6,3,4,NA,NA,2,2,4,5,3,4,3,4,4,NA,NA,NA,NA,NA,NA,NA,NA,NA,NA
16271081,16270086,1627,4,3,17.91666667,F,5,5,7,3,6,5,4,NA,NA,4,5,5,6,5,5,4,5,4,NA,NA,NA,NA,NA,NA,NA,NA,NA,NA
16271081,16270087,1627,4,3,17.91666667,F,5,5,7,3,6,5,4,NA,NA,5,5,5,6,5,6,5,5,5,NA,NA,NA,NA,NA,NA,NA,NA,NA,NA
16271081,16270085,1627,4,3,17.91666667,F,5,5,7,3,6,5,4,NA,NA,5,6,6,5,6,5,7,6,5,NA,NA,NA,NA,NA,NA,NA,NA,NA,NA
16271081,16270084,1627,4,3,17.91666667,F,5,5,7,3,6,5,4,NA,NA,7,5,5,5,4,3,4,5,5,NA,NA,NA,NA,NA,NA,NA,NA,NA,NA
16271082,16270084,1627,4,3,22.08333333,F,5,5,7,4,4,3,4,NA,NA,4,4,4,6,3,3,4,4,5,NA,NA,NA,NA,NA,NA,NA,NA,NA,NA
16271082,16270086,1627,4,3,22.08333333,F,5,5,7,4,4,3,4,NA,NA,5,4,5,6,5,5,5,5,5,NA,NA,NA,NA,NA,NA,NA,NA,NA,NA
16271082,16270087,1627,4,3,22.08333333,F,5,5,7,4,4,3,4,NA,NA,3,4,5,4,5,5,5,4,4,NA,NA,NA,NA,NA,NA,NA,NA,NA,NA
16271082,16270085,1627,4,3,22.08333333,F,5,5,7,4,4,3,4,NA,NA,5,5,5,4,5,5,5,4,4,NA,NA,NA,NA,NA,NA,NA,NA,NA,NA
16280088,16281084,1628,2,2,23.91666667,M,5,5,5,5,5,4,5,NA,NA,4,5,5,6,6,6,6,6,6,NA,NA,NA,NA,NA,NA,NA,NA,NA,NA
16280088,16281083,1628,2,2,23.91666667,M,5,5,5,5,5,4,5,NA,NA,6,6,6,6,6,6,6,6,6,NA,NA,NA,NA,NA,NA,NA,NA,NA,NA
16280089,16281083,1628,2,2,20.25,M,6,5,7,6,7,6,6,NA,NA,4,5,5,5,4,4,5,5,3,NA,NA,NA,NA,NA,NA,NA,NA,NA,NA
16280089,16281084,1628,2,2,20.25,M,6,5,7,6,7,6,6,NA,NA,3,3,2,2,2,2,2,3,2,NA,NA,NA,NA,NA,NA,NA,NA,NA,NA
16281083,16280089,1628,2,2,18.5,F,5,5,7,6,6,4,6,NA,NA,6,5,6,6,6,6,6,5,6,NA,NA,NA,NA,NA,NA,NA,NA,NA,NA
16281083,16280088,1628,2,2,18.5,F,5,5,7,6,6,4,6,NA,NA,4,4,4,6,4,5,5,5,5,NA,NA,NA,NA,NA,NA,NA,NA,NA,NA
16281084,16280088,1628,2,2,19.91666667,F,6,6,7,7,7,6,7,NA,NA,4,4,5,6,5,6,6,6,5,NA,NA,NA,NA,NA,NA,NA,NA,NA,NA
16281084,16280089,1628,2,2,19.91666667,F,6,6,7,7,7,6,7,NA,NA,6,6,6,6,6,6,6,6,5,NA,NA,NA,NA,NA,NA,NA,NA,NA,NA
16290090,16291086,1629,1,3,20.66666667,M,6,5,7,7,7,5,7,NA,NA,6,5,6,6,5,6,7,6,6,NA,NA,NA,NA,NA,NA,NA,NA,NA,NA
16290090,16291085,1629,1,3,20.66666667,M,6,5,7,7,7,5,7,NA,NA,6,4,6,5,5,6,6,7,7,NA,NA,NA,NA,NA,NA,NA,NA,NA,NA
16290090,16291087,1629,1,3,20.66666667,M,6,5,7,7,7,5,7,NA,NA,7,6,7,7,7,7,7,6,6,NA,NA,NA,NA,NA,NA,NA,NA,NA,NA
16291085,16290090,1629,1,3,19.75,F,4,4,7,5,7,4,6,NA,NA,4,3,6,6,5,6,6,6,6,NA,NA,NA,NA,NA,NA,NA,NA,NA,NA
16291086,16290090,1629,1,3,21,F,4,4,6,6,5,3,6,NA,NA,4,4,5,6,4,6,5,5,5,NA,NA,NA,NA,NA,NA,NA,NA,NA,NA
16291087,16290090,1629,1,3,19.33333333,F,4,4,7,7,7,2,5,NA,NA,4,4,4,6,5,6,6,5,7,NA,NA,NA,NA,NA,NA,NA,NA,NA,NA
16300091,16301089,1630,3,3,19.16666667,M,5,5,7,7,7,6,7,NA,NA,3,3,5,6,6,7,6,7,6,NA,NA,NA,NA,NA,NA,NA,NA,NA,NA
16300091,16301088,1630,3,3,19.16666667,M,5,5,7,7,7,6,7,NA,NA,6,6,6,4,5,5,5,5,4,NA,NA,NA,NA,NA,NA,NA,NA,NA,NA
16300091,16301090,1630,3,3,19.16666667,M,5,5,7,7,7,6,7,NA,NA,4,4,5,7,5,6,6,7,7,NA,NA,NA,NA,NA,NA,NA,NA,NA,NA
16300092,16301090,1630,3,3,20.08333333,M,7,6,7,6,7,6,5,NA,NA,6,5,6,6,5,6,6,6,5,NA,NA,NA,NA,NA,NA,NA,NA,NA,NA
16300092,16301089,1630,3,3,20.08333333,M,7,6,7,6,7,6,5,NA,NA,6,4,5,6,5,6,6,6,5,NA,NA,NA,NA,NA,NA,NA,NA,NA,NA
16300092,16301088,1630,3,3,20.08333333,M,7,6,7,6,7,6,5,NA,NA,5,5,5,6,5,6,6,6,5,NA,NA,NA,NA,NA,NA,NA,NA,NA,NA
16300093,16301088,1630,3,3,19.75,M,5,5,7,4,5,4,7,NA,NA,5,5,5,6,4,6,6,5,4,NA,NA,NA,NA,NA,NA,NA,NA,NA,NA
16300093,16301090,1630,3,3,19.75,M,5,5,7,4,5,4,7,NA,NA,5,6,6,6,6,6,6,6,5,NA,NA,NA,NA,NA,NA,NA,NA,NA,NA
16300093,16301089,1630,3,3,19.75,M,5,5,7,4,5,4,7,NA,NA,6,6,6,6,5,6,7,6,5,NA,NA,NA,NA,NA,NA,NA,NA,NA,NA
16301088,16300093,1630,3,3,18.41666667,F,5,5,7,6,6,4,5,NA,NA,3,3,3,6,5,6,5,5,6,NA,NA,NA,NA,NA,NA,NA,NA,NA,NA
16301088,16300091,1630,3,3,18.41666667,F,5,5,7,6,6,4,5,NA,NA,3,3,3,6,6,6,6,5,6,NA,NA,NA,NA,NA,NA,NA,NA,NA,NA
16301088,16300092,1630,3,3,18.41666667,F,5,5,7,6,6,4,5,NA,NA,5,5,5,5,6,6,6,6,6,NA,NA,NA,NA,NA,NA,NA,NA,NA,NA
16301089,16300091,1630,3,3,19.58333333,F,6,5,7,4,6,3,7,NA,NA,3,6,5,5,4,5,5,6,5,NA,NA,NA,NA,NA,NA,NA,NA,NA,NA
16301089,16300092,1630,3,3,19.58333333,F,6,5,7,4,6,3,7,NA,NA,4,4,5,7,4,6,5,5,6,NA,NA,NA,NA,NA,NA,NA,NA,NA,NA
16301089,16300093,1630,3,3,19.58333333,F,6,5,7,4,6,3,7,NA,NA,4,5,5,5,5,6,6,6,4,NA,NA,NA,NA,NA,NA,NA,NA,NA,NA
16301090,16300092,1630,3,3,22.08333333,F,4,5,7,7,5,3,5,NA,NA,5,5,6,6,5,6,6,4,7,NA,NA,NA,NA,NA,NA,NA,NA,NA,NA
16301090,16300093,1630,3,3,22.08333333,F,4,5,7,7,5,3,5,NA,NA,4,4,5,6,5,5,5,4,7,NA,NA,NA,NA,NA,NA,NA,NA,NA,NA
16301090,16300091,1630,3,3,22.08333333,F,4,5,7,7,5,3,5,NA,NA,4,4,5,6,5,5,5,4,6,NA,NA,NA,NA,NA,NA,NA,NA,NA,NA
16310094,16311091,1631,2,2,23.16666667,M,5,4,7,6,7,3,5,NA,NA,4,4,3,6,2,3,3,4,3,NA,NA,NA,NA,NA,NA,NA,NA,NA,NA
16310094,16311092,1631,2,2,23.16666667,M,5,4,7,6,7,3,5,NA,NA,4,4,4,6,4,5,4,4,5,NA,NA,NA,NA,NA,NA,NA,NA,NA,NA
16310095,16311092,1631,2,2,20.66666667,M,5,5,6,5,6,4,6,NA,NA,4,3,4,6,5,6,5,6,6,NA,NA,NA,NA,NA,NA,NA,NA,NA,NA
16310095,16311091,1631,2,2,20.66666667,M,5,5,6,5,6,4,6,NA,NA,4,5,4,6,6,3,3,5,5,NA,NA,NA,NA,NA,NA,NA,NA,NA,NA
16311091,16310094,1631,2,2,21.83333333,F,6,5,7,7,7,7,6,NA,NA,4,4,5,5,6,7,7,6,6,NA,NA,NA,NA,NA,NA,NA,NA,NA,NA
16311091,16310095,1631,2,2,21.83333333,F,6,5,7,7,7,7,6,NA,NA,5,5,5,5,6,7,7,5,6,NA,NA,NA,NA,NA,NA,NA,NA,NA,NA
16311092,16310095,1631,2,2,19.91666667,F,5,5,6,6,6,5,6,NA,NA,4,4,4,4,4,5,4,4,4,NA,NA,NA,NA,NA,NA,NA,NA,NA,NA
16311092,16310094,1631,2,2,19.91666667,F,5,5,6,6,6,5,6,NA,NA,5,5,5,5,5,6,5,5,5,NA,NA,NA,NA,NA,NA,NA,NA,NA,NA
16320096,16321094,1632,1,2,20.25,M,5,5,6,4,4,4,5,NA,NA,5,5,5,6,5,4,5,5,4,NA,NA,NA,NA,NA,NA,NA,NA,NA,NA
16320096,16321093,1632,1,2,20.25,M,5,5,6,4,4,4,5,NA,NA,5,4,4,6,4,3,4,5,5,NA,NA,NA,NA,NA,NA,NA,NA,NA,NA
16321093,16320096,1632,1,2,24.08333333,F,4,4,7,7,7,7,7,NA,NA,5,4,5,6,4,7,7,3,7,NA,NA,NA,NA,NA,NA,NA,NA,NA,NA
16321094,16320096,1632,1,2,18.25,F,5,5,4,4,5,3,5,NA,NA,3,2,3,4,4,4,3,6,4,NA,NA,NA,NA,NA,NA,NA,NA,NA,NA
16330097,16331096,1633,2,3,19.25,M,5,4,6,5,5,3,3,NA,NA,6,6,6,6,6,6,5,5,4,NA,NA,NA,NA,NA,NA,NA,NA,NA,NA
16330097,16331095,1633,2,3,19.25,M,5,4,6,5,5,3,3,NA,NA,6,5,5,6,6,6,7,7,6,NA,NA,NA,NA,NA,NA,NA,NA,NA,NA
16330097,16331097,1633,2,3,19.25,M,5,4,6,5,5,3,3,NA,NA,6,5,6,6,7,7,7,5,5,NA,NA,NA,NA,NA,NA,NA,NA,NA,NA
16330098,16331095,1633,2,3,21.16666667,M,5,5,7,6,5,5,5,NA,NA,5,5,6,6,6,6,6,6,6,NA,NA,NA,NA,NA,NA,NA,NA,NA,NA
16330098,16331097,1633,2,3,21.16666667,M,5,5,7,6,5,5,5,NA,NA,6,7,6,6,6,6,6,6,6,NA,NA,NA,NA,NA,NA,NA,NA,NA,NA
16330098,16331096,1633,2,3,21.16666667,M,5,5,7,6,5,5,5,NA,NA,4,4,4,6,5,4,5,5,5,NA,NA,NA,NA,NA,NA,NA,NA,NA,NA
16331095,16330098,1633,2,3,21.33333333,F,4,4,7,7,5,5,6,NA,NA,5,5,5,6,4,5,5,6,5,NA,NA,NA,NA,NA,NA,NA,NA,NA,NA
16331095,16330097,1633,2,3,21.33333333,F,4,4,7,7,5,5,6,NA,NA,5,5,6,6,5,6,6,6,6,NA,NA,NA,NA,NA,NA,NA,NA,NA,NA
16331096,16330097,1633,2,3,18.08333333,F,6,5,5,4,5,2,4,NA,NA,4,3,5,5,5,5,6,5,6,NA,NA,NA,NA,NA,NA,NA,NA,NA,NA
16331096,16330098,1633,2,3,18.08333333,F,6,5,5,4,5,2,4,NA,NA,3,4,4,6,4,4,3,4,6,NA,NA,NA,NA,NA,NA,NA,NA,NA,NA
16331097,16330098,1633,2,3,19.75,F,5,4,7,3,4,4,5,NA,NA,5,4,5,6,6,6,6,6,4,NA,NA,NA,NA,NA,NA,NA,NA,NA,NA
16331097,16330097,1633,2,3,19.75,F,5,4,7,3,4,4,5,NA,NA,5,4,6,6,6,7,7,6,5,NA,NA,NA,NA,NA,NA,NA,NA,NA,NA
16340099,16341098,1634,3,3,18.25,M,6,6,6,7,6,4,7,NA,NA,5,4,5,6,5,5,5,5,6,NA,NA,NA,NA,NA,NA,NA,NA,NA,NA
16340099,16341099,1634,3,3,18.25,M,6,6,6,7,6,4,7,NA,NA,5,6,6,4,6,6,6,6,6,NA,NA,NA,NA,NA,NA,NA,NA,NA,NA
16340099,16341100,1634,3,3,18.25,M,6,6,6,7,6,4,7,NA,NA,4,5,5,7,6,6,6,6,6,NA,NA,NA,NA,NA,NA,NA,NA,NA,NA
16340100,16341100,1634,3,3,20.75,M,7,7,7,4,7,5,7,NA,NA,4,5,5,6,4,7,6,6,4,NA,NA,NA,NA,NA,NA,NA,NA,NA,NA
16340100,16341098,1634,3,3,20.75,M,7,7,7,4,7,5,7,NA,NA,5,4,4,7,4,4,4,6,7,NA,NA,NA,NA,NA,NA,NA,NA,NA,NA
16340100,16341099,1634,3,3,20.75,M,7,7,7,4,7,5,7,NA,NA,5,6,5,5,4,7,6,5,7,NA,NA,NA,NA,NA,NA,NA,NA,NA,NA
16340101,16341099,1634,3,3,19.66666667,M,5,5,7,5,4,6,5,NA,NA,5,5,5,5,5,6,6,5,5,NA,NA,NA,NA,NA,NA,NA,NA,NA,NA
16340101,16341100,1634,3,3,19.66666667,M,5,5,7,5,4,6,5,NA,NA,4,4,4,4,4,5,5,4,5,NA,NA,NA,NA,NA,NA,NA,NA,NA,NA
16340101,16341098,1634,3,3,19.66666667,M,5,5,7,5,4,6,5,NA,NA,4,4,3,6,4,4,4,4,4,NA,NA,NA,NA,NA,NA,NA,NA,NA,NA
16341098,16340099,1634,3,3,17.83333333,F,6,4,6,1,5,4,4,NA,NA,4,3,4,5,4,7,4,5,5,NA,NA,NA,NA,NA,NA,NA,NA,NA,NA
16341098,16340100,1634,3,3,17.83333333,F,6,4,6,1,5,4,4,NA,NA,4,5,5,5,6,7,6,5,4,NA,NA,NA,NA,NA,NA,NA,NA,NA,NA
16341098,16340101,1634,3,3,17.83333333,F,6,4,6,1,5,4,4,NA,NA,4,3,4,4,4,4,4,4,3,NA,NA,NA,NA,NA,NA,NA,NA,NA,NA
16341099,16340101,1634,3,3,20.25,F,4,5,7,5,6,5,5,NA,NA,4,4,5,4,4,5,4,4,4,NA,NA,NA,NA,NA,NA,NA,NA,NA,NA
16341099,16340099,1634,3,3,20.25,F,4,5,7,5,6,5,5,NA,NA,4,4,4,5,4,5,5,5,6,NA,NA,NA,NA,NA,NA,NA,NA,NA,NA
16341099,16340100,1634,3,3,20.25,F,4,5,7,5,6,5,5,NA,NA,5,5,5,4,5,5,5,4,5,NA,NA,NA,NA,NA,NA,NA,NA,NA,NA
16341100,16340100,1634,3,3,18.41666667,F,5,4,7,6,5,3,3,NA,NA,5,5,6,7,6,7,6,5,6,NA,NA,NA,NA,NA,NA,NA,NA,NA,NA
16341100,16340101,1634,3,3,18.41666667,F,5,4,7,6,5,3,3,NA,NA,4,5,5,6,6,5,4,6,5,NA,NA,NA,NA,NA,NA,NA,NA,NA,NA
16341100,16340099,1634,3,3,18.41666667,F,5,4,7,6,5,3,3,NA,NA,3,5,4,7,6,5,6,7,4,NA,NA,NA,NA,NA,NA,NA,NA,NA,NA
16350102,16351101,1635,3,4,20.83333333,M,5,5,7,6,6,5,5,NA,NA,4,4,5,6,5,5,6,5,5,NA,NA,NA,NA,NA,NA,NA,NA,NA,NA
16350102,16351102,1635,3,4,20.83333333,M,5,5,7,6,6,5,5,NA,NA,5,6,5,6,5,5,5,6,6,NA,NA,NA,NA,NA,NA,NA,NA,NA,NA
16350102,16351103,1635,3,4,20.83333333,M,5,5,7,6,6,5,5,NA,NA,5,6,5,6,5,6,6,4,5,NA,NA,NA,NA,NA,NA,NA,NA,NA,NA
16350102,16351104,1635,3,4,20.83333333,M,5,5,7,6,6,5,5,NA,NA,5,5,5,6,4,5,4,4,5,NA,NA,NA,NA,NA,NA,NA,NA,NA,NA
16350103,16351102,1635,3,4,17.58333333,M,5,4,6,6,5,5,3,NA,NA,7,6,6,6,5,6,6,6,6,NA,NA,NA,NA,NA,NA,NA,NA,NA,NA
16350103,16351103,1635,3,4,17.58333333,M,5,4,6,6,5,5,3,NA,NA,5,7,6,6,6,6,6,5,5,NA,NA,NA,NA,NA,NA,NA,NA,NA,NA
16350103,16351104,1635,3,4,17.58333333,M,5,4,6,6,5,5,3,NA,NA,6,6,5,7,6,4,5,6,6,NA,NA,NA,NA,NA,NA,NA,NA,NA,NA
16350103,16351101,1635,3,4,17.58333333,M,5,4,6,6,5,5,3,NA,NA,4,5,4,6,6,5,5,6,6,NA,NA,NA,NA,NA,NA,NA,NA,NA,NA
16350104,16351104,1635,3,4,18.33333333,M,5,6,7,7,7,4,4,NA,NA,6,5,5,5,5,6,6,6,6,NA,NA,NA,NA,NA,NA,NA,NA,NA,NA
16350104,16351101,1635,3,4,18.33333333,M,5,6,7,7,7,4,4,NA,NA,3,3,3,6,4,5,5,6,6,NA,NA,NA,NA,NA,NA,NA,NA,NA,NA
16350104,16351102,1635,3,4,18.33333333,M,5,6,7,7,7,4,4,NA,NA,5,4,5,6,5,6,6,6,6,NA,NA,NA,NA,NA,NA,NA,NA,NA,NA
16350104,16351103,1635,3,4,18.33333333,M,5,6,7,7,7,4,4,NA,NA,6,6,6,6,6,5,6,6,6,NA,NA,NA,NA,NA,NA,NA,NA,NA,NA
16351101,16350102,1635,3,4,21.75,F,4,4,6,5,5,5,5,NA,NA,4,3,5,5,4,6,5,5,6,NA,NA,NA,NA,NA,NA,NA,NA,NA,NA
16351101,16350104,1635,3,4,21.75,F,4,4,6,5,5,5,5,NA,NA,4,4,4,5,4,4,5,5,5,NA,NA,NA,NA,NA,NA,NA,NA,NA,NA
16351101,16350103,1635,3,4,21.75,F,4,4,6,5,5,5,5,NA,NA,4,4,4,5,4,4,5,5,6,NA,NA,NA,NA,NA,NA,NA,NA,NA,NA
16351102,16350103,1635,3,4,17.91666667,F,6,6,7,6,7,5,7,NA,NA,5,4,4,5,4,5,5,5,4,NA,NA,NA,NA,NA,NA,NA,NA,NA,NA
16351102,16350102,1635,3,4,17.91666667,F,6,6,7,6,7,5,7,NA,NA,5,6,5,6,5,6,6,5,4,NA,NA,NA,NA,NA,NA,NA,NA,NA,NA
16351102,16350104,1635,3,4,17.91666667,F,6,6,7,6,7,5,7,NA,NA,3,5,5,4,4,4,5,4,4,NA,NA,NA,NA,NA,NA,NA,NA,NA,NA
16351103,16350103,1635,3,4,19.41666667,F,6,6,7,7,7,5,7,NA,NA,5,4,5,5,5,5,5,5,4,NA,NA,NA,NA,NA,NA,NA,NA,NA,NA
16351103,16350102,1635,3,4,19.41666667,F,6,6,7,7,7,5,7,NA,NA,6,6,6,5,5,6,7,6,6,NA,NA,NA,NA,NA,NA,NA,NA,NA,NA
16351103,16350104,1635,3,4,19.41666667,F,6,6,7,7,7,5,7,NA,NA,7,5,6,6,5,5,5,6,6,NA,NA,NA,NA,NA,NA,NA,NA,NA,NA
16351104,16350104,1635,3,4,17.83333333,F,5,4,6,7,7,3,5,NA,NA,5,4,5,6,4,6,5,4,6,NA,NA,NA,NA,NA,NA,NA,NA,NA,NA
16351104,16350103,1635,3,4,17.83333333,F,5,4,6,7,7,3,5,NA,NA,3,2,3,7,3,5,4,4,6,NA,NA,NA,NA,NA,NA,NA,NA,NA,NA
16351104,16350102,1635,3,4,17.83333333,F,5,4,6,7,7,3,5,NA,NA,5,5,5,6,6,7,7,6,6,NA,NA,NA,NA,NA,NA,NA,NA,NA,NA
17010001,17011001,1701,4,4,18.33333333,M,5,4,6,5,5,5,4,6,6,4,3,4,4,4,4,4,4,4,4,5,4,6,5,6,4,5,6,6
17010001,17011002,1701,4,4,18.33333333,M,5,4,6,5,5,5,4,6,6,5,5,5,4,5,4,4,5,4,5,5,4,6,5,6,4,5,6,6
17010001,17011003,1701,4,4,18.33333333,M,5,4,6,5,5,5,4,6,6,5,5,5,5,5,4,4,5,4,5,5,4,6,5,6,4,5,6,6
17010001,17011004,1701,4,4,18.33333333,M,5,4,6,5,5,5,4,6,6,5,5,5,6,6,6,5,6,5,6,5,4,6,5,6,4,5,6,6
17010002,17011001,1701,4,4,17.66666667,M,6,6,6,6,5,5,5,5,6,6,5,5,6,6,6,5,5,6,4,6,6,6,6,5,5,4,5,6
17010002,17011002,1701,4,4,17.66666667,M,6,6,6,6,5,5,5,5,6,6,6,6,6,6,5,6,6,5,6,6,6,6,6,5,5,4,5,6
17010002,17011004,1701,4,4,17.66666667,M,6,6,6,6,5,5,5,5,6,5,5,4,5,6,5,3,4,4,4,6,6,6,6,5,5,4,5,6
17010002,17011003,1701,4,4,17.66666667,M,6,6,6,6,5,5,5,5,6,6,6,6,5,7,6,5,7,4,7,6,6,6,6,5,5,4,5,6
17010003,17011001,1701,4,4,18.08333333,M,6,5,4,4,6,5,4,6,6,4,3,4,5,4,4,4,3,4,4,6,5,5,4,6,5,6,6,6
17010003,17011002,1701,4,4,18.08333333,M,6,5,4,4,6,5,4,6,6,4,4,4,4,4,4,4,4,4,5,6,5,5,4,6,5,6,6,6
17010003,17011003,1701,4,4,18.08333333,M,6,5,4,4,6,5,4,6,6,5,4,5,5,5,4,4,5,5,5,6,5,5,4,6,5,6,6,6
17010003,17011004,1701,4,4,18.08333333,M,6,5,4,4,6,5,4,6,6,5,5,5,4,5,4,4,4,5,4,6,5,5,4,6,5,6,6,6
17010004,17011001,1701,4,4,18.08333333,M,6,7,7,5,6,4,6,7,7,6,5,6,6,7,7,6,5,5,4,7,7,7,6,6,7,4,7,6
17010004,17011002,1701,4,4,18.08333333,M,6,7,7,5,6,4,6,7,7,2,3,3,6,5,7,6,5,6,2,7,7,7,6,6,7,4,7,6
17010004,17011003,1701,4,4,18.08333333,M,6,7,7,5,6,4,6,7,7,3,3,5,6,7,6,6,6,5,4,7,7,7,6,6,7,4,7,6
17010004,17011004,1701,4,4,18.08333333,M,6,7,7,5,6,4,6,7,7,2,2,3,6,5,7,6,3,6,4,7,7,7,6,6,7,4,7,6
17011001,17010001,1701,4,4,21.16666667,F,5,6,7,7,6,4,6,3,3,4,6,5,5,6,5,5,4,4,3,5,6,6,7,6,6,5,4,4
17011001,17010002,1701,4,4,21.16666667,F,5,6,7,7,6,4,6,3,3,5,6,6,5,7,5,5,6,4,4,5,6,6,7,6,6,5,4,4
17011001,17010003,1701,4,4,21.16666667,F,5,6,7,7,6,4,6,3,3,2,2,2,5,3,4,4,2,4,2,5,6,6,7,6,6,5,4,4
17011001,17010004,1701,4,4,21.16666667,F,5,6,7,7,6,4,6,3,3,4,4,4,5,4,5,5,4,4,3,5,6,6,7,6,6,5,4,4
17011002,17010001,1701,4,4,17.66666667,F,7,7,7,6,7,5,7,6,6,2,3,3,5,5,3,3,4,3,4,7,7,7,6,7,6,5,7,6
17011002,17010002,1701,4,4,17.66666667,F,7,7,7,6,7,5,7,6,6,5,4,5,6,6,4,6,6,4,4,7,7,7,6,7,6,5,7,6
17011002,17010003,1701,4,4,17.66666667,F,7,7,7,6,7,5,7,6,6,3,3,4,5,4,4,4,3,3,4,7,7,7,6,7,6,5,7,6
17011002,17010004,1701,4,4,17.66666667,F,7,7,7,6,7,5,7,6,6,5,4,6,5,6,6,5,5,5,5,7,7,7,6,7,6,5,7,6
17011003,17010001,1701,4,4,17.91666667,F,5,6,6,5,5,1,5,5,2,1,1,2,5,5,6,5,5,5,3,5,6,6,6,4,4,2,5,3
17011003,17010002,1701,4,4,17.91666667,F,5,6,6,5,5,1,5,5,2,4,3,4,3,4,6,7,5,5,2,5,6,6,6,4,4,2,5,3
17011003,17010003,1701,4,4,17.91666667,F,5,6,6,5,5,1,5,5,2,2,2,2,5,4,5,4,5,4,3,5,6,6,6,4,4,2,5,3
17011003,17010004,1701,4,4,17.91666667,F,5,6,6,5,5,1,5,5,2,4,4,4,3,5,5,4,5,4,3,5,6,6,6,4,4,2,5,3
17011004,17010001,1701,4,4,20.58333333,F,5,5,7,6,5,5,6,5,5,4,4,4,5,6,4,4,5,4,5,5,5,6,6,6,6,5,5,6
17011004,17010002,1701,4,4,20.58333333,F,5,5,7,6,5,5,6,5,5,5,5,5,6,7,4,7,6,5,4,5,5,6,6,6,6,5,5,6
17011004,17010003,1701,4,4,20.58333333,F,5,5,7,6,5,5,6,5,5,5,4,5,4,4,4,4,4,4,4,5,5,6,6,6,6,5,5,6
17011004,17010004,1701,4,4,20.58333333,F,5,5,7,6,5,5,6,5,5,5,5,5,5,6,4,4,5,4,4,5,5,6,6,6,6,5,5,6
17020005,17021005,1702,3,2,21.25,M,6,5,5,5,6,3,5,5,7,7,6,7,7,6,5,5,4,4,4,4,6,6,6,6,6,4,5,6
17020005,17021007,1702,3,2,21.25,M,6,5,5,5,6,3,5,5,7,4,4,5,6,7,5,6,4,5,3,4,6,6,6,6,6,4,5,6
17020006,17021005,1702,3,2,20.91666667,M,6,6,7,6,6,6,4,6,3,5,5,6,5,6,5,6,5,5,4,6,5,6,5,6,4,6,7,6
17020006,17021007,1702,3,2,20.91666667,M,6,6,7,6,6,6,4,6,3,4,4,5,6,5,6,5,6,6,5,6,5,6,5,6,4,6,7,6
17020007,17021005,1702,3,2,19.16666667,M,5,4,6,6,6,4,6,6,6,7,6,5,6,5,6,5,6,4,4,5,5,7,7,7,7,4,5,6
17020007,17021007,1702,3,2,19.16666667,M,5,4,6,6,6,4,6,6,6,4,4,4,6,7,5,7,6,4,4,5,5,7,7,7,7,4,5,6
17021005,17020005,1702,3,2,19.66666667,F,4,4,6,6,6,4,6,6,6,2,2,3,4,4,5,3,3,4,4,5,5,6,6,7,6,5,6,5
17021005,17020006,1702,3,2,19.66666667,F,4,4,6,6,6,4,6,6,6,4,5,6,7,6,6,7,5,5,3,5,5,6,6,7,6,5,6,5
17021005,17020007,1702,3,2,19.66666667,F,4,4,6,6,6,4,6,6,6,4,4,5,6,5,6,6,4,4,3,5,5,6,6,7,6,5,6,5
17021007,17020005,1702,3,2,17.91666667,F,5,7,7,4,5,4,4,5,4,4,3,4,6,5,5,6,4,7,3,5,6,7,5,6,5,4,5,5
17021007,17020006,1702,3,2,17.91666667,F,5,7,7,4,5,4,4,5,4,4,4,4,6,5,5,6,5,5,4,5,6,7,5,6,5,4,5,5
17021007,17020007,1702,3,2,17.91666667,F,5,7,7,4,5,4,4,5,4,4,4,4,5,6,5,5,6,5,4,5,6,7,5,6,5,4,5,5
17030008,17031006,1703,3,3,17.91666667,M,5,5,7,4,6,4,4,6,6,5,4,5,6,6,6,4,6,5,4,5,5,7,5,6,4,4,6,7
17030008,17031008,1703,3,3,17.91666667,M,5,5,7,4,6,4,4,6,6,6,5,6,6,6,6,7,5,4,2,5,5,7,5,6,4,4,6,7
17030008,17031009,1703,3,3,17.91666667,M,5,5,7,4,6,4,4,6,6,4,4,5,6,5,7,5,7,4,4,5,5,7,5,6,4,4,6,7
17030009,17031006,1703,3,3,19.75,M,5,5,6,5,7,7,6,6,6,6,5,6,6,5,4,5,4,4,4,6,6,6,5,7,6,7,6,6
17030009,17031008,1703,3,3,19.75,M,5,5,6,5,7,7,6,6,6,5,4,5,5,4,4,3,4,4,4,6,6,6,5,7,6,7,6,6
17030009,17031009,1703,3,3,19.75,M,5,5,6,5,7,7,6,6,6,5,4,5,5,5,4,4,5,4,4,6,6,6,5,7,6,7,6,6
17030010,17031006,1703,3,3,18,M,5,5,7,2,5,5,6,7,7,6,6,6,5,6,6,4,6,5,5,6,6,7,6,6,5,5,6,7
17030010,17031008,1703,3,3,18,M,5,5,7,2,5,5,6,7,7,4,5,5,6,6,6,5,6,5,5,6,6,7,6,6,5,5,6,7
17030010,17031009,1703,3,3,18,M,5,5,7,2,5,5,6,7,7,5,6,6,4,6,6,5,6,7,5,6,6,7,6,6,5,5,6,7
17031006,17030008,1703,3,3,18.58333333,F,5,5,7,5,4,5,5,6,6,3,3,2,5,5,4,4,3,3,3,5,5,6,5,4,4,5,6,7
17031006,17030009,1703,3,3,18.58333333,F,5,5,7,5,4,5,5,6,6,5,3,5,5,5,4,6,5,4,3,5,5,6,5,4,4,5,6,7
17031006,17030010,1703,3,3,18.58333333,F,5,5,7,5,4,5,5,6,6,3,3,3,6,5,4,4,4,3,5,5,5,6,5,4,4,5,6,7
17031008,17030008,1703,3,3,17.75,F,6,6,7,6,7,5,5,6,6,4,4,6,6,4,6,6,4,5,4,5,5,6,6,7,6,5,6,6
17031008,17030009,1703,3,3,17.75,F,6,6,7,6,7,5,5,6,6,6,5,6,6,6,5,5,6,5,4,5,5,6,6,7,6,5,6,6
17031008,17030010,1703,3,3,17.75,F,6,6,7,6,7,5,5,6,6,4,5,6,7,6,7,6,6,5,5,5,5,6,6,7,6,5,6,6
17031009,17030008,1703,3,3,17.33333333,F,5,6,7,7,6,4,5,5,4,4,4,5,5,4,5,4,4,4,4,5,6,6,7,6,6,4,5,4
17031009,17030009,1703,3,3,17.33333333,F,5,6,7,7,6,4,5,5,4,4,4,5,5,5,4,4,4,4,3,5,6,6,7,6,6,4,5,4
17031009,17030010,1703,3,3,17.33333333,F,5,6,7,7,6,4,5,5,4,5,5,5,6,6,6,4,6,4,4,5,6,6,7,6,6,4,5,4
17040011,17041010,1704,4,4,19.25,M,5,5,4,6,4,3,5,4,5,3,5,4,6,7,6,6,6,6,4,5,6,5,7,4,6,3,4,6
17040011,17041011,1704,4,4,19.25,M,5,5,4,6,4,3,5,4,5,3,3,4,6,7,6,6,5,5,4,5,6,5,7,4,6,3,4,6
17040011,17041012,1704,4,4,19.25,M,5,5,4,6,4,3,5,4,5,5,4,5,5,5,6,4,4,4,3,5,6,5,7,4,6,3,4,6
17040011,17041013,1704,4,4,19.25,M,5,5,4,6,4,3,5,4,5,3,3,3,7,6,6,6,4,5,4,5,6,5,7,4,6,3,4,6
17040012,17041010,1704,4,4,17.75,M,6,6,6,6,7,4,5,3,6,4,4,4,5,5,5,4,4,4,4,6,6,6,7,7,6,4,4,7
17040012,17041011,1704,4,4,17.75,M,6,6,6,6,7,4,5,3,6,3,2,3,4,5,4,4,5,4,5,6,6,6,7,7,6,4,4,7
17040012,17041012,1704,4,4,17.75,M,6,6,6,6,7,4,5,3,6,6,5,5,5,5,5,4,5,4,5,6,6,6,7,7,6,4,4,7
17040012,17041013,1704,4,4,17.75,M,6,6,6,6,7,4,5,3,6,3,3,4,4,4,5,5,4,4,4,6,6,6,7,7,6,4,4,7
17040013,17041010,1704,4,4,17.83333333,M,6,6,7,4,6,4,6,2,4,5,5,5,6,6,6,5,5,5,5,6,6,6,4,5,5,4,5,7
17040013,17041011,1704,4,4,17.83333333,M,6,6,7,4,6,4,6,2,4,4,4,5,6,6,5,6,6,5,6,6,6,6,4,5,5,4,5,7
17040013,17041012,1704,4,4,17.83333333,M,6,6,7,4,6,4,6,2,4,5,6,6,6,6,4,3,6,3,6,6,6,6,4,5,5,4,5,7
17040013,17041013,1704,4,4,17.83333333,M,6,6,7,4,6,4,6,2,4,4,4,4,6,5,5,5,5,5,6,6,6,6,4,5,5,4,5,7
17040014,17041010,1704,4,4,18.08333333,M,6,6,6,6,5,3,5,6,5,6,7,6,6,6,6,6,6,7,4,5,5,6,5,6,6,3,6,5
17040014,17041011,1704,4,4,18.08333333,M,6,6,6,6,5,3,5,6,5,6,4,5,5,6,7,6,6,5,5,5,5,6,5,6,6,3,6,5
17040014,17041012,1704,4,4,18.08333333,M,6,6,6,6,5,3,5,6,5,5,6,5,7,7,5,4,6,6,5,5,5,6,5,6,6,3,6,5
17040014,17041013,1704,4,4,18.08333333,M,6,6,6,6,5,3,5,6,5,3,3,4,4,3,5,4,3,6,5,5,5,6,5,6,6,3,6,5
17041010,17040011,1704,4,4,18.25,F,5,6,7,6,7,4,7,6,4,4,4,4,5,6,5,4,5,5,4,6,6,7,6,5,6,4,5,4
17041010,17040012,1704,4,4,18.25,F,5,6,7,6,7,4,7,6,4,2,4,2,3,1,4,2,2,4,2,6,6,7,6,5,6,4,5,4
17041010,17040013,1704,4,4,18.25,F,5,6,7,6,7,4,7,6,4,3,4,3,4,3,5,5,4,4,3,6,6,7,6,5,6,4,5,4
17041010,17040014,1704,4,4,18.25,F,5,6,7,6,7,4,7,6,4,3,2,4,5,5,4,4,5,2,3,6,6,7,6,5,6,4,5,4
17041011,17040011,1704,4,4,17.75,F,4,2,6,5,4,4,4,5,5,5,5,6,6,6,5,4,5,4,3,5,3,6,6,4,5,4,6,5
17041011,17040012,1704,4,4,17.75,F,4,2,6,5,4,4,4,5,5,4,5,3,3,4,3,3,3,3,4,5,3,6,6,4,5,4,6,5
17041011,17040013,1704,4,4,17.75,F,4,2,6,5,4,4,4,5,5,3,4,3,4,6,4,3,4,2,3,5,3,6,6,4,5,4,6,5
17041011,17040014,1704,4,4,17.75,F,4,2,6,5,4,4,4,5,5,4,5,5,6,5,4,6,5,3,4,5,3,6,6,4,5,4,6,5
17041012,17040011,1704,4,4,17.75,F,4,4,7,6,6,4,6,6,4,6,4,6,6,6,5,6,5,4,4,4,4,7,7,6,6,5,5,5
17041012,17040012,1704,4,4,17.75,F,4,4,7,6,6,4,6,6,4,6,6,6,6,5,6,6,5,5,4,4,4,7,7,6,6,5,5,5
17041012,17040013,1704,4,4,17.75,F,4,4,7,6,6,4,6,6,4,4,4,5,5,6,5,5,6,5,5,4,4,7,7,6,6,5,5,5
17041012,17040014,1704,4,4,17.75,F,4,4,7,6,6,4,6,6,4,4,4,4,6,6,5,6,5,4,5,4,4,7,7,6,6,5,5,5
17041013,17040011,1704,4,4,17.5,F,4,4,6,5,5,4,5,6,5,6,6,6,6,6,5,6,6,3,5,4,4,6,5,6,5,4,6,5
17041013,17040012,1704,4,4,17.5,F,4,4,6,5,5,4,5,6,5,5,4,5,6,5,4,4,5,6,4,4,4,6,5,6,5,4,6,5
17041013,17040013,1704,4,4,17.5,F,4,4,6,5,5,4,5,6,5,4,4,5,6,6,5,5,7,4,6,4,4,6,5,6,5,4,6,5
17041013,17040014,1704,4,4,17.5,F,4,4,6,5,5,4,5,6,5,5,5,6,7,6,5,4,6,3,5,4,4,6,5,6,5,4,6,5
17050015,17051014,1705,2,4,19.25,M,6,6,7,5,7,5,5,5,5,5,5,6,6,6,6,6,5,5,4,7,7,7,6,7,5,5,5,7
17050015,17051015,1705,2,4,19.25,M,6,6,7,5,7,5,5,5,5,6,6,6,6,6,6,6,6,4,4,7,7,7,6,7,5,5,5,7
17050015,17051016,1705,2,4,19.25,M,6,6,7,5,7,5,5,5,5,5,4,5,6,6,6,5,5,6,4,7,7,7,6,7,5,5,5,7
17050016,17051014,1705,2,4,17.91666667,M,6,6,5,5,6,5,6,6,6,5,5,5,6,6,6,5,5,5,4,6,5,6,5,6,6,5,5,6
17050016,17051015,1705,2,4,17.91666667,M,6,6,5,5,6,5,6,6,6,6,5,7,4,5,NA,7,5,4,5,6,5,6,5,6,6,5,5,6
17050016,17051016,1705,2,4,17.91666667,M,6,6,5,5,6,5,6,6,6,5,5,5,4,6,5,3,6,5,4,6,5,6,5,6,6,5,5,6
17051014,17050015,1705,2,4,17.66666667,F,5,5,7,4,4,5,5,5,7,5,5,5,6,6,6,4,4,3,4,6,4,7,5,4,4,5,5,7
17051014,17050016,1705,2,4,17.66666667,F,5,5,7,4,4,5,5,5,7,2,4,3,4,5,5,3,3,2,3,6,4,7,5,4,4,5,5,7
17051015,17050015,1705,2,4,18.75,F,4,4,6,4,5,3,4,4,4,5,5,5,7,5,5,6,5,3,3,6,6,6,5,6,4,4,6,5
17051015,17050016,1705,2,4,18.75,F,4,4,6,4,5,3,4,4,4,3,3,4,6,4,6,6,4,4,2,6,6,6,5,6,4,4,6,5
17051016,17050015,1705,2,4,17.75,F,4,5,7,7,6,5,7,6,4,2,2,2,6,5,5,6,3,4,5,6,6,7,7,7,7,7,7,7
17051016,17050016,1705,2,4,17.75,F,4,5,7,7,6,5,7,6,4,2,2,2,5,6,4,3,6,3,5,6,6,7,7,7,7,7,7,7
17051017,NA,1705,2,4,17.75,F,5,4,7,6,6,4,5,5,5,NA,NA,NA,NA,NA,NA,NA,NA,NA,NA,6,4,7,6,6,4,4,5,5
17060017,17061018,1706,3,4,18.16666667,M,6,5,7,4,7,3,4,3,6,7,7,7,7,6,7,5,6,3,6,6,6,6,5,7,5,4,4,7
17060017,17061019,1706,3,4,18.16666667,M,6,5,7,4,7,3,4,3,6,5,6,6,6,6,6,7,6,5,6,6,6,6,5,7,5,4,4,7
17060017,17061020,1706,3,4,18.16666667,M,6,5,7,4,7,3,4,3,6,5,5,6,6,6,6,6,6,5,6,6,6,6,5,7,5,4,4,7
17060017,17061021,1706,3,4,18.16666667,M,6,5,7,4,7,3,4,3,6,6,6,6,6,6,6,5,6,4,6,6,6,6,5,7,5,4,4,7
17060018,17061018,1706,3,4,26.08333333,M,4,4,6,5,6,6,6,6,4,4,4,4,5,5,5,5,5,5,3,4,4,6,5,6,6,6,7,4
17060018,17061019,1706,3,4,26.08333333,M,4,4,6,5,6,6,6,6,4,4,4,4,5,5,5,5,5,5,3,4,4,6,5,6,6,6,7,4
17060018,17061020,1706,3,4,26.08333333,M,4,4,6,5,6,6,6,6,4,4,4,4,5,5,5,5,5,5,3,4,4,6,5,6,6,6,7,4
17060018,17061021,1706,3,4,26.08333333,M,4,4,6,5,6,6,6,6,4,4,4,4,5,5,5,5,5,5,3,4,4,6,5,6,6,6,7,4
17060019,17061018,1706,3,4,21.08333333,M,5,6,7,4,7,7,4,4,6,5,5,6,6,5,6,6,6,5,5,6,6,6,6,7,4,7,5,6
17060019,17061019,1706,3,4,21.08333333,M,5,6,7,4,7,7,4,4,6,5,4,5,5,5,5,5,5,5,4,6,6,6,6,7,4,7,5,6
17060019,17061020,1706,3,4,21.08333333,M,5,6,7,4,7,7,4,4,6,4,4,4,6,5,5,3,5,6,6,6,6,6,6,7,4,7,5,6
17060019,17061021,1706,3,4,21.08333333,M,5,6,7,4,7,7,4,4,6,7,7,7,6,6,6,6,6,6,4,6,6,6,6,7,4,7,5,6
17061018,17060017,1706,3,4,18.16666667,F,6,5,7,7,6,1,4,5,3,6,4,6,7,5,6,5,7,4,4,5,5,7,7,6,4,4,5,4
17061018,17060018,1706,3,4,18.16666667,F,6,5,7,7,6,1,4,5,3,2,3,2,6,4,5,4,4,4,2,5,5,7,7,6,4,4,5,4
17061018,17060019,1706,3,4,18.16666667,F,6,5,7,7,6,1,4,5,3,3,4,4,7,6,5,7,5,3,1,5,5,7,7,6,4,4,5,4
17061019,17060017,1706,3,4,18.83333333,F,5,4,7,6,7,4,5,4,3,3,3,4,4,5,4,3,5,5,4,5,4,6,6,7,4,4,4,3
17061019,17060018,1706,3,4,18.83333333,F,5,4,7,6,7,4,5,4,3,2,1,2,5,3,5,5,2,5,3,5,4,6,6,7,4,4,4,3
17061019,17060019,1706,3,4,18.83333333,F,5,4,7,6,7,4,5,4,3,3,3,3,5,5,4,5,4,5,3,5,4,6,6,7,4,4,4,3
17061020,17060017,1706,3,4,18.16666667,F,4,4,5,5,5,4,5,6,6,5,4,5,5,5,4,4,5,4,4,5,4,6,5,5,5,4,6,6
17061020,17060018,1706,3,4,18.16666667,F,4,4,5,5,5,4,5,6,6,3,2,3,4,3,3,3,3,3,4,5,4,6,5,5,5,4,6,6
17061020,17060019,1706,3,4,18.16666667,F,4,4,5,5,5,4,5,6,6,4,4,4,5,5,5,5,4,5,4,5,4,6,5,5,5,4,6,6
17061021,17060017,1706,3,4,17.41666667,F,3,3,6,4,4,2,3,5,5,5,4,5,5,4,5,4,5,3,2,4,5,6,5,5,4,3,5,5
17061021,17060018,1706,3,4,17.41666667,F,3,3,6,4,4,2,3,5,5,2,3,2,6,2,3,5,2,3,2,4,5,6,5,5,4,3,5,5
17061021,17060019,1706,3,4,17.41666667,F,3,3,6,4,4,2,3,5,5,3,4,4,5,2,5,4,4,4,2,4,5,6,5,5,4,3,5,5
17070020,17071022,1707,4,4,19.16666667,M,6,5,7,7,7,6,6,7,6,4,4,4,5,6,7,5,5,6,6,6,6,7,6,6,6,6,6,6
17070020,17071023,1707,4,4,19.16666667,M,6,5,7,7,7,6,6,7,6,4,4,5,5,7,6,6,6,5,5,6,6,7,6,6,6,6,6,6
17070020,17071024,1707,4,4,19.16666667,M,6,5,7,7,7,6,6,7,6,2,2,2,6,6,6,6,5,6,5,6,6,7,6,6,6,6,6,6
17070020,17071025,1707,4,4,19.16666667,M,6,5,7,7,7,6,6,7,6,3,3,3,5,3,6,5,4,5,5,6,6,7,6,6,6,6,6,6
17070021,17071022,1707,4,4,18.5,M,4,5,7,7,7,6,7,7,7,5,5,5,5,5,5,5,5,5,5,5,6,6,7,7,5,5,6,7
17070021,17071023,1707,4,4,18.5,M,4,5,7,7,7,6,7,7,7,4,4,4,5,5,4,4,5,4,4,5,6,6,7,7,5,5,6,7
17070021,17071024,1707,4,4,18.5,M,4,5,7,7,7,6,7,7,7,4,4,5,5,5,5,5,5,4,5,5,6,6,7,7,5,5,6,7
17070021,17071025,1707,4,4,18.5,M,4,5,7,7,7,6,7,7,7,5,5,5,6,6,5,5,6,4,4,5,6,6,7,7,5,5,6,7
17070022,17071022,1707,4,4,18.08333333,M,5,5,6,5,5,5,6,7,7,3,3,3,5,5,5,4,5,4,4,7,7,7,7,7,7,7,7,7
17070022,17071023,1707,4,4,18.08333333,M,5,5,6,5,5,5,6,7,7,4,4,4,5,6,5,4,6,4,5,7,7,7,7,7,7,7,7,7
17070022,17071024,1707,4,4,18.08333333,M,5,5,6,5,5,5,6,7,7,2,2,3,6,5,6,6,4,4,4,7,7,7,7,7,7,7,7,7
17070022,17071025,1707,4,4,18.08333333,M,5,5,6,5,5,5,6,7,7,4,4,4,6,4,5,6,4,4,4,7,7,7,7,7,7,7,7,7
17070023,17071022,1707,4,4,18.41666667,M,6,6,6,5,6,5,6,6,6,3,6,4,4,4,5,4,4,4,3,7,7,6,6,6,6,6,6,6
17070023,17071023,1707,4,4,18.41666667,M,6,6,6,5,6,5,6,6,6,2,3,3,6,6,6,6,5,5,4,7,7,6,6,6,6,6,6,6
17070023,17071024,1707,4,4,18.41666667,M,6,6,6,5,6,5,6,6,6,2,3,2,3,6,4,5,3,4,3,7,7,6,6,6,6,6,6,6
17070023,17071025,1707,4,4,18.41666667,M,6,6,6,5,6,5,6,6,6,4,6,4,7,6,5,5,5,4,4,7,7,6,6,6,6,6,6,6
17071022,17070020,1707,4,4,18.5,F,7,6,7,3,4,1,7,6,3,4,5,4,5,5,6,5,3,4,2,7,7,7,7,6,6,6,7,7
17071022,17070021,1707,4,4,18.5,F,7,6,7,3,4,1,7,6,3,6,3,5,6,3,6,6,4,3,3,7,7,7,7,6,6,6,7,7
17071022,17070022,1707,4,4,18.5,F,7,6,7,3,4,1,7,6,3,6,6,6,6,6,7,6,5,4,4,7,7,7,7,6,6,6,7,7
17071022,17070023,1707,4,4,18.5,F,7,6,7,3,4,1,7,6,3,6,5,6,5,7,5,4,5,3,3,7,7,7,7,6,6,6,7,7
17071023,17070020,1707,4,4,17.75,F,4,4,7,4,7,4,7,7,7,3,4,4,5,6,5,5,4,3,3,5,5,7,6,7,7,4,7,7
17071023,17070021,1707,4,4,17.75,F,4,4,7,4,7,4,7,7,7,4,3,4,6,5,5,5,3,4,4,5,5,7,6,7,7,4,7,7
17071023,17070022,1707,4,4,17.75,F,4,4,7,4,7,4,7,7,7,5,5,5,5,6,5,4,5,4,5,5,5,7,6,7,7,4,7,7
17071023,17070023,1707,4,4,17.75,F,4,4,7,4,7,4,7,7,7,4,3,5,3,6,4,3,6,4,5,5,5,7,6,7,7,4,7,7
17071024,17070020,1707,4,4,17.66666667,F,6,5,6,5,5,5,6,7,7,7,7,7,7,5,5,6,4,4,4,6,5,5,6,5,6,5,7,7
17071024,17070021,1707,4,4,17.66666667,F,6,5,6,5,5,5,6,7,7,5,4,4,6,4,6,6,4,4,4,6,5,5,6,5,6,5,7,7
17071024,17070022,1707,4,4,17.66666667,F,6,5,6,5,5,5,6,7,7,6,4,5,6,5,5,6,4,4,4,6,5,5,6,5,6,5,7,7
17071024,17070023,1707,4,4,17.66666667,F,6,5,6,5,5,5,6,7,7,5,5,6,4,6,5,4,5,4,4,6,5,5,6,5,6,5,7,7
17071025,17070020,1707,4,4,18.08333333,F,NA,NA,NA,NA,NA,NA,NA,NA,NA,3,5,4,7,5,7,7,4,5,4,NA,NA,NA,NA,NA,NA,NA,NA,NA
17071025,17070021,1707,4,4,18.08333333,F,NA,NA,NA,NA,NA,NA,NA,NA,NA,4,4,3,7,3,5,6,4,5,5,NA,NA,NA,NA,NA,NA,NA,NA,NA
17071025,17070022,1707,4,4,18.08333333,F,NA,NA,NA,NA,NA,NA,NA,NA,NA,4,3,4,6,6,5,5,4,3,4,NA,NA,NA,NA,NA,NA,NA,NA,NA
17071025,17070023,1707,4,4,18.08333333,F,NA,NA,NA,NA,NA,NA,NA,NA,NA,5,6,5,5,6,6,4,6,5,4,NA,NA,NA,NA,NA,NA,NA,NA,NA
17080024,17081026,1708,2,3,22.5,M,4,4,7,7,7,6,6,6,5,4,5,5,5,6,6,5,5,5,3,5,5,7,7,7,6,6,6,6
17080024,17081027,1708,2,3,22.5,M,4,4,7,7,7,6,6,6,5,5,5,6,6,6,6,6,5,5,3,5,5,7,7,7,6,6,6,6
17080024,17081028,1708,2,3,22.5,M,4,4,7,7,7,6,6,6,5,5,6,5,6,6,6,6,4,6,3,5,5,7,7,7,6,6,6,6
17080025,17081026,1708,2,3,18.08333333,M,6,6,7,6,6,5,6,6,7,5,6,6,5,5,6,6,6,5,5,7,6,7,6,6,6,6,6,7
17080025,17081027,1708,2,3,18.08333333,M,6,6,7,6,6,5,6,6,7,6,6,6,6,6,6,6,6,6,6,7,6,7,6,6,6,6,6,7
17080025,17081028,1708,2,3,18.08333333,M,6,6,7,6,6,5,6,6,7,3,5,4,4,5,6,4,4,4,5,7,6,7,6,6,6,6,6,7
17081026,17080024,1708,2,3,21.83333333,F,5,4,7,6,4,4,6,5,5,5,4,5,7,5,5,7,5,4,3,5,4,7,6,4,6,5,5,5
17081026,17080025,1708,2,3,21.83333333,F,5,4,7,6,4,4,6,5,5,4,3,5,6,7,5,5,6,4,3,5,4,7,6,4,6,5,5,5
17081027,17080024,1708,2,3,20.41666667,F,5,6,7,7,7,3,7,7,5,4,4,5,7,6,5,7,4,4,3,6,6,7,7,7,7,5,7,7
17081027,17080025,1708,2,3,20.41666667,F,5,6,7,7,7,3,7,7,5,4,4,4,5,4,5,5,6,4,5,6,6,7,7,7,7,5,7,7
17081028,17080024,1708,2,3,30.41666667,F,3,4,7,6,6,6,6,5,4,6,4,5,7,7,6,7,5,5,4,5,6,7,7,7,7,6,6,5
17081028,17080025,1708,2,3,30.41666667,F,3,4,7,6,6,6,6,5,4,5,5,5,6,7,6,7,5,5,4,5,6,7,7,7,7,6,6,5
17090026,17091029,1709,4,4,17.75,M,6,5,7,6,7,5,6,7,7,6,6,6,6,7,6,4,6,4,5,6,6,7,7,7,6,6,6,6
17090026,17091030,1709,4,4,17.75,M,6,5,7,6,7,5,6,7,7,4,4,4,5,5,6,4,5,4,4,6,6,7,7,7,6,6,6,6
17090026,17091031,1709,4,4,17.75,M,6,5,7,6,7,5,6,7,7,5,5,5,5,6,7,5,6,4,6,6,6,7,7,7,6,6,6,6
17090026,17091032,1709,4,4,17.75,M,6,5,7,6,7,5,6,7,7,5,5,5,6,7,6,6,5,4,4,6,6,7,7,7,6,6,6,6
17090027,17091029,1709,4,4,18.25,M,5,5,6,6,5,6,5,6,6,5,6,6,5,5,5,6,5,4,3,6,6,6,5,5,6,6,5,6
17090027,17091030,1709,4,4,18.25,M,5,5,6,6,5,6,5,6,6,4,4,5,6,5,5,6,4,4,4,6,6,6,5,5,6,6,5,6
17090027,17091031,1709,4,4,18.25,M,5,5,6,6,5,6,5,6,6,6,6,6,5,4,5,6,4,5,5,6,6,6,5,5,6,6,5,6
17090027,17091032,1709,4,4,18.25,M,5,5,6,6,5,6,5,6,6,4,5,5,5,6,5,4,5,5,4,6,6,6,5,5,6,6,5,6
17090028,17091029,1709,4,4,19.16666667,M,6,6,7,6,7,2,7,6,6,5,4,5,6,6,6,6,6,6,6,6,6,7,6,6,6,5,7,7
17090028,17091030,1709,4,4,19.16666667,M,6,6,7,6,7,2,7,6,6,2,2,3,6,5,5,6,4,4,5,6,6,7,6,6,6,5,7,7
17090028,17091031,1709,4,4,19.16666667,M,6,6,7,6,7,2,7,6,6,6,6,6,6,6,7,7,6,6,5,6,6,7,6,6,6,5,7,7
17090028,17091032,1709,4,4,19.16666667,M,6,6,7,6,7,2,7,6,6,5,3,4,6,6,6,7,6,6,6,6,6,7,6,6,6,5,7,7
17090029,17091029,1709,4,4,17.58333333,M,4,4,7,5,5,5,3,3,5,5,5,5,4,5,5,4,4,4,3,5,5,7,6,6,4,6,4,6
17090029,17091030,1709,4,4,17.58333333,M,4,4,7,5,5,5,3,3,5,4,4,4,5,3,4,4,3,4,4,5,5,7,6,6,4,6,4,6
17090029,17091031,1709,4,4,17.58333333,M,4,4,7,5,5,5,3,3,5,4,4,4,4,4,4,5,4,4,4,5,5,7,6,6,4,6,4,6
17090029,17091032,1709,4,4,17.58333333,M,4,4,7,5,5,5,3,3,5,4,4,5,5,4,4,5,4,5,4,5,5,7,6,6,4,6,4,6
17091029,17090026,1709,4,4,18.58333333,F,4,4,7,6,6,5,6,4,4,4,4,4,4,5,4,5,4,4,4,5,5,7,6,6,5,4,4,4
17091029,17090027,1709,4,4,18.58333333,F,4,4,7,6,6,5,6,4,4,4,4,5,6,6,4,6,4,4,4,5,5,7,6,6,5,4,4,4
17091029,17090028,1709,4,4,18.58333333,F,4,4,7,6,6,5,6,4,4,5,4,5,4,5,4,5,4,4,3,5,5,7,6,6,5,4,4,4
17091029,17090029,1709,4,4,18.58333333,F,4,4,7,6,6,5,6,4,4,4,4,4,5,4,4,4,4,4,4,5,5,7,6,6,5,4,4,4
17091030,17090026,1709,4,4,25.5,F,5,6,5,6,6,5,6,7,6,5,5,5,5,5,4,4,4,5,3,5,6,5,6,6,6,5,7,6
17091030,17090027,1709,4,4,25.5,F,5,6,5,6,6,5,6,7,6,5,5,5,6,6,4,6,4,4,3,5,6,5,6,6,6,5,7,6
17091030,17090028,1709,4,4,25.5,F,5,6,5,6,6,5,6,7,6,4,4,4,4,4,4,5,4,4,3,5,6,5,6,6,6,5,7,6
17091030,17090029,1709,4,4,25.5,F,5,6,5,6,6,5,6,7,6,5,5,6,6,6,4,6,5,4,3,5,6,5,6,6,6,5,7,6
17091031,17090026,1709,4,4,17.33333333,F,5,5,7,6,6,4,5,4,4,4,3,3,6,6,5,5,6,7,4,6,6,7,6,6,5,6,5,5
17091031,17090027,1709,4,4,17.33333333,F,5,5,7,6,6,4,5,4,4,4,4,4,7,5,5,6,5,4,4,6,6,7,6,6,5,6,5,5
17091031,17090028,1709,4,4,17.33333333,F,5,5,7,6,6,4,5,4,4,5,4,4,5,5,5,5,4,4,3,6,6,7,6,6,5,6,5,5
17091031,17090029,1709,4,4,17.33333333,F,5,5,7,6,6,4,5,4,4,3,3,3,7,6,5,5,5,4,4,6,6,7,6,6,5,6,5,5
17091032,17090026,1709,4,4,18.16666667,F,6,3,5,5,6,5,4,5,3,2,5,2,4,3,3,5,3,4,3,6,3,5,3,6,4,5,5,4
17091032,17090027,1709,4,4,18.16666667,F,6,3,5,5,6,5,4,5,3,4,5,5,5,5,5,5,5,5,3,6,3,5,3,6,4,5,5,4
17091032,17090028,1709,4,4,18.16666667,F,6,3,5,5,6,5,4,5,3,3,5,3,3,4,4,4,3,3,4,6,3,5,3,6,4,5,5,4
17091032,17090029,1709,4,4,18.16666667,F,6,3,5,5,6,5,4,5,3,3,5,4,6,5,4,5,4,3,3,6,3,5,3,6,4,5,5,4
17100030,17101033,1710,3,4,18,M,7,6,5,4,7,5,6,6,6,4,4,4,5,5,5,5,4,5,4,6,5,5,6,5,6,6,5,6
17100030,17101034,1710,3,4,18,M,7,6,5,4,7,5,6,6,6,5,5,5,5,5,5,5,5,5,5,6,5,5,6,5,6,6,5,6
17100030,17101035,1710,3,4,18,M,7,6,5,4,7,5,6,6,6,4,4,4,5,4,6,5,5,5,5,6,5,5,6,5,6,6,5,6
17100030,17101036,1710,3,4,18,M,7,6,5,4,7,5,6,6,6,5,4,4,5,6,5,5,6,5,5,6,5,5,6,5,6,6,5,6
17100031,17101033,1710,3,4,17.41666667,M,4,3,3,5,6,2,4,5,7,3,4,3,4,3,7,4,4,4,6,6,5,5,3,7,5,2,5,6
17100031,17101034,1710,3,4,17.41666667,M,4,3,3,5,6,2,4,5,7,5,5,5,5,4,6,7,6,5,3,6,5,5,3,7,5,2,5,6
17100031,17101035,1710,3,4,17.41666667,M,4,3,3,5,6,2,4,5,7,5,5,6,6,5,7,5,4,6,3,6,5,5,3,7,5,2,5,6
17100031,17101036,1710,3,4,17.41666667,M,4,3,3,5,6,2,4,5,7,6,5,6,6,7,6,6,5,3,4,6,5,5,3,7,5,2,5,6
17100032,17101033,1710,3,4,18.58333333,M,6,6,7,2,6,5,4,6,6,4,4,4,5,4,6,6,3,4,3,7,6,7,5,6,5,5,6,6
17100032,17101034,1710,3,4,18.58333333,M,6,6,7,2,6,5,4,6,6,5,6,6,5,5,4,4,6,4,6,7,6,7,5,6,5,5,6,6
17100032,17101035,1710,3,4,18.58333333,M,6,6,7,2,6,5,4,6,6,5,5,5,6,4,4,4,6,6,5,7,6,7,5,6,5,5,6,6
17100032,17101036,1710,3,4,18.58333333,M,6,6,7,2,6,5,4,6,6,3,3,4,5,5,5,6,4,5,3,7,6,7,5,6,5,5,6,6
17101033,17100030,1710,3,4,17.41666667,F,5,6,7,5,5,3,5,7,7,5,3,4,5,6,5,6,4,6,3,5,6,7,5,5,4,4,7,7
17101033,17100031,1710,3,4,17.41666667,F,5,6,7,5,5,3,5,7,7,2,5,3,4,3,5,5,5,5,6,5,6,7,5,5,4,4,7,7
17101033,17100032,1710,3,4,17.41666667,F,5,6,7,5,5,3,5,7,7,5,5,6,5,6,5,6,5,5,5,5,6,7,5,5,4,4,7,7
17101034,17100030,1710,3,4,18.41666667,F,5,5,6,6,6,4,6,6,6,5,5,5,5,6,4,4,6,4,6,5,5,7,6,6,6,5,6,6
17101034,17100031,1710,3,4,18.41666667,F,5,5,6,6,6,4,6,6,6,5,4,5,5,4,4,6,5,6,6,5,5,7,6,6,6,5,6,6
17101034,17100032,1710,3,4,18.41666667,F,5,5,6,6,6,4,6,6,6,5,6,6,5,6,5,5,6,4,5,5,5,7,6,6,6,5,6,6
17101035,17100030,1710,3,4,18.08333333,F,4,4,7,4,6,1,5,7,7,3,4,4,5,5,4,5,6,3,4,4,4,7,5,6,5,2,7,7
17101035,17100031,1710,3,4,18.08333333,F,4,4,7,4,6,1,5,7,7,3,6,4,5,3,4,6,3,4,6,4,4,7,5,6,5,2,7,7
17101035,17100032,1710,3,4,18.08333333,F,4,4,7,4,6,1,5,7,7,4,4,4,6,6,6,5,5,3,5,4,4,7,5,6,5,2,7,7
17101036,17100030,1710,3,4,21.5,F,6,5,6,7,7,4,5,6,5,5,5,6,6,7,5,6,7,4,7,5,5,6,7,7,5,4,6,5
17101036,17100031,1710,3,4,21.5,F,6,5,6,7,7,4,5,6,5,4,4,4,6,4,5,4,4,6,4,5,5,6,7,7,5,4,6,5
17101036,17100032,1710,3,4,21.5,F,6,5,6,7,7,4,5,6,5,6,5,6,6,6,5,5,6,4,4,5,5,6,7,7,5,4,6,5
17110033,17111037,1711,3,4,20.16666667,M,5,6,7,7,5,3,4,4,4,3,3,4,4,3,6,3,5,5,3,6,5,7,7,5,4,2,5,6
17110033,17111038,1711,3,4,20.16666667,M,5,6,7,7,5,3,4,4,4,3,5,6,5,5,6,5,6,4,5,6,5,7,7,5,4,2,5,6
17110033,17111039,1711,3,4,20.16666667,M,5,6,7,7,5,3,4,4,4,4,5,6,6,5,6,6,5,4,3,6,5,7,7,5,4,2,5,6
17110033,17111040,1711,3,4,20.16666667,M,5,6,7,7,5,3,4,4,4,5,5,5,6,6,6,6,6,7,6,6,5,7,7,5,4,2,5,6
17110034,17111037,1711,3,4,20.33333333,M,5,6,5,3,6,3,4,4,6,2,3,3,3,3,4,3,2,4,4,7,7,6,5,7,6,4,5,7
17110034,17111038,1711,3,4,20.33333333,M,5,6,5,3,6,3,4,4,6,5,6,6,6,6,6,4,5,4,5,7,7,6,5,7,6,4,5,7
17110034,17111039,1711,3,4,20.33333333,M,5,6,5,3,6,3,4,4,6,4,4,5,5,6,5,4,4,4,4,7,7,6,5,7,6,4,5,7
17110034,17111040,1711,3,4,20.33333333,M,5,6,5,3,6,3,4,4,6,4,4,5,6,6,6,4,5,7,5,7,7,6,5,7,6,4,5,7
17110035,17111037,1711,3,4,17.66666667,M,5,5,6,4,4,6,5,6,5,4,3,3,5,4,4,4,4,4,3,6,5,6,4,5,5,5,5,6
17110035,17111038,1711,3,4,17.66666667,M,5,5,6,4,4,6,5,6,5,4,4,5,5,6,5,4,5,4,3,6,5,6,4,5,5,5,5,6
17110035,17111039,1711,3,4,17.66666667,M,5,5,6,4,4,6,5,6,5,4,4,4,4,5,4,4,5,5,3,6,5,6,4,5,5,5,5,6
17110035,17111040,1711,3,4,17.66666667,M,5,5,6,4,4,6,5,6,5,4,4,4,5,4,5,4,4,4,3,6,5,6,4,5,5,5,5,6
17111037,17110033,1711,3,4,17.75,F,4,4,7,4,4,4,4,5,5,5,4,5,6,5,5,5,4,4,4,5,4,6,5,4,5,4,5,5
17111037,17110034,1711,3,4,17.75,F,4,4,7,4,4,4,4,5,5,4,4,5,5,6,5,5,5,6,4,5,4,6,5,4,5,4,5,5
17111037,17110035,1711,3,4,17.75,F,4,4,7,4,4,4,4,5,5,4,4,4,4,4,5,5,4,5,4,5,4,6,5,4,5,4,5,5
17111038,17110033,1711,3,4,17.91666667,F,5,5,7,5,5,3,6,5,5,6,4,6,5,6,5,6,5,4,4,6,6,7,6,5,6,4,5,5
17111038,17110034,1711,3,4,17.91666667,F,5,5,7,5,5,3,6,5,5,6,5,6,5,6,5,6,6,4,3,6,6,7,6,5,6,4,5,5
17111038,17110035,1711,3,4,17.91666667,F,5,5,7,5,5,3,6,5,5,4,4,4,5,4,5,5,3,4,3,6,6,7,6,5,6,4,5,5
17111039,17110033,1711,3,4,19.33333333,F,5,5,7,5,6,4,7,6,6,4,4,4,5,4,5,4,4,3,4,5,5,7,6,6,7,4,6,6
17111039,17110034,1711,3,4,19.33333333,F,5,5,7,5,6,4,7,6,6,4,4,5,5,5,5,5,4,3,4,5,5,7,6,6,7,4,6,6
17111039,17110035,1711,3,4,19.33333333,F,5,5,7,5,6,4,7,6,6,4,4,5,5,5,5,4,4,5,4,5,5,7,6,6,7,4,6,6
17111040,17110033,1711,3,4,18.25,F,5,4,6,5,5,5,6,4,4,4,3,4,5,4,5,4,3,3,3,6,6,5,6,5,6,5,5,5
17111040,17110034,1711,3,4,18.25,F,5,4,6,5,5,5,6,4,4,6,5,6,6,5,6,7,5,6,4,6,6,5,6,5,6,5,5,5
17111040,17110035,1711,3,4,18.25,F,5,4,6,5,5,5,6,4,4,5,4,5,6,5,5,5,4,4,4,6,6,5,6,5,6,5,5,5
17120037,17121041,1712,3,4,18.08333333,M,3,3,6,6,6,5,5,4,5,5,5,5,5,5,3,5,4,4,4,7,7,7,6,7,7,7,6,6
17120037,17121042,1712,3,4,18.08333333,M,3,3,6,6,6,5,5,4,5,6,6,6,5,6,5,6,5,6,4,7,7,7,6,7,7,7,6,6
17120037,17121043,1712,3,4,18.08333333,M,3,3,6,6,6,5,5,4,5,5,5,5,6,7,2,5,6,4,6,7,7,7,6,7,7,7,6,6
17120037,17121044,1712,3,4,18.08333333,M,3,3,6,6,6,5,5,4,5,3,3,4,5,3,3,6,4,5,3,7,7,7,6,7,7,7,6,6
17120038,17121041,1712,3,4,18.5,M,5,5,5,5,6,3,5,5,6,5,4,5,4,4,5,4,4,4,4,6,6,6,5,6,5,5,7,6
17120038,17121042,1712,3,4,18.5,M,5,5,5,5,6,3,5,5,6,6,5,5,5,6,5,6,5,4,4,6,6,6,5,6,5,5,7,6
17120038,17121043,1712,3,4,18.5,M,5,5,5,5,6,3,5,5,6,5,5,5,5,5,5,5,5,4,5,6,6,6,5,6,5,5,7,6
17120038,17121044,1712,3,4,18.5,M,5,5,5,5,6,3,5,5,6,3,3,3,4,3,4,5,4,4,4,6,6,6,5,6,5,5,7,6
17120039,17121041,1712,3,4,18.08333333,M,4,4,5,5,5,3,5,5,6,6,5,6,6,4,5,4,4,4,4,4,4,5,5,5,5,3,4,5
17120039,17121042,1712,3,4,18.08333333,M,4,4,5,5,5,3,5,5,6,5,5,5,5,5,5,5,3,4,4,4,4,5,5,5,5,3,4,5
17120039,17121043,1712,3,4,18.08333333,M,4,4,5,5,5,3,5,5,6,5,5,6,5,6,5,5,5,5,5,4,4,5,5,5,5,3,4,5
17120039,17121044,1712,3,4,18.08333333,M,4,4,5,5,5,3,5,5,6,4,4,5,5,5,5,5,4,4,4,4,4,5,5,5,5,3,4,5
17121041,17120037,1712,3,4,17.66666667,F,5,5,7,4,3,2,5,5,5,4,3,4,6,5,5,5,4,4,3,6,5,7,5,4,4,4,6,5
17121041,17120038,1712,3,4,17.66666667,F,5,5,7,4,3,2,5,5,5,3,4,4,4,5,3,5,4,4,3,6,5,7,5,4,4,4,6,5
17121041,17120039,1712,3,4,17.66666667,F,5,5,7,4,3,2,5,5,5,4,4,4,4,3,5,5,3,5,2,6,5,7,5,4,4,4,6,5
17121042,17120037,1712,3,4,18.91666667,F,5,5,7,5,6,3,4,4,4,2,2,2,5,3,5,6,2,4,4,5,5,7,6,6,5,5,5,5
17121042,17120038,1712,3,4,18.91666667,F,5,5,7,5,6,3,4,4,4,2,4,3,5,5,5,6,5,4,4,5,5,7,6,6,5,5,5,5
17121042,17120039,1712,3,4,18.91666667,F,5,5,7,5,6,3,4,4,4,3,4,3,5,2,5,5,4,5,4,5,5,7,6,6,5,5,5,5
17121043,17120037,1712,3,4,18.75,F,5,4,6,4,5,4,7,6,7,2,3,2,7,4,5,7,4,3,4,6,5,6,5,5,7,4,6,6
17121043,17120038,1712,3,4,18.75,F,5,4,6,4,5,4,7,6,7,4,5,4,7,7,5,7,6,4,6,6,5,6,5,5,7,4,6,6
17121043,17120039,1712,3,4,18.75,F,5,4,6,4,5,4,7,6,7,4,6,4,6,5,6,7,5,4,6,6,5,6,5,5,7,4,6,6
17121044,17120037,1712,3,4,19.66666667,F,4,4,5,4,5,3,3,6,6,4,4,4,4,4,4,5,5,4,5,5,5,7,6,5,4,4,6,6
17121044,17120038,1712,3,4,19.66666667,F,4,4,5,4,5,3,3,6,6,2,3,4,4,5,4,5,4,4,4,5,5,7,6,5,4,4,6,6
17121044,17120039,1712,3,4,19.66666667,F,4,4,5,4,5,3,3,6,6,5,5,6,5,4,4,6,4,4,4,5,5,7,6,5,4,4,6,6
17130036,17131045,1713,3,2,19.83333333,M,4,4,7,6,6,4,6,5,6,6,5,6,6,7,6,5,6,4,6,7,7,7,7,7,7,7,7,7
17130036,17131046,1713,3,2,19.83333333,M,4,4,7,6,6,4,6,5,6,5,6,5,6,7,5,4,6,5,4,7,7,7,7,7,7,7,7,7
17130040,17131045,1713,3,2,19.91666667,M,5,5,7,5,4,4,4,5,5,5,5,6,6,6,5,6,6,6,5,5,5,6,5,6,5,5,6,6
17130040,17131046,1713,3,2,19.91666667,M,5,5,7,5,4,4,4,5,5,5,5,5,6,5,6,6,5,6,5,5,5,6,5,6,5,5,6,6
17130041,17131045,1713,3,2,19.75,M,6,5,5,5,6,3,4,6,5,5,5,6,6,6,5,5,5,4,4,6,5,5,5,6,5,4,6,6
17130041,17131046,1713,3,2,19.75,M,6,5,5,5,6,3,4,6,5,3,3,4,5,6,6,5,4,4,3,6,5,5,5,6,5,4,6,6
17131045,17130036,1713,3,2,18,F,6,6,7,7,7,4,7,7,7,5,4,5,7,6,5,5,6,4,5,6,6,7,7,7,7,6,7,7
17131045,17130040,1713,3,2,18,F,6,6,7,7,7,4,7,7,7,4,4,4,7,6,5,6,4,5,5,6,6,7,7,7,7,6,7,7
17131045,17130041,1713,3,2,18,F,6,6,7,7,7,4,7,7,7,6,5,6,7,7,6,6,6,5,6,6,6,7,7,7,7,6,7,7
17131046,17130036,1713,3,2,22.16666667,F,6,5,6,5,5,3,5,5,4,5,3,4,6,5,5,6,5,5,4,6,5,6,5,5,6,3,5,5
17131046,17130040,1713,3,2,22.16666667,F,6,5,6,5,5,3,5,5,4,3,2,3,6,4,6,6,4,4,6,6,5,6,5,5,6,3,5,5
17131046,17130041,1713,3,2,22.16666667,F,6,5,6,5,5,3,5,5,4,4,4,4,5,5,5,5,4,3,3,6,5,6,5,5,6,3,5,5
17140049,17141055,1714,3,3,19.08333333,M,7,4,7,4,7,2,4,5,3,4,4,4,6,6,5,5,4,4,4,6,6,6,4,6,4,5,4,4
17140049,17141056,1714,3,3,19.08333333,M,7,4,7,4,7,2,4,5,3,3,3,4,5,4,5,4,4,6,4,6,6,6,4,6,4,5,4,4
17140049,17141057,1714,3,3,19.08333333,M,7,4,7,4,7,2,4,5,3,5,5,6,6,6,5,4,5,4,4,6,6,6,4,6,4,5,4,4
17140050,17141055,1714,3,3,22.25,M,5,7,7,5,6,6,4,7,7,4,4,5,7,6,6,7,5,6,5,6,7,6,5,5,4,6,7,7
17140050,17141056,1714,3,3,22.25,M,5,7,7,5,6,6,4,7,7,3,4,4,4,3,5,5,4,5,4,6,7,6,5,5,4,6,7,7
17140050,17141057,1714,3,3,22.25,M,5,7,7,5,6,6,4,7,7,3,3,5,6,5,7,6,5,5,4,6,7,6,5,5,4,6,7,7
17140051,17141055,1714,3,3,18.5,M,5,5,7,7,6,5,6,4,4,3,3,4,5,5,6,6,3,5,3,7,6,7,6,6,6,6,5,6
17140051,17141056,1714,3,3,18.5,M,5,5,7,7,6,5,6,4,4,4,4,4,3,3,6,3,4,6,4,7,6,7,6,6,6,6,5,6
17140051,17141057,1714,3,3,18.5,M,5,5,7,7,6,5,6,4,4,6,5,6,6,6,7,5,6,6,5,7,6,7,6,6,6,6,5,6
17141055,17140049,1714,3,3,17.91666667,F,6,6,7,6,7,5,6,7,5,5,6,6,6,6,5,4,5,4,4,5,6,6,6,6,6,6,6,6
17141055,17140050,1714,3,3,17.91666667,F,6,6,7,6,7,5,6,7,5,5,6,5,6,3,5,5,4,6,4,5,6,6,6,6,6,6,6,6
17141055,17140051,1714,3,3,17.91666667,F,6,6,7,6,7,5,6,7,5,4,4,4,6,6,5,6,5,4,4,5,6,6,6,6,6,6,6,6
17141056,17140049,1714,3,3,18.5,F,5,4,7,5,6,6,4,7,4,6,7,6,5,6,6,5,6,4,4,6,6,7,6,5,5,6,6,5
17141056,17140050,1714,3,3,18.5,F,5,4,7,5,6,6,4,7,4,5,6,5,6,5,6,6,4,4,3,6,6,7,6,5,5,6,6,5
17141056,17140051,1714,3,3,18.5,F,5,4,7,5,6,6,4,7,4,5,5,5,6,5,6,6,5,5,3,6,6,7,6,5,5,6,6,5
17141057,17140049,1714,3,3,18.5,F,1,1,7,4,4,3,5,6,3,6,5,6,5,6,5,4,4,4,3,6,4,7,5,4,4,5,5,5
17141057,17140050,1714,3,3,18.5,F,1,1,7,4,4,3,5,6,3,4,6,6,6,4,5,6,3,4,4,6,4,7,5,4,4,5,5,5
17141057,17140051,1714,3,3,18.5,F,1,1,7,4,4,3,5,6,3,6,4,5,6,6,5,6,5,7,5,6,4,7,5,4,4,5,5,5
17150042,17151047,1715,3,4,27.25,M,6,6,5,4,5,3,5,5,5,4,4,5,5,5,5,6,5,6,4,6,6,5,5,6,5,5,5,5
17150042,17151048,1715,3,4,27.25,M,6,6,5,4,5,3,5,5,5,5,5,5,5,5,5,5,6,6,3,6,6,5,5,6,5,5,5,5
17150042,17151049,1715,3,4,27.25,M,6,6,5,4,5,3,5,5,5,5,5,5,4,5,5,5,5,5,4,6,6,5,5,6,5,5,5,5
17150042,17151050,1715,3,4,27.25,M,6,6,5,4,5,3,5,5,5,5,5,5,3,5,5,5,4,5,4,6,6,5,5,6,5,5,5,5
17150043,17151047,1715,3,4,20.41666667,M,5,5,7,4,5,5,4,4,5,4,4,4,4,5,5,4,4,4,4,4,5,6,4,5,4,4,4,5
17150043,17151048,1715,3,4,20.41666667,M,5,5,7,4,5,5,4,4,5,4,4,4,4,5,5,4,5,4,3,4,5,6,4,5,4,4,4,5
17150043,17151049,1715,3,4,20.41666667,M,5,5,7,4,5,5,4,4,5,4,3,4,4,5,5,4,4,5,3,4,5,6,4,5,4,4,4,5
17150043,17151050,1715,3,4,20.41666667,M,5,5,7,4,5,5,4,4,5,4,4,4,4,4,5,4,4,4,3,4,5,6,4,5,4,4,4,5
17150044,17150047,1715,3,4,18.75,M,5,5,6,6,5,5,5,7,7,4,5,5,5,5,5,5,5,4,4,5,5,6,6,6,5,4,6,6
17150044,17150048,1715,3,4,18.75,M,5,5,6,6,5,5,5,7,7,5,5,5,5,7,5,6,6,4,5,5,5,6,6,6,5,4,6,6
17150044,17151049,1715,3,4,18.75,M,5,5,6,6,5,5,5,7,7,4,4,5,5,5,5,6,4,5,4,5,5,6,6,6,5,4,6,6
17150044,17151050,1715,3,4,18.75,M,5,5,6,6,5,5,5,7,7,5,6,6,4,5,5,5,4,4,4,5,5,6,6,6,5,4,6,6
17151047,17150042,1715,3,4,18.75,F,5,5,7,3,5,5,5,6,7,5,6,5,5,5,6,5,6,5,5,5,6,7,4,5,5,5,6,6
17151047,17150043,1715,3,4,18.75,F,5,5,7,3,5,5,5,6,7,4,4,4,6,6,5,5,5,5,4,5,6,7,4,5,5,5,6,6
17151047,17150044,1715,3,4,18.75,F,5,5,7,3,5,5,5,6,7,5,5,5,5,5,5,5,6,5,5,5,6,7,4,5,5,5,6,6
17151048,17150042,1715,3,4,18.25,F,4,5,6,5,3,5,6,5,6,4,5,4,4,6,5,5,6,5,4,4,5,4,6,4,5,6,5,6
17151048,17150043,1715,3,4,18.25,F,4,5,6,5,3,5,6,5,6,2,2,3,6,4,5,6,5,3,4,4,5,4,6,4,5,6,5,6
17151048,17150044,1715,3,4,18.25,F,4,5,6,5,3,5,6,5,6,3,5,5,5,5,5,5,5,4,5,4,5,4,6,4,5,6,5,6
17151049,17150042,1715,3,4,17.5,F,5,4,6,7,6,3,4,5,4,6,7,6,6,6,6,6,5,4,4,5,5,6,7,6,5,6,6,5
17151049,17150043,1715,3,4,17.5,F,5,4,6,7,6,3,4,5,4,6,4,6,7,6,5,5,6,4,5,5,5,6,7,6,5,6,6,5
17151049,17150044,1715,3,4,17.5,F,5,4,6,7,6,3,4,5,4,5,6,5,6,6,6,6,5,4,4,5,5,6,7,6,5,6,6,5
17151050,17150042,1715,3,4,18.33333333,F,4,4,5,6,5,3,5,6,5,5,5,5,5,6,5,5,4,4,3,4,4,6,6,5,5,4,6,6
17151050,17150043,1715,3,4,18.33333333,F,4,4,5,6,5,3,5,6,5,4,4,3,7,5,5,5,4,4,3,4,4,6,6,5,5,4,6,6
17151050,17150044,1715,3,4,18.33333333,F,4,4,5,6,5,3,5,6,5,4,4,4,5,6,5,5,4,4,4,4,4,6,6,5,5,4,6,6
17160045,17161051,1716,4,4,17.75,M,5,4,6,5,5,4,5,4,4,4,4,4,5,3,5,5,4,4,4,5,5,6,5,5,5,4,5,5
17160045,17161052,1716,4,4,17.75,M,5,4,6,5,5,4,5,4,4,4,4,3,4,5,5,5,5,5,4,5,5,6,5,5,5,4,5,5
17160045,17161053,1716,4,4,17.75,M,5,4,6,5,5,4,5,4,4,4,4,3,5,6,5,5,5,5,3,5,5,6,5,5,5,4,5,5
17160045,17161054,1716,4,4,17.75,M,5,4,6,5,5,4,5,4,4,4,4,4,5,5,6,5,5,5,4,5,5,6,5,5,5,4,5,5
17160046,17161051,1716,4,4,17.91666667,M,6,5,6,6,5,6,6,5,6,6,6,6,6,6,6,5,6,5,6,6,6,5,5,6,5,6,6,6
17160046,17161052,1716,4,4,17.91666667,M,6,5,6,6,5,6,6,5,6,4,2,4,5,5,7,4,5,4,6,6,6,5,5,6,5,6,6,6
17160046,17161053,1716,4,4,17.91666667,M,6,5,6,6,5,6,6,5,6,6,5,5,6,6,6,6,5,6,5,6,6,5,5,6,5,6,6,6
17160046,17161054,1716,4,4,17.91666667,M,6,5,6,6,5,6,6,5,6,6,6,6,6,6,5,6,6,5,6,6,6,5,5,6,5,6,6,6
17160047,17161051,1716,4,4,18.41666667,M,4,4,6,5,6,4,5,5,5,6,6,6,5,5,5,5,5,4,5,4,4,6,4,6,5,4,5,5
17160047,17161052,1716,4,4,18.41666667,M,4,4,6,5,6,4,5,5,5,4,4,4,5,5,5,4,5,5,4,4,4,6,4,6,5,4,5,5
17160047,17161053,1716,4,4,18.41666667,M,4,4,6,5,6,4,5,5,5,5,5,5,5,5,4,5,4,5,4,4,4,6,4,6,5,4,5,5
17160047,17161054,1716,4,4,18.41666667,M,4,4,6,5,6,4,5,5,5,5,4,5,5,5,4,4,5,4,5,4,4,6,4,6,5,4,5,5
17160048,17161051,1716,4,4,18.16666667,M,6,6,6,4,5,4,6,7,7,6,6,6,4,5,4,4,4,4,4,7,7,7,7,7,7,7,7,7
17160048,17161052,1716,4,4,18.16666667,M,6,6,6,4,5,4,6,7,7,3,3,3,4,5,5,4,5,4,4,7,7,7,7,7,7,7,7,7
17160048,17161054,1716,4,4,18.16666667,M,6,6,6,4,5,4,6,7,7,5,5,5,6,6,4,6,4,4,4,7,7,7,7,7,7,7,7,7
17160048,17161053,1716,4,4,18.16666667,M,6,6,6,4,5,4,6,7,7,4,4,4,6,3,4,6,4,4,4,7,7,7,7,7,7,7,7,7
17161051,17160045,1716,4,4,18.5,F,7,7,7,7,7,7,7,7,7,4,4,4,5,4,5,4,5,4,4,7,7,7,7,7,7,7,7,7
17161051,17160046,1716,4,4,18.5,F,7,7,7,7,7,7,7,7,7,5,5,5,4,5,4,4,5,4,4,7,7,7,7,7,7,7,7,7
17161051,17160047,1716,4,4,18.5,F,7,7,7,7,7,7,7,7,7,4,4,4,5,5,4,4,5,4,4,7,7,7,7,7,7,7,7,7
17161051,17160048,1716,4,4,18.5,F,7,7,7,7,7,7,7,7,7,4,4,4,4,4,4,4,4,4,4,7,7,7,7,7,7,7,7,7
17161052,17160045,1716,4,4,18.25,F,7,7,7,4,4,5,4,7,6,3,5,4,6,6,5,4,3,4,5,7,7,6,4,5,4,4,7,6
17161052,17160046,1716,4,4,18.25,F,7,7,7,4,4,5,4,7,6,3,5,5,5,6,5,5,5,4,3,7,7,6,4,5,4,4,7,6
17161052,17160047,1716,4,4,18.25,F,7,7,7,4,4,5,4,7,6,7,6,6,6,5,5,6,5,5,5,7,7,6,4,5,4,4,7,6
17161052,17160048,1716,4,4,18.25,F,7,7,7,4,4,5,4,7,6,2,2,3,5,4,5,5,4,3,4,7,7,6,4,5,4,4,7,6
17161053,17160045,1716,4,4,18.5,F,6,3,7,7,7,3,7,7,7,4,5,5,6,6,5,5,5,3,3,6,4,7,7,7,7,7,7,7
17161053,17160046,1716,4,4,18.5,F,6,3,7,7,7,3,7,7,7,4,4,5,4,5,5,4,5,4,2,6,4,7,7,7,7,7,7,7
17161053,17160047,1716,4,4,18.5,F,6,3,7,7,7,3,7,7,7,4,4,5,5,5,6,6,5,4,3,6,4,7,7,7,7,7,7,7
17161053,17160048,1716,4,4,18.5,F,6,3,7,7,7,3,7,7,7,6,5,5,5,5,5,6,3,3,1,6,4,7,7,7,7,7,7,7
17161054,17160045,1716,4,4,19.41666667,F,5,6,5,4,5,4,6,6,6,4,4,4,6,6,5,4,5,4,5,6,6,4,5,5,6,4,5,5
17161054,17160046,1716,4,4,19.41666667,F,5,6,5,4,5,4,6,6,6,3,5,3,3,3,4,4,4,4,4,6,6,4,5,5,6,4,5,5
17161054,17160047,1716,4,4,19.41666667,F,5,6,5,4,5,4,6,6,6,4,4,3,6,5,5,4,6,4,5,6,6,4,5,5,6,4,5,5
17161054,17160048,1716,4,4,19.41666667,F,5,6,5,4,5,4,6,6,6,5,4,5,6,5,5,4,4,4,4,6,6,4,5,5,6,4,5,5
17170052,17171058,1717,3,2,20.41666667,M,5,5,6,4,6,4,6,7,5,6,6,6,6,7,6,6,6,6,5,6,6,7,6,6,6,5,6,6
17170052,17171059,1717,3,2,20.41666667,M,5,5,6,4,6,4,6,7,5,5,5,5,6,4,6,5,4,6,6,6,6,7,6,6,6,5,6,6
17170053,17171058,1717,3,2,19.58333333,M,6,6,6,7,7,4,7,6,6,5,5,5,5,7,5,5,6,5,5,6,7,6,6,6,6,4,6,6
17170053,17171059,1717,3,2,19.58333333,M,6,6,6,7,7,4,7,6,6,5,5,5,5,5,4,5,4,4,4,6,7,6,6,6,6,4,6,6
17170054,17171058,1717,3,2,19.5,M,5,5,7,7,5,5,6,5,5,6,6,7,4,7,7,7,7,6,4,6,6,7,6,5,7,4,7,6
17170054,17171059,1717,3,2,19.5,M,5,5,7,7,5,5,6,5,5,5,6,5,5,4,5,4,3,5,4,6,6,7,6,5,7,4,7,6
17171058,17170052,1717,3,2,17.5,F,6,5,7,6,5,4,6,6,4,5,5,5,5,6,6,7,6,3,2,6,5,7,6,5,6,4,4,2
17171058,17170053,1717,3,2,17.5,F,6,5,7,6,5,4,6,6,4,5,2,4,5,4,4,5,4,3,1,6,5,7,6,5,6,4,4,2
17171058,17170054,1717,3,2,17.5,F,6,5,7,6,5,4,6,6,4,5,6,6,4,5,5,5,5,5,1,6,5,7,6,5,6,4,4,2
17171059,17170052,1717,3,2,17.75,F,6,5,7,5,5,4,6,6,6,4,5,5,6,6,5,4,6,4,4,6,5,7,5,5,5,4,6,6
17171059,17170053,1717,3,2,17.75,F,6,5,7,5,5,4,6,6,6,6,6,6,6,6,6,6,5,5,4,6,5,7,5,5,5,4,6,6
17171059,17170054,1717,3,2,17.75,F,6,5,7,5,5,4,6,6,6,5,6,6,6,6,5,5,5,4,4,6,5,7,5,5,5,4,6,6
17180055,17181060,1718,4,3,17.41666667,M,5,5,7,5,7,6,6,5,5,4,4,4,5,6,5,5,5,5,4,7,7,7,6,7,5,7,6,7
17180055,17181061,1718,4,3,17.41666667,M,5,5,7,5,7,6,6,5,5,4,4,4,5,6,5,5,6,4,5,7,7,7,6,7,5,7,6,7
17180055,17181062,1718,4,3,17.41666667,M,5,5,7,5,7,6,6,5,5,5,5,5,6,5,6,5,5,4,5,7,7,7,6,7,5,7,6,7
17180056,17181060,1718,4,3,17.91666667,M,7,6,6,6,6,6,6,6,6,3,3,2,3,5,4,3,4,3,4,7,5,7,5,5,6,4,6,7
17180056,17181061,1718,4,3,17.91666667,M,7,6,6,6,6,6,6,6,6,3,3,3,5,5,5,4,6,4,4,7,5,7,5,5,6,4,6,7
17180056,17181062,1718,4,3,17.91666667,M,7,6,6,6,6,6,6,6,6,5,4,4,5,3,4,5,2,3,4,7,5,7,5,5,6,4,6,7
17180057,17181060,1718,4,3,18.5,M,6,6,6,5,6,6,5,6,7,4,3,4,5,5,5,4,5,4,5,6,5,6,4,5,4,6,6,7
17180057,17181061,1718,4,3,18.5,M,6,6,6,5,6,6,5,6,7,4,5,4,5,5,5,5,5,4,5,6,5,6,4,5,4,6,6,7
17180057,17181062,1718,4,3,18.5,M,6,6,6,5,6,6,5,6,7,4,6,6,6,5,6,6,6,5,5,6,5,6,4,5,4,6,6,7
17180058,17181060,1718,4,3,17.75,M,7,7,7,7,7,4,7,7,6,3,3,4,5,4,5,4,4,4,4,6,6,6,6,6,5,4,6,6
17180058,17181061,1718,4,3,17.75,M,7,7,7,7,7,4,7,7,6,3,4,3,6,6,5,4,4,5,3,6,6,6,6,6,5,4,6,6
17180058,17181062,1718,4,3,17.75,M,7,7,7,7,7,4,7,7,6,4,4,5,3,4,5,4,3,5,3,6,6,6,6,6,5,4,6,6
17181060,17180055,1718,4,3,17.75,F,6,6,7,7,7,6,7,6,6,4,3,4,5,5,4,3,4,5,3,6,6,6,6,7,7,6,6,6
17181060,17180056,1718,4,3,17.75,F,6,6,7,7,7,6,7,6,6,6,6,6,7,6,5,7,6,5,4,6,6,6,6,7,7,6,6,6
17181060,17180057,1718,4,3,17.75,F,6,6,7,7,7,6,7,6,6,5,3,5,5,6,4,5,5,5,5,6,6,6,6,7,7,6,6,6
17181060,17180058,1718,4,3,17.75,F,6,6,7,7,7,6,7,6,6,6,6,5,6,6,5,5,5,5,3,6,6,6,6,7,7,6,6,6
17181061,17180055,1718,4,3,17.91666667,F,5,5,6,5,5,1,5,4,1,4,4,5,6,4,5,5,4,4,4,7,7,6,5,6,6,2,5,4
17181061,17180056,1718,4,3,17.91666667,F,5,5,6,5,5,1,5,4,1,6,6,6,6,6,5,5,5,3,4,7,7,6,5,6,6,2,5,4
17181061,17180057,1718,4,3,17.91666667,F,5,5,6,5,5,1,5,4,1,4,4,4,4,5,5,4,5,4,4,7,7,6,5,6,6,2,5,4
17181061,17180058,1718,4,3,17.91666667,F,5,5,6,5,5,1,5,4,1,5,5,5,4,5,5,5,4,4,3,7,7,6,5,6,6,2,5,4
17181062,17180055,1718,4,3,22.16666667,F,6,6,5,7,7,4,5,5,4,5,5,5,6,5,4,4,4,5,4,6,6,4,6,6,5,4,6,5
17181062,17180056,1718,4,3,22.16666667,F,6,6,5,7,7,4,5,5,4,5,5,5,6,4,3,7,3,3,3,6,6,4,6,6,5,4,6,5
17181062,17180057,1718,4,3,22.16666667,F,6,6,5,7,7,4,5,5,4,3,4,4,5,5,5,4,4,4,4,6,6,4,6,6,5,4,6,5
17181062,17180058,1718,4,3,22.16666667,F,6,6,5,7,7,4,5,5,4,6,4,6,4,6,6,4,5,4,4,6,6,4,6,6,5,4,6,5
17190059,17191063,1719,3,3,18.08333333,M,5,5,6,6,6,5,5,5,6,5,4,5,5,4,5,6,4,5,4,7,7,6,6,5,5,5,5,7
17190059,17191064,1719,3,3,18.08333333,M,5,5,6,6,6,5,5,5,6,2,2,2,6,5,4,6,4,5,4,7,7,6,6,5,5,5,5,7
17190059,17191065,1719,3,3,18.08333333,M,5,5,6,6,6,5,5,5,6,2,2,3,3,5,5,4,5,5,3,7,7,6,6,5,5,5,5,7
17190060,17191063,1719,3,3,18.08333333,M,6,6,7,6,6,4,5,5,4,4,4,4,4,4,4,4,4,4,4,6,6,6,5,6,4,4,5,5
17190060,17191064,1719,3,3,18.08333333,M,6,6,7,6,6,4,5,5,4,3,3,3,5,6,6,5,5,4,4,6,6,6,5,6,4,4,5,5
17190060,17191065,1719,3,3,18.08333333,M,6,6,7,6,6,4,5,5,4,3,3,3,5,5,7,6,5,5,4,6,6,6,5,6,4,4,5,5
17190061,17191063,1719,3,3,20.91666667,M,7,7,6,7,6,3,6,6,6,4,4,4,4,3,5,5,4,4,4,7,7,6,7,6,6,4,6,7
17190061,17191064,1719,3,3,20.91666667,M,7,7,6,7,6,3,6,6,6,3,3,3,4,5,6,4,4,5,5,7,7,6,7,6,6,4,6,7
17190061,17191065,1719,3,3,20.91666667,M,7,7,6,7,6,3,6,6,6,3,3,4,5,6,5,5,5,4,5,7,7,6,7,6,6,4,6,7
17191063,17190059,1719,3,3,17.83333333,F,6,5,6,5,5,4,4,7,7,5,6,5,7,4,6,7,3,5,4,6,4,7,6,6,5,3,6,6
17191063,17190060,1719,3,3,17.83333333,F,6,5,6,5,5,4,4,7,7,5,4,5,4,6,6,4,5,5,5,6,4,7,6,6,5,3,6,6
17191063,17190061,1719,3,3,17.83333333,F,6,5,6,5,5,4,4,7,7,7,6,7,7,6,6,7,6,6,5,6,4,7,6,6,5,3,6,6
17191064,17190059,1719,3,3,19.33333333,F,4,4,6,7,7,4,7,6,6,2,4,3,5,4,4,5,3,3,3,6,6,7,7,7,7,6,6,6
17191064,17190060,1719,3,3,19.33333333,F,4,4,6,7,7,4,7,6,6,5,5,5,5,5,4,5,5,3,5,6,6,7,7,7,7,6,6,6
17191064,17190061,1719,3,3,19.33333333,F,4,4,6,7,7,4,7,6,6,6,6,6,5,6,4,6,5,4,5,6,6,7,7,7,7,6,6,6
17191065,17190059,1719,3,3,20.16666667,F,5,6,7,5,6,4,4,6,6,4,4,4,5,4,4,5,3,3,4,5,5,6,5,4,6,4,7,5
17191065,17190060,1719,3,3,20.16666667,F,5,6,7,5,6,4,4,6,6,4,4,4,5,4,6,7,4,3,4,5,5,6,5,4,6,4,7,5
17191065,17190061,1719,3,3,20.16666667,F,5,6,7,5,6,4,4,6,6,6,7,6,6,6,3,6,5,2,3,5,5,6,5,4,6,4,7,5
17200062,17201066,1720,2,2,19.41666667,M,7,6,7,4,5,4,4,5,5,4,4,4,5,5,5,5,5,5,3,6,6,6,5,5,5,5,6,6
17200062,17201067,1720,2,2,19.41666667,M,7,6,7,4,5,4,4,5,5,5,4,5,6,5,5,6,5,5,3,6,6,6,5,5,5,5,6,6
17200063,17201066,1720,2,2,19.5,M,6,7,7,4,6,5,6,7,7,4,5,5,7,7,6,7,5,6,6,6,6,6,5,6,6,5,7,7
17200063,17201067,1720,2,2,19.5,M,6,7,7,4,6,5,6,7,7,6,5,6,6,6,7,6,5,6,5,6,6,6,5,6,6,5,7,7
17201066,17200062,1720,2,2,17.25,F,3,4,7,6,7,5,4,6,6,5,5,5,6,6,3,4,5,4,3,5,4,7,6,7,4,5,7,7
17201066,17200063,1720,2,2,17.25,F,3,4,7,6,7,5,4,6,6,4,4,5,6,5,6,6,5,3,2,5,4,7,6,7,4,5,7,7
17201067,17200062,1720,2,2,18.41666667,F,6,5,6,4,6,4,4,4,4,5,5,4,5,5,5,6,4,NA,4,6,6,6,4,6,6,6,6,5
17201067,17200063,1720,2,2,18.41666667,F,6,5,6,4,6,4,4,4,4,5,5,5,4,6,NA,5,4,NA,4,6,6,6,4,6,6,6,6,5
17210064,17211068,1721,3,4,19.08333333,M,6,5,7,4,6,5,4,4,5,3,4,3,5,3,5,3,3,4,3,6,6,7,4,5,4,5,6,5
17210064,17211069,1721,3,4,19.08333333,M,6,5,7,4,6,5,4,4,5,6,5,6,6,6,4,5,5,6,5,6,6,7,4,5,4,5,6,5
17210064,17211070,1721,3,4,19.08333333,M,6,5,7,4,6,5,4,4,5,5,6,5,7,6,5,7,5,4,4,6,6,7,4,5,4,5,6,5
17210064,17211071,1721,3,4,19.08333333,M,6,5,7,4,6,5,4,4,5,4,4,4,5,6,5,4,4,6,3,6,6,7,4,5,4,5,6,5
17210065,17211068,1721,3,4,20.91666667,M,3,3,6,4,6,6,3,6,6,4,5,5,4,4,3,3,2,4,3,5,3,7,3,6,6,6,6,6
17210065,17211069,1721,3,4,20.91666667,M,3,3,6,4,6,6,3,6,6,5,4,6,5,4,5,4,5,5,5,5,3,7,3,6,6,6,6,6
17210065,17211070,1721,3,4,20.91666667,M,3,3,6,4,6,6,3,6,6,3,5,5,6,6,5,6,4,6,3,5,3,7,3,6,6,6,6,6
17210065,17211071,1721,3,4,20.91666667,M,3,3,6,4,6,6,3,6,6,5,4,5,5,3,6,5,5,4,5,5,3,7,3,6,6,6,6,6
17210066,17211068,1721,3,4,17.41666667,M,6,6,7,4,4,4,4,4,3,5,4,5,5,6,6,5,4,4,3,6,6,7,5,6,6,4,5,4
17210066,17211069,1721,3,4,17.41666667,M,6,6,7,4,4,4,4,4,3,4,4,4,5,4,5,4,4,5,4,6,6,7,5,6,6,4,5,4
17210066,17211070,1721,3,4,17.41666667,M,6,6,7,4,4,4,4,4,3,6,7,7,5,6,6,5,5,5,5,6,6,7,5,6,6,4,5,4
17210066,17211071,1721,3,4,17.41666667,M,6,6,7,4,4,4,4,4,3,4,4,4,5,5,5,5,5,5,4,6,6,7,5,6,6,4,5,4
17211068,17210064,1721,3,4,17.83333333,F,6,5,6,6,5,4,5,5,5,5,4,5,6,5,5,6,4,5,3,6,5,6,6,5,5,4,6,6
17211068,17210065,1721,3,4,17.83333333,F,6,5,6,6,5,4,5,5,5,3,4,4,6,4,5,6,4,4,3,6,5,6,6,5,5,4,6,6
17211068,17210066,1721,3,4,17.83333333,F,6,5,6,6,5,4,5,5,5,4,4,4,5,5,5,6,6,4,4,6,5,6,6,5,5,4,6,6
17211069,17210064,1721,3,4,19.41666667,F,5,5,6,5,5,5,5,5,5,4,4,5,4,4,5,4,5,4,4,5,5,6,5,6,5,5,6,5
17211069,17210065,1721,3,4,19.41666667,F,5,5,6,5,5,5,5,5,5,3,3,3,4,4,4,4,3,4,4,5,5,6,5,6,5,5,6,5
17211069,17210066,1721,3,4,19.41666667,F,5,5,6,5,5,5,5,5,5,4,4,4,4,4,4,4,4,4,4,5,5,6,5,6,5,5,6,5
17211070,17210064,1721,3,4,21,F,7,7,7,7,7,5,7,7,7,3,1,3,4,5,4,4,5,5,6,7,7,6,7,7,7,6,7,7
17211070,17210065,1721,3,4,21,F,7,7,7,7,7,5,7,7,7,2,1,4,4,3,5,3,3,4,5,7,7,6,7,7,7,6,7,7
17211070,17210066,1721,3,4,21,F,7,7,7,7,7,5,7,7,7,3,1,4,4,5,4,5,4,4,5,7,7,6,7,7,7,6,7,7
17211071,17210064,1721,3,4,18.66666667,F,5,5,5,5,5,5,5,5,5,5,5,6,6,6,5,6,6,6,6,6,6,6,6,6,6,6,6,6
17211071,17210065,1721,3,4,18.66666667,F,5,5,5,5,5,5,5,5,5,4,4,4,5,5,5,5,4,5,5,6,6,6,6,6,6,6,6,6
17211071,17210066,1721,3,4,18.66666667,F,5,5,5,5,5,5,5,5,5,5,5,5,6,5,5,6,6,5,6,6,6,6,6,6,6,6,6,6
17220067,NA,1722,2,1,18.91666667,M,5,5,5,6,5,4,6,5,7,NA,NA,NA,NA,NA,NA,NA,NA,NA,NA,5,5,5,6,5,6,4,5,6
17220068,NA,1722,2,1,30.91666667,M,5,5,6,2,6,4,2,5,6,NA,NA,NA,NA,NA,NA,NA,NA,NA,NA,7,7,7,5,7,7,7,7,7
17221072,NA,1722,2,1,19.25,F,6,5,7,6,6,5,5,6,6,NA,NA,NA,NA,NA,NA,NA,NA,NA,NA,5,5,7,5,5,5,5,6,6
17230069,17231073,1723,3,3,18.91666667,M,5,5,7,7,7,4,6,7,7,5,6,6,6,6,6,5,6,6,5,6,6,7,7,6,6,5,7,7
17230069,17231074,1723,3,3,18.91666667,M,5,5,7,7,7,4,6,7,7,5,4,5,5,7,6,5,6,7,6,6,6,7,7,6,6,5,7,7
17230069,17231075,1723,3,3,18.91666667,M,5,5,7,7,7,4,6,7,7,4,4,5,6,5,5,5,5,4,5,6,6,7,7,6,6,5,7,7
17230070,17231073,1723,3,3,20.5,M,7,5,7,6,7,3,5,7,7,6,6,7,7,7,4,7,5,5,6,6,4,6,6,5,4,3,6,7
17230070,17231074,1723,3,3,20.5,M,7,5,7,6,7,3,5,7,7,5,6,6,5,7,5,5,5,6,5,6,4,6,6,5,4,3,6,7
17230070,17231075,1723,3,3,20.5,M,7,5,7,6,7,3,5,7,7,6,4,6,6,3,4,6,2,3,3,6,4,6,6,5,4,3,6,7
17230071,17231073,1723,3,3,20.5,M,6,5,6,1,3,3,3,2,6,7,6,6,6,7,6,4,6,4,6,7,6,5,2,3,4,4,3,6
17230071,17231074,1723,3,3,20.5,M,6,5,6,1,3,3,3,2,6,3,3,3,3,6,4,2,4,6,4,7,6,5,2,3,4,4,3,6
17230071,17231075,1723,3,3,20.5,M,6,5,6,1,3,3,3,2,6,3,4,3,6,7,6,5,5,6,5,7,6,5,2,3,4,4,3,6
17231073,17230069,1723,3,3,21.25,F,5,5,7,7,7,4,7,7,4,6,7,7,7,7,7,7,7,5,4,6,7,6,7,7,5,4,6,4
17231073,17230070,1723,3,3,21.25,F,5,5,7,7,7,4,7,7,4,5,3,6,7,7,7,7,7,5,1,6,7,6,7,7,5,4,6,4
17231073,17230071,1723,3,3,21.25,F,5,5,7,7,7,4,7,7,4,6,6,6,5,6,6,4,7,4,4,6,7,6,7,7,5,4,6,4
17231074,17230069,1723,3,3,38.91666667,F,4,4,7,6,7,7,6,5,5,5,5,6,6,6,6,6,5,5,3,5,5,7,6,6,6,7,7,6
17231074,17230070,1723,3,3,38.91666667,F,4,4,7,6,7,7,6,5,5,4,3,4,6,6,5,6,5,5,3,5,5,7,6,6,6,7,7,6
17231074,17230071,1723,3,3,38.91666667,F,4,4,7,6,7,7,6,5,5,6,5,6,6,5,5,6,4,3,3,5,5,7,6,6,6,7,7,6
17231075,17230069,1723,3,3,19.66666667,F,4,4,6,5,6,5,5,6,5,5,6,5,5,5,5,6,5,5,5,5,5,6,6,6,5,6,6,6
17231075,17230070,1723,3,3,19.66666667,F,4,4,6,5,6,5,5,6,5,4,3,3,6,5,5,5,5,5,4,5,5,6,6,6,5,6,6,6
17231075,17230071,1723,3,3,19.66666667,F,4,4,6,5,6,5,5,6,5,5,5,6,5,5,5,4,5,4,4,5,5,6,6,6,5,6,6,6
17240072,17241076,1724,4,4,19.83333333,M,6,6,7,4,6,4,7,7,7,5,7,6,5,6,6,6,7,7,6,6,6,6,4,6,7,4,6,6
17240072,17241077,1724,4,4,19.83333333,M,6,6,7,4,6,4,7,7,7,4,4,4,6,6,6,4,4,6,5,6,6,6,4,6,7,4,6,6
17240072,17241078,1724,4,4,19.83333333,M,6,6,7,4,6,4,7,7,7,6,6,6,6,6,6,6,6,7,6,6,6,6,4,6,7,4,6,6
17240072,17241079,1724,4,4,19.83333333,M,6,6,7,4,6,4,7,7,7,4,5,5,7,7,6,6,5,6,6,6,6,6,4,6,7,4,6,6
17240073,17241076,1724,4,4,18.5,M,1,1,5,4,7,5,5,4,3,5,5,5,5,5,5,4,5,5,2,4,4,6,5,7,4,6,4,4
17240073,17241077,1724,4,4,18.5,M,1,1,5,4,7,5,5,4,3,5,4,5,5,6,5,3,4,5,1,4,4,6,5,7,4,6,4,4
17240073,17241078,1724,4,4,18.5,M,1,1,5,4,7,5,5,4,3,5,5,6,5,5,5,3,6,5,4,4,4,6,5,7,4,6,4,4
17240073,17241079,1724,4,4,18.5,M,1,1,5,4,7,5,5,4,3,5,5,5,5,5,4,2,5,5,2,4,4,6,5,7,4,6,4,4
17240074,17241076,1724,4,4,18.58333333,M,5,5,5,3,4,3,4,3,4,3,5,3,4,4,5,3,5,5,3,5,5,5,4,5,4,4,4,5
17240074,17241077,1724,4,4,18.58333333,M,5,5,5,3,4,3,4,3,4,4,4,4,5,3,5,4,4,4,4,5,5,5,4,5,4,4,4,5
17240074,17241078,1724,4,4,18.58333333,M,5,5,5,3,4,3,4,3,4,5,5,5,5,5,5,5,5,5,4,5,5,5,4,5,4,4,4,5
17240074,17241079,1724,4,4,18.58333333,M,5,5,5,3,4,3,4,3,4,4,5,4,5,5,5,5,5,5,3,5,5,5,4,5,4,4,4,5
17240075,17241076,1724,4,4,21.58333333,M,5,4,7,4,5,5,5,5,5,5,6,6,6,6,5,4,6,5,5,6,5,7,6,6,4,5,5,5
17240075,17241077,1724,4,4,21.58333333,M,5,4,7,4,5,5,5,5,5,6,6,6,6,5,5,5,5,5,4,6,5,7,6,6,4,5,5,5
17240075,17241078,1724,4,4,21.58333333,M,5,4,7,4,5,5,5,5,5,6,6,5,6,6,6,6,4,6,4,6,5,7,6,6,4,5,5,5
17240075,17241079,1724,4,4,21.58333333,M,5,4,7,4,5,5,5,5,5,6,6,6,6,6,6,6,6,6,5,6,5,7,6,6,4,5,5,5
17241076,17240072,1724,4,4,19.33333333,F,6,6,7,4,4,4,6,6,6,6,5,6,4,5,5,4,5,4,4,5,6,7,5,5,6,5,6,6
17241076,17240073,1724,4,4,19.33333333,F,6,6,7,4,4,4,6,6,6,4,4,4,6,4,5,6,4,4,3,5,6,7,5,5,6,5,6,6
17241076,17240074,1724,4,4,19.33333333,F,6,6,7,4,4,4,6,6,6,4,3,3,4,3,6,4,5,4,4,5,6,7,5,5,6,5,6,6
17241076,17240075,1724,4,4,19.33333333,F,6,6,7,4,4,4,6,6,6,5,4,4,5,5,5,6,5,4,4,5,6,7,5,5,6,5,6,6
17241077,17240072,1724,4,4,19.16666667,F,6,6,6,5,6,4,6,5,4,5,4,5,5,5,5,4,6,5,4,5,6,7,6,6,7,6,6,5
17241077,17240073,1724,4,4,19.16666667,F,6,6,6,5,6,4,6,5,4,5,5,5,5,5,5,5,5,5,5,5,6,7,6,6,7,6,6,5
17241077,17240074,1724,4,4,19.16666667,F,6,6,6,5,6,4,6,5,4,4,4,5,5,5,5,5,5,4,5,5,6,7,6,6,7,6,6,5
17241077,17240075,1724,4,4,19.16666667,F,6,6,6,5,6,4,6,5,4,3,4,3,5,4,5,4,4,4,4,5,6,7,6,6,7,6,6,5
17241078,17240072,1724,4,4,17.33333333,F,4,4,7,7,7,6,5,6,5,6,6,6,6,6,6,6,6,6,4,4,4,7,7,7,6,6,6,6
17241078,17240073,1724,4,4,17.33333333,F,4,4,7,7,7,6,5,6,5,4,5,5,7,6,7,7,6,7,3,4,4,7,7,7,6,6,6,6
17241078,17240074,1724,4,4,17.33333333,F,4,4,7,7,7,6,5,6,5,5,5,5,6,6,6,5,6,4,6,4,4,7,7,7,6,6,6,6
17241078,17240075,1724,4,4,17.33333333,F,4,4,7,7,7,6,5,6,5,5,6,5,5,6,6,6,6,6,4,4,4,7,7,7,6,6,6,6
17241079,17240072,1724,4,4,17.83333333,F,6,6,7,7,6,6,6,6,5,7,6,6,7,7,6,7,7,5,6,6,6,7,6,6,7,6,6,5
17241079,17240073,1724,4,4,17.83333333,F,6,6,7,7,6,6,6,6,5,4,5,5,7,6,6,7,5,6,5,6,6,7,6,6,7,6,6,5
17241079,17240074,1724,4,4,17.83333333,F,6,6,7,7,6,6,6,6,5,5,4,5,6,6,5,4,5,7,5,6,6,7,6,6,7,6,6,5
17241079,17240075,1724,4,4,17.83333333,F,6,6,7,7,6,6,6,6,5,5,6,5,6,6,5,7,5,6,4,6,6,7,6,6,7,6,6,5
17250076,17251080,1725,4,3,18.5,M,5,5,7,6,7,4,6,6,5,4,3,4,4,6,6,5,5,4,5,6,6,7,6,6,6,4,5,6
17250076,17251081,1725,4,3,18.5,M,5,5,7,6,7,4,6,6,5,6,6,6,4,4,6,5,5,4,5,6,6,7,6,6,6,4,5,6
17250076,17251082,1725,4,3,18.5,M,5,5,7,6,7,4,6,6,5,4,5,4,3,6,5,5,6,4,6,6,6,7,6,6,6,4,5,6
17250077,17251080,1725,4,3,19.5,M,5,4,7,6,4,6,5,6,7,3,3,5,6,7,6,7,5,5,3,6,5,7,5,4,4,6,7,7
17250077,17251081,1725,4,3,19.5,M,5,4,7,6,4,6,5,6,7,6,6,6,6,6,5,6,5,6,6,6,5,7,5,4,4,6,7,7
17250077,17251082,1725,4,3,19.5,M,5,4,7,6,4,6,5,6,7,5,6,6,5,5,5,5,6,6,5,6,5,7,5,4,4,6,7,7
17250078,17251080,1725,4,3,20.66666667,M,6,5,7,5,6,5,6,4,4,4,3,4,5,3,5,4,4,4,4,6,5,7,6,6,6,4,5,4
17250078,17251081,1725,4,3,20.66666667,M,6,5,7,5,6,5,6,4,4,5,4,4,6,5,5,6,5,5,3,6,5,7,6,6,6,4,5,4
17250078,17251082,1725,4,3,20.66666667,M,6,5,7,5,6,5,6,4,4,4,4,5,4,6,5,3,6,3,5,6,5,7,6,6,6,4,5,4
17250079,17251080,1725,4,3,20.25,M,5,4,5,4,4,3,4,5,4,4,3,4,5,6,5,5,4,5,4,6,5,6,4,4,4,4,5,5
17250079,17251081,1725,4,3,20.25,M,5,4,5,4,4,3,4,5,4,5,5,5,5,5,5,5,4,5,4,6,5,6,4,4,4,4,5,5
17250079,17251082,1725,4,3,20.25,M,5,4,5,4,4,3,4,5,4,4,4,4,5,5,5,5,4,4,4,6,5,6,4,4,4,4,5,5
17251080,17250076,1725,4,3,18.08333333,F,4,4,6,7,7,4,5,5,6,4,4,4,7,5,4,7,5,5,4,5,5,6,7,7,5,4,6,6
17251080,17250077,1725,4,3,18.08333333,F,4,4,6,7,7,4,5,5,6,4,5,5,7,6,5,7,6,6,4,5,5,6,7,7,5,4,6,6
17251080,17250078,1725,4,3,18.08333333,F,4,4,6,7,7,4,5,5,6,4,6,6,7,6,6,7,6,4,5,5,5,6,7,7,5,4,6,6
17251080,17250079,1725,4,3,18.08333333,F,4,4,6,7,7,4,5,5,6,4,5,4,7,5,6,7,4,5,4,5,5,6,7,7,5,4,6,6
17251081,17250076,1725,4,3,18.75,F,5,6,4,5,6,4,5,5,5,4,5,4,6,5,4,6,4,5,5,5,6,5,5,6,6,4,5,5
17251081,17250077,1725,4,3,18.75,F,5,6,4,5,6,4,5,5,5,4,4,4,5,2,4,4,5,4,4,5,6,5,5,6,6,4,5,5
17251081,17250078,1725,4,3,18.75,F,5,6,4,5,6,4,5,5,5,5,4,5,5,5,4,5,5,4,4,5,6,5,5,6,6,4,5,5
17251081,17250079,1725,4,3,18.75,F,5,6,4,5,6,4,5,5,5,4,4,4,6,5,4,6,3,4,3,5,6,5,5,6,6,4,5,5
17251082,17250076,1725,4,3,18.33333333,F,4,3,7,4,5,1,4,5,7,6,6,6,7,7,4,7,7,7,5,6,5,6,7,6,5,4,5,7
17251082,17250077,1725,4,3,18.33333333,F,4,3,7,4,5,1,4,5,7,4,4,4,5,5,5,6,4,5,4,6,5,6,7,6,5,4,5,7
17251082,17250078,1725,4,3,18.33333333,F,4,3,7,4,5,1,4,5,7,5,5,5,4,6,5,5,6,4,5,6,5,6,7,6,5,4,5,7
17251082,17250079,1725,4,3,18.33333333,F,4,3,7,4,5,1,4,5,7,5,6,5,5,4,5,5,4,4,5,6,5,6,7,6,5,4,5,7
17260080,17261083,1726,2,3,20.83333333,M,6,5,7,4,6,4,5,4,5,3,3,4,4,5,5,6,3,5,4,5,5,6,4,5,5,4,5,6
17260080,17261084,1726,2,3,20.83333333,M,6,5,7,4,6,4,5,4,5,5,4,5,5,6,5,4,5,4,4,5,5,6,4,5,5,4,5,6
17260080,17261085,1726,2,3,20.83333333,M,6,5,7,4,6,4,5,4,5,5,5,5,5,4,5,4,4,6,4,5,5,6,4,5,5,4,5,6
17260081,17261083,1726,2,3,19.91666667,M,6,6,7,4,5,3,5,3,5,4,4,4,5,4,5,5,4,4,5,5,6,5,4,6,5,4,4,6
17260081,17261084,1726,2,3,19.91666667,M,6,6,7,4,5,3,5,3,5,4,4,4,5,5,4,4,4,4,4,5,6,5,4,6,5,4,4,6
17260081,17261085,1726,2,3,19.91666667,M,6,6,7,4,5,3,5,3,5,5,5,5,5,5,5,4,4,6,4,5,6,5,4,6,5,4,4,6
17261083,17260080,1726,2,3,19.66666667,F,4,4,7,6,7,4,6,7,7,3,4,5,6,5,5,7,4,4,4,6,6,7,6,6,4,4,6,6
17261083,17260081,1726,2,3,19.66666667,F,4,4,7,6,7,4,6,7,7,5,5,5,6,6,5,6,5,6,5,6,6,7,6,6,4,4,6,6
17261084,17260080,1726,2,3,18.41666667,F,6,6,7,7,7,4,6,4,5,2,4,3,6,4,4,6,3,4,4,6,7,7,7,6,6,6,6,6
17261084,17260081,1726,2,3,18.41666667,F,6,6,7,7,7,4,6,4,5,5,5,5,4,5,5,5,5,5,5,6,7,7,7,6,6,6,6,6
17261085,17260080,1726,2,3,18.33333333,F,2,3,7,4,5,5,6,6,4,3,4,3,6,4,4,4,4,3,4,5,5,6,5,6,5,6,6,5
17261085,17260081,1726,2,3,18.33333333,F,2,3,7,4,5,5,6,6,4,5,6,4,6,6,6,5,4,4,4,5,5,6,5,6,5,6,6,5
17270082,17271086,1727,4,3,18.66666667,M,6,5,7,5,6,4,5,5,6,5,6,5,7,7,7,7,6,4,6,6,5,7,5,6,6,4,5,6
17270082,17271087,1727,4,3,18.66666667,M,6,5,7,5,6,4,5,5,6,4,4,4,7,6,6,6,6,4,5,6,5,7,5,6,6,4,5,6
17270082,17271088,1727,4,3,18.66666667,M,6,5,7,5,6,4,5,5,6,6,6,7,6,6,7,6,6,4,6,6,5,7,5,6,6,4,5,6
17270083,17271086,1727,4,3,18.5,M,6,5,6,5,6,5,6,6,6,4,4,4,6,6,6,5,6,5,6,6,6,6,6,6,6,6,6,6
17270083,17271087,1727,4,3,18.5,M,6,5,6,5,6,5,6,6,6,3,4,4,6,6,6,6,5,6,5,6,6,6,6,6,6,6,6,6
17270083,17271088,1727,4,3,18.5,M,6,5,6,5,6,5,6,6,6,5,5,5,5,5,6,5,5,5,4,6,6,6,6,6,6,6,6,6
17270084,17271086,1727,4,3,18,M,3,3,6,7,4,4,5,2,2,5,5,5,6,6,5,6,6,6,5,6,6,7,7,6,7,5,5,5
17270084,17271087,1727,4,3,18,M,3,3,6,7,4,4,5,2,2,4,4,5,6,5,5,5,4,5,4,6,6,7,7,6,7,5,5,5
17270084,17271088,1727,4,3,18,M,3,3,6,7,4,4,5,2,2,5,6,6,6,6,5,6,6,6,5,6,6,7,7,6,7,5,5,5
17270085,17271086,1727,4,3,17.91666667,M,4,4,6,5,5,5,4,5,4,5,5,5,6,6,5,5,6,5,5,5,5,6,6,6,5,6,6,6
17270085,17271087,1727,4,3,17.91666667,M,4,4,6,5,5,5,4,5,4,4,4,4,6,6,5,6,5,4,5,5,5,6,6,6,5,6,6,6
17270085,17271088,1727,4,3,17.91666667,M,4,4,6,5,5,5,4,5,4,5,5,6,6,6,5,5,5,5,4,5,5,6,6,6,5,6,6,6
17271086,17270082,1727,4,3,17.58333333,F,4,4,7,6,5,3,6,6,5,6,7,6,6,5,7,6,5,3,4,4,4,6,6,6,6,4,5,5
17271086,17270083,1727,4,3,17.58333333,F,4,4,7,6,5,3,6,6,5,5,4,6,7,7,5,7,6,2,5,4,4,6,6,6,6,4,5,5
17271086,17270084,1727,4,3,17.58333333,F,4,4,7,6,5,3,6,6,5,4,4,4,4,4,5,6,4,4,4,4,4,6,6,6,6,4,5,5
17271086,17270085,1727,4,3,17.58333333,F,4,4,7,6,5,3,6,6,5,4,4,6,6,5,5,6,5,4,5,4,4,6,6,6,6,4,5,5
17271087,17270082,1727,4,3,18.33333333,F,4,4,7,7,6,4,4,5,5,6,7,5,6,5,6,7,6,5,5,4,5,7,6,6,6,4,7,6
17271087,17270083,1727,4,3,18.33333333,F,4,4,7,7,6,4,4,5,5,5,4,5,7,7,6,7,6,4,4,4,5,7,6,6,6,4,7,6
17271087,17270084,1727,4,3,18.33333333,F,4,4,7,7,6,4,4,5,5,5,5,5,5,4,6,5,5,4,4,4,5,7,6,6,6,4,7,6
17271087,17270085,1727,4,3,18.33333333,F,4,4,7,7,6,4,4,5,5,5,6,6,7,6,5,6,6,4,5,4,5,7,6,6,6,4,7,6
17271088,17270082,1727,4,3,18.58333333,F,6,6,7,7,7,6,7,7,7,5,6,6,7,7,7,7,7,7,7,6,6,7,7,6,6,6,7,7
17271088,17270083,1727,4,3,18.58333333,F,6,6,7,7,7,6,7,7,7,6,6,6,7,7,7,7,7,6,6,6,6,7,7,6,6,6,7,7
17271088,17270084,1727,4,3,18.58333333,F,6,6,7,7,7,6,7,7,7,6,5,6,7,7,6,7,6,6,5,6,6,7,7,6,6,6,7,7
17271088,17270085,1727,4,3,18.58333333,F,6,6,7,7,7,6,7,7,7,4,4,5,6,5,6,6,5,7,4,6,6,7,7,6,6,6,7,7
17280086,17281089,1728,2,3,21.83333333,M,7,7,7,2,7,7,5,6,7,3,3,3,3,3,4,4,3,4,4,7,7,7,5,7,6,7,7,6
17280086,17281090,1728,2,3,21.83333333,M,7,7,7,2,7,7,5,6,7,2,2,3,4,5,4,4,4,4,5,7,7,7,5,7,6,7,7,6
17280086,17281091,1728,2,3,21.83333333,M,7,7,7,2,7,7,5,6,7,5,5,6,4,4,4,5,4,3,5,7,7,7,5,7,6,7,7,6
17280087,17281089,1728,2,3,17.83333333,M,5,5,5,2,5,5,4,4,5,4,4,4,5,5,5,4,4,3,5,6,6,7,5,6,5,6,5,6
17280087,17281090,1728,2,3,17.83333333,M,5,5,5,2,5,5,4,4,5,3,2,3,4,5,5,5,5,5,4,6,6,7,5,6,5,6,5,6
17280087,17281091,1728,2,3,17.83333333,M,5,5,5,2,5,5,4,4,5,5,4,5,5,4,4,3,4,5,4,6,6,7,5,6,5,6,5,6
17281089,17280086,1728,2,3,31.16666667,F,4,4,6,4,6,3,4,5,5,4,5,5,6,6,5,6,5,4,4,5,5,6,5,6,6,4,6,6
17281089,17280087,1728,2,3,31.16666667,F,4,4,6,4,6,3,4,5,5,5,5,5,6,7,5,6,6,4,4,5,5,6,5,6,6,4,6,6
17281090,17280086,1728,2,3,17.66666667,F,2,2,6,4,5,6,6,7,7,3,4,4,4,6,6,6,5,5,4,4,5,6,6,5,5,7,6,6
17281090,17280087,1728,2,3,17.66666667,F,2,2,6,4,5,6,6,7,7,5,4,4,5,5,5,5,5,4,4,4,5,6,6,5,5,7,6,6
17281091,17280086,1728,2,3,19.41666667,F,5,3,7,6,6,2,4,5,5,5,4,5,6,7,6,5,5,5,3,5,3,7,6,6,4,3,4,4
17281091,17280087,1728,2,3,19.41666667,F,5,3,7,6,6,2,4,5,5,6,4,5,6,6,6,6,5,4,5,5,3,7,6,6,4,3,4,4
17290088,17291092,1729,3,3,19.66666667,M,5,5,7,6,4,4,4,4,4,4,5,3,5,5,5,6,5,4,4,5,6,5,5,4,5,4,5,4
17290088,17291093,1729,3,3,19.66666667,M,5,5,7,6,4,4,4,4,4,5,6,5,5,5,5,5,5,5,5,5,6,5,5,4,5,4,5,4
17290088,17291094,1729,3,3,19.66666667,M,5,5,7,6,4,4,4,4,4,5,4,5,6,6,5,5,5,5,5,5,6,5,5,4,5,4,5,4
17290089,17291092,1729,3,3,19.41666667,M,6,4,5,2,5,2,4,4,3,3,4,4,5,4,4,4,3,4,5,5,5,5,4,5,5,4,6,6
17290089,17291093,1729,3,3,19.41666667,M,6,4,5,2,5,2,4,4,3,4,5,5,5,4,4,4,4,4,4,5,5,5,4,5,5,4,6,6
17290089,17291094,1729,3,3,19.41666667,M,6,4,5,2,5,2,4,4,3,4,3,3,5,5,4,4,4,4,4,5,5,5,4,5,5,4,6,6
17290090,17291092,1729,3,3,20.75,M,4,4,4,4,4,4,4,4,4,4,4,4,4,4,4,4,4,4,2,4,4,4,4,4,4,4,4,4
17290090,17291093,1729,3,3,20.75,M,4,4,4,4,4,4,4,4,4,3,3,4,4,5,4,4,4,4,3,4,4,4,4,4,4,4,4,4
17290090,17291094,1729,3,3,20.75,M,4,4,4,4,4,4,4,4,4,4,4,5,6,6,5,5,5,5,5,4,4,4,4,4,4,4,4,4
17291092,17290088,1729,3,3,18.91666667,F,6,5,6,6,5,3,5,4,5,5,6,5,6,6,5,6,5,3,3,6,6,5,6,5,4,3,5,5
17291092,17290089,1729,3,3,18.91666667,F,6,5,6,6,5,3,5,4,5,4,5,4,5,3,5,5,3,4,3,6,6,5,6,5,4,3,5,5
17291092,17290090,1729,3,3,18.91666667,F,6,5,6,6,5,3,5,4,5,4,5,4,5,5,5,5,5,4,4,6,6,5,6,5,4,3,5,5
17291093,17290088,1729,3,3,18.83333333,F,4,5,7,6,6,6,6,7,7,4,4,5,7,5,6,7,5,3,5,5,6,6,5,5,6,6,5,6
17291093,17290089,1729,3,3,18.83333333,F,4,5,7,6,6,6,6,7,7,3,5,4,6,5,5,7,4,4,4,5,6,6,5,5,6,6,5,6
17291093,17290090,1729,3,3,18.83333333,F,4,5,7,6,6,6,6,7,7,3,5,4,6,6,6,7,4,4,4,5,6,6,5,5,6,6,5,6
17291094,17290088,1729,3,3,20.16666667,F,7,6,6,7,6,6,6,5,6,6,7,6,7,7,7,6,6,5,5,7,6,7,7,6,6,6,5,5
17291094,17290089,1729,3,3,20.16666667,F,7,6,6,7,6,6,6,5,6,5,1,7,5,5,5,6,5,2,5,7,6,7,7,6,6,6,5,5
17291094,17290090,1729,3,3,20.16666667,F,7,6,6,7,6,6,6,5,6,2,3,3,4,5,6,6,5,3,5,7,6,7,7,6,6,6,5,5
17300091,17301095,1730,2,2,18.66666667,M,5,5,7,6,6,5,6,6,4,5,2,5,6,6,5,7,6,6,4,5,5,7,5,6,6,4,6,7
17300091,17301096,1730,2,2,18.66666667,M,5,5,7,6,6,5,6,6,4,6,5,6,6,7,6,7,6,4,5,5,5,7,5,6,6,4,6,7
17300092,17301095,1730,2,2,23.08333333,M,5,4,6,2,6,5,6,6,7,5,4,5,6,6,5,4,4,4,5,5,4,5,3,6,6,5,5,7
17300092,17301096,1730,2,2,23.08333333,M,5,4,6,2,6,5,6,6,7,6,5,5,5,5,5,5,4,4,4,5,4,5,3,6,6,5,5,7
17301095,17300091,1730,2,2,18.16666667,F,4,5,7,5,6,2,4,6,6,6,6,6,6,5,6,6,4,2,3,5,5,7,6,6,5,3,5,6
17301095,17300092,1730,2,2,18.16666667,F,4,5,7,5,6,2,4,6,6,4,3,4,5,6,5,6,5,4,4,5,5,7,6,6,5,3,5,6
17301096,17300091,1730,2,2,19.83333333,F,6,6,7,6,5,4,7,6,5,5,5,5,6,5,5,7,5,5,4,6,6,7,7,7,6,7,6,7
17301096,17300092,1730,2,2,19.83333333,F,6,6,7,6,5,4,7,6,5,NA,2,3,5,4,5,6,3,4,3,6,6,7,7,7,6,7,6,7
17310093,NA,1731,1,3,18.5,M,6,7,7,4,5,4,4,4,4,NA,NA,NA,NA,NA,NA,NA,NA,NA,NA,7,7,7,6,7,5,6,5,5
17311097,NA,1731,1,3,17.83333333,F,4,5,7,7,7,5,6,7,7,NA,NA,NA,NA,NA,NA,NA,NA,NA,NA,5,6,6,7,7,5,5,7,7
17311098,NA,1731,1,3,19.66666667,F,2,2,7,5,5,5,5,6,6,NA,NA,NA,NA,NA,NA,NA,NA,NA,NA,5,4,7,6,6,6,3,5,6
17311099,NA,1731,1,3,24.66666667,F,5,5,6,4,5,4,5,4,4,NA,NA,NA,NA,NA,NA,NA,NA,NA,NA,5,4,6,5,5,5,5,4,4
18011001,18012003,1801,3,4,22.58333333,M,4,3,5,5,5,4,6,4,4,5,6,7,5,6,5,5,5,4,3,5,4,6,5,6,6,4,4,4
18011001,18012002,1801,3,4,22.58333333,M,4,3,5,5,5,4,6,4,4,6,5,5,5,5,5,5,4,4,3,5,4,6,5,6,6,4,4,4
18011001,18012001,1801,3,4,22.58333333,M,4,3,5,5,5,4,6,4,4,5,5,4,5,5,4,4,5,4,3,5,4,6,5,6,6,4,4,4
18011001,18012004,1801,3,4,22.58333333,M,4,3,5,5,5,4,6,4,4,4,4,4,5,6,4,5,4,3,2,5,4,6,5,6,6,4,4,4
18011002,18012001,1801,3,4,17.66666667,M,4,3,7,7,6,7,6,7,5,5,5,5,6,6,6,4,5,3,3,6,5,7,7,6,6,7,7,6
18011002,18012004,1801,3,4,17.66666667,M,4,3,7,7,6,7,6,7,5,4,4,5,5,6,4,4,5,4,2,6,5,7,7,6,6,7,7,6
18011002,18012003,1801,3,4,17.66666667,M,4,3,7,7,6,7,6,7,5,5,5,6,6,6,6,6,4,6,3,6,5,7,7,6,6,7,7,6
18011002,18012002,1801,3,4,17.66666667,M,4,3,7,7,6,7,6,7,5,4,4,5,6,6,3,3,4,5,3,6,5,7,7,6,6,7,7,6
18011003,18012002,1801,3,4,21.08333333,M,6,6,6,5,6,6,6,6,6,6,5,5,6,6,5,6,5,4,5,7,7,7,5,7,7,7,7,7
18011003,18012001,1801,3,4,21.08333333,M,6,6,6,5,6,6,6,6,6,4,4,4,4,4,5,4,5,3,4,7,7,7,5,7,7,7,7,7
18011003,18012004,1801,3,4,21.08333333,M,6,6,6,5,6,6,6,6,6,3,3,4,4,3,5,4,4,4,5,7,7,7,5,7,7,7,7,7
18011003,18012003,1801,3,4,21.08333333,M,6,6,6,5,6,6,6,6,6,6,6,6,6,6,6,6,6,4,6,7,7,7,5,7,7,7,7,7
18012001,18011003,1801,3,4,17.91666667,F,4,4,6,4,5,1,5,7,4,5,5,5,5,5,3,5,4,3,4,6,5,6,4,5,4,4,6,5
18012001,18011002,1801,3,4,17.91666667,F,4,4,6,4,5,1,5,7,4,4,5,5,3,4,5,4,4,5,4,6,5,6,4,5,4,4,6,5
18012001,18011001,1801,3,4,17.91666667,F,4,4,6,4,5,1,5,7,4,5,5,5,4,5,3,5,5,3,4,6,5,6,4,5,4,4,6,5
18012002,18011001,1801,3,4,17.91666667,F,5,5,7,4,5,2,4,4,3,5,5,5,6,5,4,5,5,4,3,5,5,6,6,6,4,3,5,3
18012002,18011003,1801,3,4,17.91666667,F,5,5,7,4,5,2,4,4,3,4,4,5,5,6,5,5,4,3,2,5,5,6,6,6,4,3,5,3
18012002,18011002,1801,3,4,17.91666667,F,5,5,7,4,5,2,4,4,3,4,4,4,5,4,4,4,4,3,2,5,5,6,6,6,4,3,5,3
18012003,18011003,1801,3,4,19.16666667,F,2,4,7,6,6,3,3,6,6,5,6,5,6,7,6,6,7,5,4,7,7,7,7,7,6,5,6,6
18012003,18011001,1801,3,4,19.16666667,F,2,4,7,6,6,3,3,6,6,6,6,6,7,7,4,6,7,4,5,7,7,7,7,7,6,5,6,6
18012003,18011002,1801,3,4,19.16666667,F,2,4,7,6,6,3,3,6,6,7,6,6,5,4,6,5,3,4,5,7,7,7,7,7,6,5,6,6
18012004,18011003,1801,3,4,17.66666667,F,4,5,7,6,4,3,7,7,6,4,4,4,6,5,4,6,4,5,1,5,5,7,6,5,7,4,6,5
18012004,18011001,1801,3,4,17.66666667,F,4,5,7,6,4,3,7,7,6,5,4,5,6,6,4,4,5,4,4,5,5,7,6,5,7,4,6,5
18012004,18011002,1801,3,4,17.66666667,F,4,5,7,6,4,3,7,7,6,4,4,4,6,4,4,5,2,4,2,5,5,7,6,5,7,4,6,5
18021004,18022005,1802,3,3,21.41666667,M,6,4,6,2,5,2,3,5,6,3,3,5,4,5,4,5,6,4,5,6,4,6,4,5,5,4,6,6
18021004,18022006,1802,3,3,21.41666667,M,6,4,6,2,5,2,3,5,6,4,3,5,5,5,4,4,5,4,5,6,4,6,4,5,5,4,6,6
18021004,18022007,1802,3,3,21.41666667,M,6,4,6,2,5,2,3,5,6,5,5,5,6,6,4,5,4,4,4,6,4,6,4,5,5,4,6,6
18021005,18022007,1802,3,3,28.5,M,5,2,7,5,7,2,5,3,4,6,5,5,6,5,6,6,4,3,3,4,4,6,5,6,6,3,4,5
18021005,18022005,1802,3,3,28.5,M,5,2,7,5,7,2,5,3,4,4,4,4,4,5,5,5,3,4,3,4,4,6,5,6,6,3,4,5
18021005,18022006,1802,3,3,28.5,M,5,2,7,5,7,2,5,3,4,2,5,3,5,5,3,6,4,3,3,4,4,6,5,6,6,3,4,5
18021006,18022007,1802,3,3,18,M,6,6,6,6,7,6,5,6,6,3,3,3,3,6,6,6,5,4,4,6,6,5,6,7,5,5,6,6
18021006,18022005,1802,3,3,18,M,6,6,6,6,7,6,5,6,6,3,2,3,5,5,5,6,5,4,4,6,6,5,6,7,5,5,6,6
18021006,18022006,1802,3,3,18,M,6,6,6,6,7,6,5,6,6,4,3,5,5,6,5,4,5,4,5,6,6,5,6,7,5,5,6,6
18022005,18021006,1802,3,3,17.83333333,F,3,3,7,5,6,3,4,5,5,4,6,5,5,3,5,5,4,4,4,5,4,6,5,6,4,4,7,7
18022005,18021004,1802,3,3,17.83333333,F,3,3,7,5,6,3,4,5,5,5,4,4,5,4,5,7,6,4,6,5,4,6,5,6,4,4,7,7
18022005,18021005,1802,3,3,17.83333333,F,3,3,7,5,6,3,4,5,5,3,4,3,5,6,5,4,5,4,6,5,4,6,5,6,4,4,7,7
18022006,18021006,1802,3,3,18.16666667,F,5,4,7,4,7,4,6,7,7,6,5,6,5,5,5,4,4,4,4,5,4,6,4,6,5,3,6,5
18022006,18021005,1802,3,3,18.16666667,F,5,4,7,4,7,4,6,7,7,3,3,3,4,5,5,5,4,4,4,5,4,6,4,6,5,3,6,5
18022006,18021004,1802,3,3,18.16666667,F,5,4,7,4,7,4,6,7,7,4,4,4,6,5,5,5,5,4,4,5,4,6,4,6,5,3,6,5
18022007,18021005,1802,3,3,17.66666667,F,5,5,7,6,5,3,5,7,6,1,1,2,4,2,3,2,2,4,4,6,7,7,6,5,6,4,6,6
18022007,18021004,1802,3,3,17.66666667,F,5,5,7,6,5,3,5,7,6,3,3,4,5,4,5,2,3,4,3,6,7,7,6,5,6,4,6,6
18022007,18021006,1802,3,3,17.66666667,F,5,5,7,6,5,3,5,7,6,5,4,5,7,4,4,6,4,4,4,6,7,7,6,5,6,4,6,6
18031007,18032010,1803,3,4,18.33333333,M,4,5,6,4,5,4,4,4,5,4,3,6,6,5,5,3,4,5,4,5,6,7,6,6,5,5,6,6
18031007,18032008,1803,3,4,18.33333333,M,4,5,6,4,5,4,4,4,5,5,5,5,5,6,5,3,5,5,5,5,6,7,6,6,5,5,6,6
18031007,18032009,1803,3,4,18.33333333,M,4,5,6,4,5,4,4,4,5,4,5,5,5,3,5,3,5,5,5,5,6,7,6,6,5,5,6,6
18031007,18032011,1803,3,4,18.33333333,M,4,5,6,4,5,4,4,4,5,4,5,5,5,5,5,4,5,6,7,5,6,7,6,6,5,5,6,6
18031008,18032011,1803,3,4,20.41666667,M,7,6,7,6,6,6,6,7,7,4,4,5,6,6,6,5,5,5,5,7,7,6,5,6,6,6,7,7
18031008,18032009,1803,3,4,20.41666667,M,7,6,7,6,6,6,6,7,7,4,4,4,6,5,6,5,5,5,5,7,7,6,5,6,6,6,7,7
18031008,18032008,1803,3,4,20.41666667,M,7,6,7,6,6,6,6,7,7,5,4,4,6,5,6,5,5,6,5,7,7,6,5,6,6,6,7,7
18031008,18032010,1803,3,4,20.41666667,M,7,6,7,6,6,6,6,7,7,4,4,4,5,3,5,4,4,4,5,7,7,6,5,6,6,6,7,7
18031009,18032011,1803,3,4,20.41666667,M,4,4,7,4,6,3,5,4,4,4,4,4,5,6,6,5,5,4,4,6,6,6,6,6,6,5,5,7
18031009,18032009,1803,3,4,20.41666667,M,4,4,7,4,6,3,5,4,4,5,4,4,5,3,4,4,6,4,4,6,6,6,6,6,6,5,5,7
18031009,18032010,1803,3,4,20.41666667,M,4,4,7,4,6,3,5,4,4,5,4,5,5,3,5,4,4,4,5,6,6,6,6,6,6,5,5,7
18031009,18032008,1803,3,4,20.41666667,M,4,4,7,4,6,3,5,4,4,5,5,6,6,6,5,5,5,5,4,6,6,6,6,6,6,5,5,7
18032008,18031007,1803,3,4,18.08333333,F,5,5,6,5,6,5,6,6,5,4,5,4,6,5,5,6,4,4,3,5,5,5,4,5,6,5,5,5
18032008,18031009,1803,3,4,18.08333333,F,5,5,6,5,6,5,6,6,5,4,5,4,6,3,5,5,3,3,4,5,5,5,4,5,6,5,5,5
18032008,18031008,1803,3,4,18.08333333,F,5,5,6,5,6,5,6,6,5,5,5,5,5,6,5,6,5,5,3,5,5,5,4,5,6,5,5,5
18032009,18031007,1803,3,4,17.41666667,F,5,4,7,3,7,1,5,4,3,3,4,5,6,6,6,7,7,4,5,5,4,7,4,7,6,2,5,5
18032009,18031008,1803,3,4,17.41666667,F,5,4,7,3,7,1,5,4,3,4,4,5,4,6,6,5,6,5,3,5,4,7,4,7,6,2,5,5
18032009,18031009,1803,3,4,17.41666667,F,5,4,7,3,7,1,5,4,3,2,5,5,6,3,7,5,3,4,5,5,4,7,4,7,6,2,5,5
18032010,18031008,1803,3,4,18.33333333,F,4,4,7,7,7,6,6,7,7,5,6,6,6,7,6,5,7,4,4,5,5,7,7,7,6,6,7,7
18032010,18031009,1803,3,4,18.33333333,F,4,4,7,7,7,6,6,7,7,2,4,3,5,5,5,4,3,4,4,5,5,7,7,7,6,6,7,7
18032010,18031007,1803,3,4,18.33333333,F,4,4,7,7,7,6,6,7,7,6,5,5,6,6,6,7,6,4,4,5,5,7,7,7,6,6,7,7
18032011,18031008,1803,3,4,17.58333333,F,5,4,6,5,5,6,4,6,6,3,4,5,4,4,5,3,5,3,4,5,3,6,5,4,4,5,6,5
18032011,18031007,1803,3,4,17.58333333,F,5,4,6,5,5,6,4,6,6,4,4,4,6,4,6,6,5,4,5,5,3,6,5,4,4,5,6,5
18032011,18031009,1803,3,4,17.58333333,F,5,4,6,5,5,6,4,6,6,3,3,3,5,4,5,4,3,4,4,5,3,6,5,4,4,5,6,5
18041010,18042014,1804,4,4,36.08333333,M,5,5,7,5,5,5,5,6,5,7,6,7,5,7,6,6,7,4,5,5,5,7,6,6,6,6,6,6
18041010,18042012,1804,4,4,36.08333333,M,5,5,7,5,5,5,5,6,5,7,4,7,5,3,6,5,5,6,5,5,5,7,6,6,6,6,6,6
18041010,18042015,1804,4,4,36.08333333,M,5,5,7,5,5,5,5,6,5,6,5,6,6,6,6,7,6,6,5,5,5,7,6,6,6,6,6,6
18041010,18042013,1804,4,4,36.08333333,M,5,5,7,5,5,5,5,6,5,6,5,5,6,6,7,6,5,4,6,5,5,7,6,6,6,6,6,6
18041011,18042015,1804,4,4,17.91666667,M,6,6,5,1,5,1,5,5,6,6,6,6,6,5,5,7,5,5,5,7,7,7,3,5,5,3,5,6
18041011,18042013,1804,4,4,17.91666667,M,6,6,5,1,5,1,5,5,6,3,4,3,5,6,5,5,4,6,3,7,7,7,3,5,5,3,5,6
18041011,18042012,1804,4,4,17.91666667,M,6,6,5,1,5,1,5,5,6,6,6,6,5,3,6,5,4,5,5,7,7,7,3,5,5,3,5,6
18041011,18042014,1804,4,4,17.91666667,M,6,6,5,1,5,1,5,5,6,4,5,4,5,6,6,5,3,4,2,7,7,7,3,5,5,3,5,6
18041012,18042014,1804,4,4,19.08333333,M,6,6,7,5,6,3,4,5,4,5,6,5,7,5,5,6,5,4,4,6,6,6,5,5,4,4,6,4
18041012,18042015,1804,4,4,19.08333333,M,6,6,7,5,6,3,4,5,4,5,6,5,5,5,3,6,4,4,5,6,6,6,5,5,4,4,6,4
18041012,18042013,1804,4,4,19.08333333,M,6,6,7,5,6,3,4,5,4,4,4,4,6,5,6,5,5,5,4,6,6,6,5,5,4,4,6,4
18041012,18042012,1804,4,4,19.08333333,M,6,6,7,5,6,3,4,5,4,4,4,5,5,4,5,4,4,4,5,6,6,6,5,5,4,4,6,4
18041013,18042013,1804,4,4,21.91666667,M,7,7,7,1,1,1,1,3,7,6,6,4,6,6,4,4,5,5,6,7,7,1,4,4,4,7,5,7
18041013,18042014,1804,4,4,21.91666667,M,7,7,7,1,1,1,1,3,7,6,6,4,4,4,4,4,4,4,3,7,7,1,4,4,4,7,5,7
18041013,18042015,1804,4,4,21.91666667,M,7,7,7,1,1,1,1,3,7,5,5,4,4,4,4,4,4,4,2,7,7,1,4,4,4,7,5,7
18041013,18042012,1804,4,4,21.91666667,M,7,7,7,1,1,1,1,3,7,4,4,3,4,4,4,4,4,4,1,7,7,1,4,4,4,7,5,7
18042012,18041010,1804,4,4,18.08333333,F,5,5,6,4,5,5,5,6,5,4,4,4,5,6,5,4,6,5,4,5,5,6,6,6,6,5,6,5
18042012,18041012,1804,4,4,18.08333333,F,5,5,6,4,5,5,5,6,5,3,4,4,4,5,4,4,5,4,4,5,5,6,6,6,6,5,6,5
18042012,18041013,1804,4,4,18.08333333,F,5,5,6,4,5,5,5,6,5,4,4,4,4,2,4,4,2,4,3,5,5,6,6,6,6,5,6,5
18042012,18041011,1804,4,4,18.08333333,F,5,5,6,4,5,5,5,6,5,3,3,3,4,5,4,4,4,4,4,5,5,6,6,6,6,5,6,5
18042013,18041011,1804,4,4,18.08333333,F,6,6,7,4,4,4,5,7,6,2,5,3,6,3,5,7,3,3,4,6,6,7,5,7,6,4,6,7
18042013,18041012,1804,4,4,18.08333333,F,6,6,7,4,4,4,5,7,6,4,5,5,5,3,6,4,5,3,5,6,6,7,5,7,6,4,6,7
18042013,18041013,1804,4,4,18.08333333,F,6,6,7,4,4,4,5,7,6,3,4,2,6,2,3,3,1,2,4,6,6,7,5,7,6,4,6,7
18042013,18041010,1804,4,4,18.08333333,F,6,6,7,4,4,4,5,7,6,1,1,2,6,3,6,6,3,4,4,6,6,7,5,7,6,4,6,7
18042014,18041011,1804,4,4,18.33333333,F,5,6,6,5,6,3,4,6,6,4,5,4,7,6,4,5,3,2,4,6,7,5,6,6,4,1,6,6
18042014,18041012,1804,4,4,18.33333333,F,5,6,6,5,6,3,4,6,6,5,6,6,5,5,5,3,6,4,5,6,7,5,6,6,4,1,6,6
18042014,18041010,1804,4,4,18.33333333,F,5,6,6,5,6,3,4,6,6,2,3,4,5,6,5,6,6,4,5,6,7,5,6,6,4,1,6,6
18042014,18041013,1804,4,4,18.33333333,F,5,6,6,5,6,3,4,6,6,4,5,3,4,2,4,3,1,3,4,6,7,5,6,6,4,1,6,6
18042015,18041011,1804,4,4,18.5,F,5,4,7,7,7,5,7,4,5,3,4,4,7,5,4,6,4,4,4,5,4,6,6,6,7,6,4,5
18042015,18041013,1804,4,4,18.5,F,5,4,7,7,7,5,7,4,5,4,4,3,4,6,4,4,2,5,4,5,4,6,6,6,7,6,4,5
18042015,18041010,1804,4,4,18.5,F,5,4,7,7,7,5,7,4,5,4,4,4,5,4,6,6,5,6,3,5,4,6,6,6,7,6,4,5
18042015,18041012,1804,4,4,18.5,F,5,4,7,7,7,5,7,4,5,5,4,5,4,4,5,5,5,4,4,5,4,6,6,6,7,6,4,5
18051014,18052017,1805,3,3,17.41666667,M,6,6,4,5,6,3,5,5,5,4,6,4,4,4,4,4,4,4,4,7,7,4,6,6,5,4,5,6
18051014,18052018,1805,3,3,17.41666667,M,6,6,4,5,6,3,5,5,5,4,4,4,4,5,6,5,4,6,4,7,7,4,6,6,5,4,5,6
18051014,18052016,1805,3,3,17.41666667,M,6,6,4,5,6,3,5,5,5,4,5,5,6,6,5,5,4,6,4,7,7,4,6,6,5,4,5,6
18051015,18052017,1805,3,3,17.91666667,M,4,4,7,5,5,5,4,6,6,4,5,4,4,4,5,5,4,4,4,4,4,6,6,5,4,4,6,6
18051015,18052018,1805,3,3,17.91666667,M,4,4,7,5,5,5,4,6,6,6,5,6,4,6,6,6,5,6,4,4,4,6,6,5,4,4,6,6
18051015,18052016,1805,3,3,17.91666667,M,4,4,7,5,5,5,4,6,6,3,3,3,6,4,4,6,3,6,3,4,4,6,6,5,4,4,6,6
18051016,18052018,1805,3,3,17.83333333,M,4,4,5,5,7,4,3,7,7,5,4,6,3,5,5,4,4,4,4,7,7,7,7,7,7,7,7,7
18051016,18052016,1805,3,3,17.83333333,M,4,4,5,5,7,4,3,7,7,3,5,4,6,5,4,6,3,3,3,7,7,7,7,7,7,7,7,7
18051016,18052017,1805,3,3,17.83333333,M,4,4,5,5,7,4,3,7,7,5,5,5,4,4,5,4,5,4,4,7,7,7,7,7,7,7,7,7
18052016,18051016,1805,3,3,19.16666667,F,5,5,7,6,6,4,4,5,3,4,4,5,5,4,5,5,4,4,4,6,5,7,6,7,5,6,5,5
18052016,18051015,1805,3,3,19.16666667,F,5,5,7,6,6,4,4,5,3,4,3,3,4,3,4,4,3,4,3,6,5,7,6,7,5,6,5,5
18052016,18051014,1805,3,3,19.16666667,F,5,5,7,6,6,4,4,5,3,6,5,5,6,5,5,5,6,5,4,6,5,7,6,7,5,6,5,5
18052017,18051014,1805,3,3,17.66666667,F,5,6,7,4,5,3,6,6,5,4,3,4,5,5,4,6,4,4,4,5,5,6,5,5,5,4,6,6
18052017,18051016,1805,3,3,17.66666667,F,5,6,7,4,5,3,6,6,5,4,3,3,7,5,6,6,5,4,4,5,5,6,5,5,5,4,6,6
18052017,18051015,1805,3,3,17.66666667,F,5,6,7,4,5,3,6,6,5,4,3,3,5,2,6,4,3,4,3,5,5,6,5,5,5,4,6,6
18052018,18051015,1805,3,3,17.91666667,F,3,4,6,5,5,4,5,6,4,4,4,4,5,3,5,4,4,4,4,4,4,6,5,5,5,5,6,5
18052018,18051016,1805,3,3,17.91666667,F,3,4,6,5,5,4,5,6,4,4,4,4,6,6,4,5,6,4,4,4,4,6,5,5,5,5,6,5
18052018,18051014,1805,3,3,17.91666667,F,3,4,6,5,5,4,5,6,4,4,4,4,5,5,4,5,5,4,5,4,4,6,5,5,5,5,6,5
18061017,18062021,1806,3,3,22.08333333,M,5,5,5,3,5,3,5,3,4,3,3,4,5,5,4,3,4,3,4,5,5,5,5,6,5,5,5,5
18061017,18062020,1806,3,3,22.08333333,M,5,5,5,3,5,3,5,3,4,2,2,4,5,4,5,4,5,5,3,5,5,5,5,6,5,5,5,5
18061017,18062022,1806,3,3,22.08333333,M,5,5,5,3,5,3,5,3,4,4,4,4,5,5,5,4,4,5,3,5,5,5,5,6,5,5,5,5
18061017,18062019,1806,3,3,22.08333333,M,5,5,5,3,5,3,5,3,4,3,4,4,5,5,4,4,4,5,3,5,5,5,5,6,5,5,5,5
18061018,18062021,1806,3,3,20,M,5,5,6,5,6,4,6,5,5,5,6,5,5,5,5,4,6,4,6,5,5,6,6,6,5,4,5,5
18061018,18062022,1806,3,3,20,M,5,5,6,5,6,4,6,5,5,3,4,4,5,6,5,3,5,3,4,5,5,6,6,6,5,4,5,5
18061018,18062020,1806,3,3,20,M,5,5,6,5,6,4,6,5,5,2,2,4,3,4,5,4,5,3,5,5,5,6,6,6,5,4,5,5
18061018,18062019,1806,3,3,20,M,5,5,6,5,6,4,6,5,5,4,4,4,4,5,3,3,3,3,3,5,5,6,6,6,5,4,5,5
18061019,18062020,1806,3,3,18.25,M,5,4,6,5,4,4,6,7,6,2,2,3,6,7,5,6,5,5,5,5,6,4,4,5,4,6,6,4
18061019,18062019,1806,3,3,18.25,M,5,4,6,5,4,4,6,7,6,5,4,5,5,5,5,6,4,4,4,5,6,4,4,5,4,6,6,4
18061019,18062021,1806,3,3,18.25,M,5,4,6,5,4,4,6,7,6,3,5,4,6,4,5,5,4,4,4,5,6,4,4,5,4,6,6,4
18061019,18062022,1806,3,3,18.25,M,5,4,6,5,4,4,6,7,6,5,4,5,5,6,5,4,5,4,5,5,6,4,4,5,4,6,6,4
18062019,18061017,1806,3,3,20.58333333,F,5,5,7,6,6,4,6,6,6,4,4,5,5,4,5,4,5,3,4,5,5,7,6,6,6,4,6,6
18062019,18061018,1806,3,3,20.58333333,F,5,5,7,6,6,4,6,6,6,4,4,5,6,6,6,5,3,3,3,5,5,7,6,6,6,4,6,6
18062019,18061019,1806,3,3,20.58333333,F,5,5,7,6,6,4,6,6,6,5,5,5,6,6,6,6,4,4,3,5,5,7,6,6,6,4,6,6
18062020,18061018,1806,3,3,18.41666667,F,3,3,7,6,6,5,5,7,7,4,4,5,7,3,5,5,5,4,6,4,5,7,6,6,6,5,7,7
18062020,18061019,1806,3,3,18.41666667,F,3,3,7,6,6,5,5,7,7,5,6,6,5,6,5,4,5,4,4,4,5,7,6,6,6,5,7,7
18062020,18061017,1806,3,3,18.41666667,F,3,3,7,6,6,5,5,7,7,5,6,4,4,3,5,5,4,6,6,4,5,7,6,6,6,5,7,7
18062021,18061018,1806,3,3,17.5,F,5,5,7,5,6,5,5,6,6,5,5,5,7,6,6,7,6,4,5,5,5,7,5,6,5,5,6,6
18062021,18061019,1806,3,3,17.5,F,5,5,7,5,6,5,5,6,6,5,5,6,5,7,6,5,6,5,5,5,5,7,5,6,5,5,6,6
18062021,18061017,1806,3,3,17.5,F,5,5,7,5,6,5,5,6,6,5,5,4,6,5,6,5,5,4,4,5,5,7,5,6,5,5,6,6
18062022,18061018,1806,3,3,19.75,F,5,5,7,7,6,3,4,4,4,4,4,4,6,6,5,6,4,4,4,6,5,6,7,5,4,4,5,5
18062022,18061017,1806,3,3,19.75,F,5,5,7,7,6,3,4,4,4,6,4,6,5,5,6,5,5,5,4,6,5,6,7,5,4,4,5,5
18062022,18061019,1806,3,3,19.75,F,5,5,7,7,6,3,4,4,4,6,5,6,6,6,6,6,6,5,4,6,5,6,7,5,4,4,5,5
18071020,18072025,1807,4,3,19.16666667,M,4,4,5,5,6,6,3,4,6,3,6,5,6,5,5,4,4,4,3,5,5,6,5,6,3,6,5,6
18071020,18072024,1807,4,3,19.16666667,M,4,4,5,5,6,6,3,4,6,5,6,5,6,6,5,5,4,4,4,5,5,6,5,6,3,6,5,6
18071020,18072023,1807,4,3,19.16666667,M,4,4,5,5,6,6,3,4,6,2,4,3,5,5,5,5,4,3,4,5,5,6,5,6,3,6,5,6
18071021,18072023,1807,4,3,19,M,4,3,7,6,6,2,7,5,3,4,5,4,5,4,6,7,6,7,5,5,4,7,6,6,7,6,5,4
18071021,18072024,1807,4,3,19,M,4,3,7,6,6,2,7,5,3,5,4,5,5,4,5,6,4,5,3,5,4,7,6,6,7,6,5,4
18071021,18072025,1807,4,3,19,M,4,3,7,6,6,2,7,5,3,3,4,2,5,3,5,4,3,4,2,5,4,7,6,6,7,6,5,4
18071022,18072025,1807,4,3,17.75,M,5,5,7,5,7,4,6,4,5,5,5,5,5,5,5,4,4,4,3,5,5,7,5,7,6,4,4,5
18071022,18072024,1807,4,3,17.75,M,5,5,7,5,7,4,6,4,5,5,5,5,6,6,6,4,5,4,4,5,5,7,5,7,6,4,4,5
18071022,18072023,1807,4,3,17.75,M,5,5,7,5,7,4,6,4,5,5,5,5,6,6,6,6,4,4,4,5,5,7,5,7,6,4,4,5
18071023,18072024,1807,4,3,18.25,M,5,5,3,3,5,3,4,3,4,4,5,5,4,6,4,5,5,4,5,5,5,3,3,5,3,3,3,4
18071023,18072026,1807,4,3,18.25,M,5,5,3,3,5,3,4,3,4,4,5,5,5,4,5,5,4,4,4,5,5,3,3,5,3,3,3,4
18071023,18072023,1807,4,3,18.25,M,5,5,3,3,5,3,4,3,4,4,4,4,4,3,4,3,3,4,4,5,5,3,3,5,3,3,3,4
18072023,18071020,1807,4,3,21.33333333,F,5,3,7,6,4,3,4,5,4,6,6,6,6,6,5,5,6,4,4,5,4,7,6,5,5,4,5,5
18072023,18071022,1807,4,3,21.33333333,F,5,3,7,6,4,3,4,5,4,5,4,5,6,6,6,6,6,4,4,5,4,7,6,5,5,4,5,5
18072023,18071021,1807,4,3,21.33333333,F,5,3,7,6,4,3,4,5,4,4,4,4,7,5,6,7,5,4,4,5,4,7,6,5,5,4,5,5
18072023,18071023,1807,4,3,21.33333333,F,5,3,7,6,4,3,4,5,4,5,5,5,5,4,5,4,4,4,3,5,4,7,6,5,5,4,5,5
18072024,18071021,1807,4,3,19.25,F,5,5,7,5,4,4,4,5,5,4,4,4,6,5,6,6,5,4,5,6,4,7,6,6,5,5,6,6
18072024,18071020,1807,4,3,19.25,F,5,5,7,5,4,4,4,5,5,5,5,5,5,5,6,6,4,4,4,6,4,7,6,6,5,5,6,6
18072024,18071022,1807,4,3,19.25,F,5,5,7,5,4,4,4,5,5,4,3,4,5,5,6,6,4,4,5,6,4,7,6,6,5,5,6,6
18072024,18071023,1807,4,3,19.25,F,5,5,7,5,4,4,4,5,5,4,3,4,4,4,5,5,4,4,4,6,4,7,6,6,5,5,6,6
18072025,18071021,1807,4,3,17.83333333,F,6,5,7,2,5,2,6,5,4,3,4,3,6,5,5,6,4,4,3,6,6,7,4,6,7,4,5,6
18072025,18071020,1807,4,3,17.83333333,F,6,5,7,2,5,2,6,5,4,6,5,5,5,7,6,4,6,4,3,6,6,7,4,6,7,4,5,6
18072025,18071023,1807,4,3,17.83333333,F,6,5,7,2,5,2,6,5,4,3,4,3,4,3,5,4,3,5,3,6,6,7,4,6,7,4,5,6
18072025,18071022,1807,4,3,17.83333333,F,6,5,7,2,5,2,6,5,4,3,4,NA,6,6,5,6,4,4,3,6,6,7,4,6,7,4,5,6
18081024,18082026,1808,2,2,20.25,M,7,4,6,3,7,4,5,5,7,4,4,4,6,6,7,5,4,6,4,6,4,5,4,6,3,5,5,7
18081024,18082027,1808,2,2,20.25,M,7,4,6,3,7,4,5,5,7,5,6,5,5,6,5,4,5,5,5,6,4,5,4,6,3,5,5,7
18081025,18082026,1808,2,2,23,M,7,6,7,4,6,6,5,6,6,4,5,4,5,6,6,4,4,5,6,7,6,7,5,7,5,6,6,7
18081025,18082027,1808,2,2,23,M,7,6,7,4,6,6,5,6,6,6,5,6,6,6,7,7,5,7,6,7,6,7,5,7,5,6,6,7
18082026,18081024,1808,2,2,17.91666667,F,2,2,7,3,4,5,4,5,4,6,6,6,6,7,7,7,5,6,3,5,5,7,6,6,4,5,5,5
18082026,18081025,1808,2,2,17.91666667,F,2,2,7,3,4,5,4,5,4,6,6,6,6,6,5,6,5,5,3,5,5,7,6,6,4,5,5,5
18082027,18081024,1808,2,2,18.91666667,F,4,4,7,6,6,5,5,5,4,4,5,5,5,6,5,5,6,5,4,6,6,7,7,6,6,5,6,6
18082027,18081025,1808,2,2,18.91666667,F,4,4,7,6,6,5,5,5,4,5,6,5,6,6,5,6,5,4,4,6,6,7,7,6,6,5,6,6
18091026,18092031,1809,3,4,19.41666667,M,5,5,7,5,7,5,5,7,4,4,3,4,5,5,5,5,5,4,3,5,5,6,6,6,5,5,6,5
18091026,18092028,1809,3,4,19.41666667,M,5,5,7,5,7,5,5,7,4,3,4,4,5,6,5,6,4,4,4,5,5,6,6,6,5,5,6,5
18091026,18092030,1809,3,4,19.41666667,M,5,5,7,5,7,5,5,7,4,5,4,5,5,5,5,4,4,4,3,5,5,6,6,6,5,5,6,5
18091026,18092029,1809,3,4,19.41666667,M,5,5,7,5,7,5,5,7,4,5,5,5,5,6,5,4,6,5,3,5,5,6,6,6,5,5,6,5
18091027,18092028,1809,3,4,19.83333333,M,2,6,4,4,6,6,5,3,4,3,3,3,5,5,5,4,4,4,4,5,7,5,6,6,5,6,4,5
18091027,18092030,1809,3,4,19.83333333,M,2,6,4,4,6,6,5,3,4,3,6,5,5,5,4,5,4,4,4,5,7,5,6,6,5,6,4,5
18091027,18092031,1809,3,4,19.83333333,M,2,6,4,4,6,6,5,3,4,4,2,3,4,3,5,4,4,4,4,5,7,5,6,6,5,6,4,5
18091027,18092029,1809,3,4,19.83333333,M,2,6,4,4,6,6,5,3,4,5,3,5,5,5,4,5,4,4,4,5,7,5,6,6,5,6,4,5
18091028,18092029,1809,3,4,17.33333333,M,6,4,7,5,6,5,6,4,4,4,4,5,5,7,6,6,5,6,4,6,6,7,5,6,6,6,5,4
18091028,18092031,1809,3,4,17.33333333,M,6,4,7,5,6,5,6,4,4,3,3,5,6,5,6,6,4,5,3,6,6,7,5,6,6,6,5,4
18091028,18092028,1809,3,4,17.33333333,M,6,4,7,5,6,5,6,4,4,5,5,6,6,6,7,5,5,5,5,6,6,7,5,6,6,6,5,4
18091028,18092030,1809,3,4,17.33333333,M,6,4,7,5,6,5,6,4,4,5,5,6,6,5,6,5,4,5,4,6,6,7,5,6,6,6,5,4
18092028,18091028,1809,3,4,17.5,F,5,5,6,7,7,6,6,6,6,4,5,4,6,5,6,7,5,5,4,5,5,6,6,6,6,5,7,7
18092028,18091026,1809,3,4,17.5,F,5,5,6,7,7,6,6,6,6,3,2,4,7,7,5,7,6,5,5,5,5,6,6,6,6,5,7,7
18092028,18091027,1809,3,4,17.5,F,5,5,6,7,7,6,6,6,6,4,5,5,6,7,5,6,6,5,5,5,5,6,6,6,6,5,7,7
18092029,18091026,1809,3,4,17.41666667,F,5,5,7,7,7,5,7,7,5,5,4,5,5,7,6,5,6,4,6,5,5,7,7,6,6,5,7,7
18092029,18091027,1809,3,4,17.41666667,F,5,5,7,7,7,5,7,7,5,4,4,4,6,5,6,7,5,7,6,5,5,7,7,6,6,5,7,7
18092029,18091028,1809,3,4,17.41666667,F,5,5,7,7,7,5,7,7,5,4,4,3,7,4,6,5,3,4,5,5,5,7,7,6,6,5,7,7
18092030,18091027,1809,3,4,19,F,1,1,6,5,5,3,3,5,5,4,4,4,4,4,4,4,4,4,2,4,4,6,5,5,4,4,6,5
18092030,18091028,1809,3,4,19,F,1,1,6,5,5,3,3,5,5,4,4,4,5,3,4,4,3,4,2,4,4,6,5,5,4,4,6,5
18092030,18091026,1809,3,4,19,F,1,1,6,5,5,3,3,5,5,4,4,4,5,5,4,5,5,5,3,4,4,6,5,5,4,4,6,5
18092031,18091026,1809,3,4,29.41666667,F,5,5,7,5,6,4,6,4,2,6,5,6,6,6,6,6,6,5,5,5,5,7,6,6,6,5,5,4
18092031,18091027,1809,3,4,29.41666667,F,5,5,7,5,6,4,6,4,2,4,5,5,5,4,5,4,3,3,3,5,5,7,6,6,6,5,5,4
18092031,18091028,1809,3,4,29.41666667,F,5,5,7,5,6,4,6,4,2,5,6,5,6,4,6,5,3,3,3,5,5,7,6,6,6,5,5,4
18101029,18102032,1810,3,3,20.33333333,M,6,6,7,6,6,5,6,6,5,2,2,3,5,5,5,4,4,5,3,6,5,7,6,5,5,5,6,5
18101029,18102033,1810,3,3,20.33333333,M,6,6,7,6,6,5,6,6,5,2,2,4,5,5,5,4,3,5,4,6,5,7,6,5,5,5,6,5
18101029,18102034,1810,3,3,20.33333333,M,6,6,7,6,6,5,6,6,5,2,2,2,3,3,3,3,3,3,4,6,5,7,6,5,5,5,6,5
18101030,18102033,1810,3,3,22.66666667,M,5,5,5,5,5,4,5,5,5,1,1,1,4,5,4,4,3,4,2,5,4,4,5,4,4,4,4,4
18101030,18102032,1810,3,3,22.66666667,M,5,5,5,5,5,4,5,5,5,2,2,3,5,5,4,4,4,6,3,5,4,4,5,4,4,4,4,4
18101030,18102034,1810,3,3,22.66666667,M,5,5,5,5,5,4,5,5,5,2,2,3,4,3,4,5,3,5,1,5,4,4,5,4,4,4,4,4
18101031,18102032,1810,3,3,17.91666667,M,5,4,6,3,5,3,5,5,6,4,3,5,5,5,5,5,5,3,5,4,4,5,4,5,5,3,5,5
18101031,18102034,1810,3,3,17.91666667,M,5,4,6,3,5,3,5,5,6,5,5,5,5,5,5,5,5,5,5,4,4,5,4,5,5,3,5,5
18101031,18102033,1810,3,3,17.91666667,M,5,4,6,3,5,3,5,5,6,5,5,5,4,5,4,4,5,5,5,4,4,5,4,5,5,3,5,5
18102032,18101031,1810,3,3,17.91666667,F,4,4,7,6,5,6,4,7,7,5,5,6,5,6,4,4,7,4,4,3,3,6,6,6,5,7,7,6
18102032,18101029,1810,3,3,17.91666667,F,4,4,7,6,5,6,4,7,7,5,5,5,5,5,5,4,5,4,3,3,3,6,6,6,5,7,7,6
18102032,18101030,1810,3,3,17.91666667,F,4,4,7,6,5,6,4,7,7,6,6,6,6,7,5,5,6,4,4,3,3,6,6,6,5,7,7,6
18102033,18101030,1810,3,3,17.91666667,F,4,4,7,5,5,4,4,5,5,5,5,5,5,6,5,5,6,4,3,4,4,7,5,4,4,4,5,5
18102033,18101031,1810,3,3,17.91666667,F,4,4,7,5,5,4,4,5,5,5,4,5,7,6,5,7,6,4,5,4,4,7,5,4,4,4,5,5
18102033,18101029,1810,3,3,17.91666667,F,4,4,7,5,5,4,4,5,5,4,4,4,6,3,5,4,3,4,3,4,4,7,5,4,4,4,5,5
18102034,18101029,1810,3,3,17.83333333,F,5,5,6,5,6,4,4,5,5,2,2,2,4,3,5,4,3,4,3,5,5,7,6,6,5,5,5,5
18102034,18101030,1810,3,3,17.83333333,F,5,5,6,5,6,4,4,5,5,4,3,4,4,5,5,4,4,4,4,5,5,7,6,6,5,5,5,5
18102034,18101031,1810,3,3,17.83333333,F,5,5,6,5,6,4,4,5,5,5,5,5,6,5,5,4,5,4,5,5,5,7,6,6,5,5,5,5
18111032,18112038,1811,4,4,19.33333333,M,6,5,7,4,5,4,4,6,7,2,1,2,4,5,4,4,4,5,5,6,5,7,4,5,4,4,6,7
18111032,18112035,1811,4,4,19.33333333,M,6,5,7,4,5,4,4,6,7,5,4,5,5,6,4,5,4,4,4,6,5,7,4,5,4,4,6,7
18111032,18112036,1811,4,4,19.33333333,M,6,5,7,4,5,4,4,6,7,6,6,6,5,5,5,4,5,4,6,6,5,7,4,5,4,4,6,7
18111032,18112037,1811,4,4,19.33333333,M,6,5,7,4,5,4,4,6,7,3,2,3,5,5,4,6,3,4,4,6,5,7,4,5,4,4,6,7
18111033,18112035,1811,4,4,18.33333333,M,3,4,7,7,4,4,6,6,6,6,6,6,5,6,6,3,5,6,6,6,3,7,5,3,4,2,7,7
18111033,18112036,1811,4,4,18.33333333,M,3,4,7,7,4,4,6,6,6,5,5,5,5,5,6,2,4,5,5,6,3,7,5,3,4,2,7,7
18111033,18112038,1811,4,4,18.33333333,M,3,4,7,7,4,4,6,6,6,5,3,5,5,6,6,3,4,6,5,6,3,7,5,3,4,2,7,7
18111033,18112037,1811,4,4,18.33333333,M,3,4,7,7,4,4,6,6,6,4,5,6,5,6,6,3,5,5,6,6,3,7,5,3,4,2,7,7
18111034,18112036,1811,4,4,17.66666667,M,4,5,5,5,6,6,5,5,5,4,5,5,5,5,5,4,4,4,5,5,6,5,5,6,6,6,5,5
18111034,18112038,1811,4,4,17.66666667,M,4,5,5,5,6,6,5,5,5,3,3,3,5,5,5,4,6,4,6,5,6,5,5,6,6,6,5,5
18111034,18112035,1811,4,4,17.66666667,M,4,5,5,5,6,6,5,5,5,4,4,4,6,6,4,6,4,3,5,5,6,5,5,6,6,6,5,5
18111034,18112037,1811,4,4,17.66666667,M,4,5,5,5,6,6,5,5,5,3,3,3,5,6,5,5,6,4,6,5,6,5,5,6,6,6,5,5
18111035,18112035,1811,4,4,20.33333333,M,5,6,6,5,6,4,5,5,6,6,6,6,6,6,5,6,5,4,4,6,6,6,5,6,5,4,5,7
18111035,18112036,1811,4,4,20.33333333,M,5,6,6,5,6,4,5,5,6,5,6,6,5,6,5,5,6,4,4,6,6,6,5,6,5,4,5,7
18111035,18112037,1811,4,4,20.33333333,M,5,6,6,5,6,4,5,5,6,5,5,5,5,6,6,5,6,5,4,6,6,6,5,6,5,4,5,7
18111035,18112038,1811,4,4,20.33333333,M,5,6,6,5,6,4,5,5,6,5,3,5,5,6,5,6,5,4,4,6,6,6,5,6,5,4,5,7
18112035,18111035,1811,4,4,17.75,F,5,4,7,6,6,6,5,6,5,4,4,4,6,4,6,6,5,5,5,5,5,7,6,5,5,7,6,6
18112035,18111033,1811,4,4,17.75,F,5,4,7,6,6,6,5,6,5,4,5,5,6,7,6,7,7,5,5,5,5,7,6,5,5,7,6,6
18112035,18111032,1811,4,4,17.75,F,5,4,7,6,6,6,5,6,5,4,5,5,6,7,6,7,5,4,5,5,5,7,6,5,5,7,6,6
18112035,18111034,1811,4,4,17.75,F,5,4,7,6,6,6,5,6,5,4,4,4,5,5,6,5,6,7,5,5,5,7,6,5,5,7,6,6
18112036,18111033,1811,4,4,17.91666667,F,4,4,7,6,6,6,6,7,6,6,5,5,6,6,6,6,6,4,4,4,4,7,6,6,5,6,7,6
18112036,18111035,1811,4,4,17.91666667,F,4,4,7,6,6,6,6,7,6,5,4,5,6,4,6,6,5,5,4,4,4,7,6,6,5,6,7,6
18112036,18111032,1811,4,4,17.91666667,F,4,4,7,6,6,6,6,7,6,5,6,5,5,6,5,5,5,4,3,4,4,7,6,6,5,6,7,6
18112036,18111034,1811,4,4,17.91666667,F,4,4,7,6,6,6,6,7,6,4,4,5,6,6,5,5,5,4,3,4,4,7,6,6,5,6,7,6
18112037,18111034,1811,4,4,17.83333333,F,4,4,7,6,5,2,6,3,3,4,4,4,5,6,4,3,5,6,3,4,4,7,6,6,6,2,3,2
18112037,18111035,1811,4,4,17.83333333,F,4,4,7,6,5,2,6,3,3,2,4,4,5,4,5,5,4,2,2,4,4,7,6,6,6,2,3,2
18112037,18111032,1811,4,4,17.83333333,F,4,4,7,6,5,2,6,3,3,4,5,5,5,5,4,6,4,4,3,4,4,7,6,6,6,2,3,2
18112037,18111033,1811,4,4,17.83333333,F,4,4,7,6,5,2,6,3,3,4,4,6,6,5,5,6,5,4,4,4,4,7,6,6,6,2,3,2
18112038,18111035,1811,4,4,17.91666667,F,5,5,7,6,6,3,4,4,3,3,4,3,4,4,4,3,3,3,4,6,6,7,6,6,5,2,4,4
18112038,18111032,1811,4,4,17.91666667,F,5,5,7,6,6,3,4,4,3,5,7,6,7,6,6,5,6,3,4,6,6,7,6,6,5,2,4,4
18112038,18111033,1811,4,4,17.91666667,F,5,5,7,6,6,3,4,4,3,3,2,4,7,7,5,7,4,5,1,6,6,7,6,6,5,2,4,4
18112038,18111034,1811,4,4,17.91666667,F,5,5,7,6,6,3,4,4,3,4,3,4,4,4,5,3,5,3,4,6,6,7,6,6,5,2,4,4
18121036,18122040,1812,3,4,20.58333333,M,5,5,7,7,6,3,4,5,6,5,5,5,6,5,4,4,3,4,3,7,7,6,7,6,6,5,7,7
18121036,18122042,1812,3,4,20.58333333,M,5,5,7,7,6,3,4,5,6,3,2,3,6,6,5,4,5,5,5,7,7,6,7,6,6,5,7,7
18121036,18122039,1812,3,4,20.58333333,M,5,5,7,7,6,3,4,5,6,4,6,6,6,7,5,5,6,4,4,7,7,6,7,6,6,5,7,7
18121036,18122041,1812,3,4,20.58333333,M,5,5,7,7,6,3,4,5,6,4,3,4,6,3,6,4,4,4,5,7,7,6,7,6,6,5,7,7
18121037,18122042,1812,3,4,18,M,5,5,7,6,7,7,5,4,4,1,1,2,6,5,6,5,5,4,2,6,5,7,5,7,5,6,4,4
18121037,18122039,1812,3,4,18,M,5,5,7,6,7,7,5,4,4,5,4,5,5,6,5,7,4,6,3,6,5,7,5,7,5,6,4,4
18121037,18122040,1812,3,4,18,M,5,5,7,6,7,7,5,4,4,5,4,2,7,3,3,6,2,3,1,6,5,7,5,7,5,6,4,4
18121037,18122041,1812,3,4,18,M,5,5,7,6,7,7,5,4,4,2,1,2,7,6,6,7,5,5,3,6,5,7,5,7,5,6,4,4
18121038,18122039,1812,3,4,17.75,M,7,7,6,5,6,5,7,7,6,6,6,6,7,7,7,5,7,6,7,7,7,6,7,7,7,5,7,7
18121038,18122042,1812,3,4,17.75,M,7,7,6,5,6,5,7,7,6,2,1,2,6,5,5,4,4,4,5,7,7,6,7,7,7,5,7,7
18121038,18122040,1812,3,4,17.75,M,7,7,6,5,6,5,7,7,6,6,5,6,7,7,6,7,6,6,5,7,7,6,7,7,7,5,7,7
18121038,18122041,1812,3,4,17.75,M,7,7,6,5,6,5,7,7,6,4,4,5,7,6,6,6,5,5,6,7,7,6,7,7,7,5,7,7
18122039,18121036,1812,3,4,17.5,F,5,5,7,5,5,4,4,6,7,6,5,6,6,6,6,6,5,6,5,6,6,7,6,6,5,4,7,6
18122039,18121038,1812,3,4,17.5,F,5,5,7,5,5,4,4,6,7,5,6,5,6,6,5,6,6,6,4,6,6,7,6,6,5,4,7,6
18122039,18121037,1812,3,4,17.5,F,5,5,7,5,5,4,4,6,7,4,4,5,7,6,6,6,5,6,5,6,6,7,6,6,5,4,7,6
18122040,18121038,1812,3,4,21,F,6,6,7,6,7,4,4,4,4,4,4,4,6,5,5,5,5,4,1,7,7,6,5,6,4,6,5,5
18122040,18121037,1812,3,4,21,F,6,6,7,6,7,4,4,4,4,3,4,4,6,5,4,6,3,4,3,7,7,6,5,6,4,6,5,5
18122040,18121036,1812,3,4,21,F,6,6,7,6,7,4,4,4,4,6,5,6,5,5,4,6,4,4,3,7,7,6,5,6,4,6,5,5
18122041,18121036,1812,3,4,18.33333333,F,3,2,6,5,6,6,5,7,6,5,6,6,6,6,5,7,5,5,4,5,5,7,5,6,6,7,7,7
18122041,18121038,1812,3,4,18.33333333,F,3,2,6,5,6,6,5,7,6,4,5,3,5,7,4,4,5,4,4,5,5,7,5,6,6,7,7,7
18122041,18121037,1812,3,4,18.33333333,F,3,2,6,5,6,6,5,7,6,5,5,6,6,6,5,6,6,5,5,5,5,7,5,6,6,7,7,7
18122042,18121037,1812,3,4,20.08333333,F,3,3,7,7,4,4,1,6,6,3,5,4,6,5,5,6,3,4,3,5,5,7,6,6,4,6,7,7
18122042,18121038,1812,3,4,20.08333333,F,3,3,7,7,4,4,1,6,6,2,1,3,6,5,4,6,3,4,4,5,5,7,6,6,4,6,7,7
18122042,18121036,1812,3,4,20.08333333,F,3,3,7,7,4,4,1,6,6,5,4,5,5,5,5,5,4,4,5,5,5,7,6,6,4,6,7,7
18131039,18132046,1813,3,4,18.5,M,5,6,7,2,6,3,3,7,7,3,3,3,5,5,4,3,6,7,3,6,6,7,4,6,4,5,7,7
18131039,18132045,1813,3,4,18.5,M,5,6,7,2,6,3,3,7,7,6,6,6,5,6,5,6,5,5,5,6,6,7,4,6,4,5,7,7
18131039,18132043,1813,3,4,18.5,M,5,6,7,2,6,3,3,7,7,4,5,5,7,5,4,6,5,3,6,6,6,7,4,6,4,5,7,7
18131039,18132044,1813,3,4,18.5,M,5,6,7,2,6,3,3,7,7,4,5,5,6,4,5,6,3,5,5,6,6,7,4,6,4,5,7,7
18131040,18132044,1813,3,4,18.33333333,M,6,5,7,6,6,5,5,5,6,5,4,4,4,5,4,4,5,5,4,6,5,7,6,6,5,5,5,6
18131040,18132046,1813,3,4,18.33333333,M,6,5,7,6,6,5,5,5,6,1,1,2,2,5,3,4,3,5,4,6,5,7,6,6,5,5,5,6
18131040,18132045,1813,3,4,18.33333333,M,6,5,7,6,6,5,5,5,6,3,5,3,3,5,4,4,3,4,3,6,5,7,6,6,5,5,5,6
18131040,18132043,1813,3,4,18.33333333,M,6,5,7,6,6,5,5,5,6,3,2,4,5,5,3,4,3,3,4,6,5,7,6,6,5,5,5,6
18131041,18132045,1813,3,4,18.83333333,M,7,6,6,6,7,3,5,6,5,3,5,4,5,7,2,5,4,5,4,7,7,7,6,6,5,2,5,5
18131041,18132044,1813,3,4,18.83333333,M,7,6,6,6,7,3,5,6,5,4,4,4,5,6,5,4,6,4,4,7,7,7,6,6,5,2,5,5
18131041,18132043,1813,3,4,18.83333333,M,7,6,6,6,7,3,5,6,5,2,3,4,7,7,4,6,6,2,5,7,7,7,6,6,5,2,5,5
18131041,18132046,1813,3,4,18.83333333,M,7,6,6,6,7,3,5,6,5,2,2,2,4,5,5,4,5,7,4,7,7,7,6,6,5,2,5,5
18132043,18131039,1813,3,4,17.91666667,F,7,4,7,3,6,4,3,7,4,3,5,5,5,5,5,3,4,2,6,7,5,7,6,7,4,3,6,7
18132043,18131041,1813,3,4,17.91666667,F,7,4,7,3,6,4,3,7,4,6,6,6,6,7,5,4,6,4,5,7,5,7,6,7,4,3,6,7
18132043,18131040,1813,3,4,17.91666667,F,7,4,7,3,6,4,3,7,4,2,5,3,4,3,6,7,4,5,5,7,5,7,6,7,4,3,6,7
18132044,18131039,1813,3,4,17.5,F,5,6,7,6,6,6,5,6,7,3,6,4,5,3,3,5,3,4,4,6,4,7,6,6,5,7,6,6
18132044,18131040,1813,3,4,17.5,F,5,6,7,6,6,6,5,6,7,5,6,5,6,6,5,5,6,4,5,6,4,7,6,6,5,7,6,6
18132044,18131041,1813,3,4,17.5,F,5,6,7,6,6,6,5,6,7,6,7,6,6,6,4,6,5,5,4,6,4,7,6,6,5,7,6,6
18132045,18131041,1813,3,4,20.83333333,F,7,7,7,6,4,4,5,5,5,6,6,6,7,7,6,7,5,5,6,6,7,6,5,4,4,6,5,6
18132045,18131040,1813,3,4,20.83333333,F,7,7,7,6,4,4,5,5,5,5,3,4,4,4,6,3,5,1,4,6,7,6,5,4,4,6,5,6
18132045,18131039,1813,3,4,20.83333333,F,7,7,7,6,4,4,5,5,5,5,5,5,5,2,6,5,5,3,5,6,7,6,5,4,4,6,5,6
18132046,18131040,1813,3,4,27.33333333,F,5,5,5,3,4,5,3,6,6,5,5,6,5,4,5,4,5,4,5,5,5,5,3,6,4,6,6,6
18132046,18131039,1813,3,4,27.33333333,F,5,5,5,3,4,5,3,6,6,4,4,5,5,4,5,4,4,5,4,5,5,5,3,6,4,6,6,6
18132046,18131041,1813,3,4,27.33333333,F,5,5,5,3,4,5,3,6,6,6,6,6,5,6,7,5,6,5,4,5,5,5,3,6,4,6,6,6
18141042,18142048,1814,3,4,19.08333333,M,6,6,5,6,7,7,4,6,6,4,4,4,6,5,4,7,4,5,4,7,7,6,7,6,3,6,5,7
18141042,18142047,1814,3,4,19.08333333,M,6,6,5,6,7,7,4,6,6,5,5,6,6,5,4,5,5,5,5,7,7,6,7,6,3,6,5,7
18141043,18142047,1814,3,4,23.91666667,M,5,5,7,5,6,5,6,6,6,5,5,5,5,5,5,6,4,6,5,6,5,7,5,6,5,5,6,6
18141043,18142048,1814,3,4,23.91666667,M,5,5,7,5,6,5,6,6,6,4,5,4,6,6,5,6,4,4,5,6,5,7,5,6,5,5,6,6
18141044,18142048,1814,3,4,18.16666667,M,6,6,5,4,5,4,3,5,5,3,4,4,4,5,5,4,5,4,3,6,6,5,4,6,3,4,5,5
18141044,18142047,1814,3,4,18.16666667,M,6,6,5,4,5,4,3,5,5,5,5,5,5,5,6,5,6,4,5,6,6,5,4,6,3,4,5,5
18142047,18141044,1814,3,4,17.91666667,F,6,5,7,7,7,5,6,5,4,2,3,3,4,3,2,3,4,4,3,4,6,7,6,6,4,5,7,5
18142047,18141042,1814,3,4,17.91666667,F,6,5,7,7,7,5,6,5,4,5,5,6,5,7,6,5,5,4,5,4,6,7,6,6,4,5,7,5
18142047,18141043,1814,3,4,17.91666667,F,6,5,7,7,7,5,6,5,4,5,3,5,6,5,6,5,6,5,4,4,6,7,6,6,4,5,7,5
18142048,18141044,1814,3,4,18.91666667,F,5,5,7,5,7,5,6,7,7,4,4,4,5,4,6,4,3,4,4,6,6,7,5,7,6,5,6,6
18142048,18141043,1814,3,4,18.91666667,F,5,5,7,5,7,5,6,7,7,2,2,3,4,4,3,3,2,3,2,6,6,7,5,7,6,5,6,6
18142048,18141042,1814,3,4,18.91666667,F,5,5,7,5,7,5,6,7,7,4,4,4,4,5,4,4,3,4,3,6,6,7,5,7,6,5,6,6
18151045,18152051,1815,2,2,18.5,M,5,5,7,5,5,5,7,6,6,6,6,5,4,5,4,4,5,4,5,5,5,7,5,6,7,5,6,6
18151045,18152050,1815,2,2,18.5,M,5,5,7,5,5,5,7,6,6,5,5,5,4,5,4,4,5,6,4,5,5,7,5,6,7,5,6,6
18151045,18152049,1815,2,2,18.5,M,5,5,7,5,5,5,7,6,6,3,3,4,4,4,4,5,4,4,4,5,5,7,5,6,7,5,6,6
18151047,18152049,1815,2,2,27.58333333,M,5,5,7,6,7,6,5,7,7,5,5,4,5,6,5,4,4,5,5,5,4,7,5,6,5,5,6,6
18151047,18152051,1815,2,2,27.58333333,M,5,5,7,6,7,6,5,7,7,6,5,6,6,6,5,4,6,5,5,5,4,7,5,6,5,5,6,6
18151047,18152050,1815,2,2,27.58333333,M,5,5,7,6,7,6,5,7,7,5,5,6,6,6,3,5,6,4,5,5,4,7,5,6,5,5,6,6
18152049,18151046,1815,2,2,18.41666667,F,5,5,6,4,5,4,6,5,4,4,4,5,6,6,5,6,5,4,4,6,5,6,4,5,6,5,5,5
18152049,18151045,1815,2,2,18.41666667,F,5,5,6,4,5,4,6,5,4,5,5,6,6,6,6,5,6,4,4,6,5,6,4,5,6,5,5,5
18152049,18151047,1815,2,2,18.41666667,F,5,5,6,4,5,4,6,5,4,2,2,3,4,3,5,4,4,3,3,6,5,6,4,5,6,5,5,5
18152050,18151045,1815,2,2,18.33333333,F,5,5,6,6,6,6,5,7,6,4,4,4,5,5,4,4,4,4,4,5,5,6,6,6,6,6,7,7
18152050,18151047,1815,2,2,18.33333333,F,5,5,6,6,6,6,5,7,6,5,4,4,5,5,5,5,5,4,4,5,5,6,6,6,6,6,7,7
18152050,18151046,1815,2,2,18.33333333,F,5,5,6,6,6,6,5,7,6,5,4,5,6,5,5,5,5,4,4,5,5,6,6,6,6,6,7,7
18152051,18151047,1815,2,2,18.16666667,F,5,4,7,2,5,4,5,7,6,4,2,3,5,6,4,2,5,3,4,6,6,7,5,6,6,5,7,6
18152051,18151046,1815,2,2,18.16666667,F,5,4,7,2,5,4,5,7,6,4,4,5,6,5,5,4,5,3,4,6,6,7,5,6,6,5,7,6
18152051,18151045,1815,2,2,18.16666667,F,5,4,7,2,5,4,5,7,6,6,4,6,6,6,5,4,6,4,4,6,6,7,5,6,6,5,7,6
18161048,18162054,1816,4,3,20.58333333,M,6,5,5,6,6,4,5,5,5,6,6,6,6,6,4,6,5,5,5,6,6,6,6,6,7,4,5,5
18161048,18162052,1816,4,3,20.58333333,M,6,5,5,6,6,4,5,5,5,4,6,5,4,3,4,2,3,3,4,6,6,6,6,6,7,4,5,5
18161048,18162053,1816,4,3,20.58333333,M,6,5,5,6,6,4,5,5,5,4,5,3,5,5,5,5,5,4,5,6,6,6,6,6,7,4,5,5
18161049,18162054,1816,4,3,20.91666667,M,6,6,6,6,6,5,6,6,4,7,7,6,6,6,6,6,6,6,4,6,6,6,6,6,6,6,6,6
18161049,18162053,1816,4,3,20.91666667,M,6,6,6,6,6,5,6,6,4,7,7,7,7,7,7,7,7,7,7,6,6,6,6,6,6,6,6,6
18161049,18162052,1816,4,3,20.91666667,M,6,6,6,6,6,5,6,6,4,7,6,7,7,7,7,7,7,7,7,6,6,6,6,6,6,6,6,6
18161050,18162053,1816,4,3,17.41666667,M,5,4,5,5,5,5,5,6,6,5,5,6,5,5,5,4,6,5,4,6,5,6,5,5,6,5,6,7
18161050,18162054,1816,4,3,17.41666667,M,5,4,5,5,5,5,5,6,6,5,5,6,5,4,5,4,5,5,4,6,5,6,5,5,6,5,6,7
18161050,18162052,1816,4,3,17.41666667,M,5,4,5,5,5,5,5,6,6,6,6,6,5,5,5,4,5,4,4,6,5,6,5,5,6,5,6,7
18161051,18162052,1816,4,3,22.66666667,M,7,6,5,4,4,4,5,4,5,5,6,6,4,5,5,4,5,4,4,7,7,6,3,4,5,4,4,7
18161051,18162053,1816,4,3,22.66666667,M,7,6,5,4,4,4,5,4,5,2,2,2,5,5,5,4,5,4,4,7,7,6,3,4,5,4,4,7
18161051,18162054,1816,4,3,22.66666667,M,7,6,5,4,4,4,5,4,5,5,4,5,5,5,5,4,4,4,4,7,7,6,3,4,5,4,4,7
18162052,18161049,1816,4,3,18.33333333,F,6,6,6,6,6,4,6,6,6,5,5,5,6,5,5,5,6,3,5,6,6,6,6,5,6,4,6,6
18162052,18161050,1816,4,3,18.33333333,F,6,6,6,6,6,4,6,6,6,3,5,4,6,4,4,5,3,3,4,6,6,6,6,5,6,4,6,6
18162052,18161048,1816,4,3,18.33333333,F,6,6,6,6,6,4,6,6,6,3,3,3,4,6,5,5,4,2,2,6,6,6,6,5,6,4,6,6
18162052,18161051,1816,4,3,18.33333333,F,6,6,6,6,6,4,6,6,6,3,3,5,6,6,6,5,4,4,3,6,6,6,6,5,6,4,6,6
18162053,18161050,1816,4,3,17.5,F,4,5,5,3,4,3,4,5,5,2,2,3,6,6,4,5,5,3,3,5,5,6,4,4,4,3,6,5
18162053,18161051,1816,4,3,17.5,F,4,5,5,3,4,3,4,5,5,4,3,4,5,5,5,5,5,3,3,5,5,6,4,4,4,3,6,5
18162053,18161049,1816,4,3,17.5,F,4,5,5,3,4,3,4,5,5,3,5,3,5,5,4,5,4,3,3,5,5,6,4,4,4,3,6,5
18162053,18161048,1816,4,3,17.5,F,4,5,5,3,4,3,4,5,5,3,4,5,3,4,5,5,4,4,2,5,5,6,4,4,4,3,6,5
18162054,18161051,1816,4,3,17.66666667,F,5,5,7,6,5,2,5,5,4,2,2,3,5,5,6,6,4,5,4,5,5,7,5,6,6,3,5,5
18162054,18161050,1816,4,3,17.66666667,F,5,5,7,6,5,2,5,5,4,4,3,4,7,6,6,6,5,3,5,5,5,7,5,6,6,3,5,5
18162054,18161048,1816,4,3,17.66666667,F,5,5,7,6,5,2,5,5,4,4,4,5,4,5,6,5,5,4,4,5,5,7,5,6,6,3,5,5
18162054,18161049,1816,4,3,17.66666667,F,5,5,7,6,5,2,5,5,4,5,4,4,4,6,5,4,5,3,5,5,5,7,5,6,6,3,5,5
18171052,18172058,1817,3,4,18.33333333,M,4,4,7,5,6,5,6,6,6,5,4,5,6,6,6,5,4,3,2,6,5,7,5,6,5,6,5,5
18171052,18172055,1817,3,4,18.33333333,M,4,4,7,5,6,5,6,6,6,5,5,6,6,6,6,6,4,4,2,6,5,7,5,6,5,6,5,5
18171052,18172056,1817,3,4,18.33333333,M,4,4,7,5,6,5,6,6,6,5,5,5,5,5,6,5,4,6,2,6,5,7,5,6,5,6,5,5
18171052,18172057,1817,3,4,18.33333333,M,4,4,7,5,6,5,6,6,6,5,5,5,5,5,5,5,4,3,2,6,5,7,5,6,5,6,5,5
18171053,18172055,1817,3,4,17.91666667,M,6,6,7,7,5,5,6,6,6,5,5,5,6,6,6,5,5,5,4,6,6,7,7,5,6,6,6,6
18171053,18172058,1817,3,4,17.91666667,M,6,6,7,7,5,5,6,6,6,4,4,4,7,6,5,5,5,5,4,6,6,7,7,5,6,6,6,6
18171053,18172057,1817,3,4,17.91666667,M,6,6,7,7,5,5,6,6,6,6,6,6,6,7,6,5,6,6,5,6,6,7,7,5,6,6,6,6
18171053,18172056,1817,3,4,17.91666667,M,6,6,7,7,5,5,6,6,6,5,6,6,6,6,5,5,5,5,5,6,6,7,7,5,6,6,6,6
18171054,18172056,1817,3,4,17.83333333,M,5,5,7,5,6,4,6,5,4,2,4,3,5,4,6,4,5,4,5,6,5,7,5,6,5,5,6,6
18171054,18172057,1817,3,4,17.83333333,M,5,5,7,5,6,4,6,5,4,7,7,6,4,5,5,5,6,5,5,6,5,7,5,6,5,5,6,6
18171054,18172058,1817,3,4,17.83333333,M,5,5,7,5,6,4,6,5,4,5,3,5,7,5,7,5,6,5,5,6,5,7,5,6,5,5,6,6
18171054,18172055,1817,3,4,17.83333333,M,5,5,7,5,6,4,6,5,4,5,5,6,5,6,7,5,4,5,5,6,5,7,5,6,5,5,6,6
18172055,18171053,1817,3,4,19.25,F,4,3,7,5,6,3,7,7,5,5,5,5,6,6,6,5,5,4,4,5,4,7,6,6,7,4,7,7
18172055,18171052,1817,3,4,19.25,F,4,3,7,5,6,3,7,7,5,5,5,5,5,4,5,5,3,4,4,5,4,7,6,6,7,4,7,7
18172055,18171054,1817,3,4,19.25,F,4,3,7,5,6,3,7,7,5,5,5,5,6,7,6,6,5,4,4,5,4,7,6,6,7,4,7,7
18172056,18171052,1817,3,4,17.41666667,F,5,6,7,7,7,3,7,7,4,4,4,5,7,5,6,7,6,5,4,5,5,7,7,7,7,6,7,7
18172056,18171053,1817,3,4,17.41666667,F,5,6,7,7,7,3,7,7,4,4,4,4,5,5,5,4,6,4,5,5,5,7,7,7,7,6,7,7
18172056,18171054,1817,3,4,17.41666667,F,5,6,7,7,7,3,7,7,4,6,5,6,6,7,7,7,7,5,5,5,5,7,7,7,7,6,7,7
18172057,18171054,1817,3,4,17.83333333,F,6,5,5,6,5,3,4,3,3,3,5,5,6,5,4,4,4,4,3,5,4,5,5,5,4,3,5,4
18172057,18171053,1817,3,4,17.83333333,F,6,5,5,6,5,3,4,3,3,3,4,4,4,5,5,3,2,3,3,5,4,5,5,5,4,3,5,4
18172057,18171052,1817,3,4,17.83333333,F,6,5,5,6,5,3,4,3,3,3,2,3,6,4,4,5,2,3,2,5,4,5,5,5,4,3,5,4
18172058,18171052,1817,3,4,18.5,F,5,6,6,6,6,5,6,6,6,4,5,5,7,6,6,7,5,4,5,6,6,7,6,7,6,3,6,6
18172058,18171054,1817,3,4,18.5,F,5,6,6,6,6,5,6,6,6,5,6,7,6,6,5,6,6,6,5,6,6,7,6,7,6,3,6,6
18172058,18171053,1817,3,4,18.5,F,5,6,6,6,6,5,6,6,6,5,5,6,5,6,6,5,6,4,6,6,6,7,6,7,6,3,6,6
18181055,18182060,1818,3,3,17.41666667,M,7,5,7,7,7,3,4,7,7,2,5,5,3,5,5,5,5,5,5,7,5,7,7,7,7,7,7,7
18181055,18182061,1818,3,3,17.41666667,M,7,5,7,7,7,3,4,7,7,3,5,2,3,4,6,6,4,5,5,7,5,7,7,7,7,7,7,7
18181055,18182059,1818,3,3,17.41666667,M,7,5,7,7,7,3,4,7,7,1,1,2,3,5,5,2,3,2,6,7,5,7,7,7,7,7,7,7
18181056,18182060,1818,3,3,18.41666667,M,4,4,7,5,5,4,4,5,5,6,6,6,5,4,6,5,5,5,5,5,5,7,6,6,4,4,5,5
18181056,18182061,1818,3,3,18.41666667,M,4,4,7,5,5,4,4,5,5,5,6,6,6,5,5,4,5,5,5,5,5,7,6,6,4,4,5,5
18181056,18182059,1818,3,3,18.41666667,M,4,4,7,5,5,4,4,5,5,5,5,5,6,5,5,5,6,5,6,5,5,7,6,6,4,4,5,5
18181057,18182061,1818,3,3,20,M,5,4,7,3,5,2,5,5,4,6,5,6,5,4,5,4,5,5,5,5,5,6,5,6,6,4,5,6
18181057,18182059,1818,3,3,20,M,5,4,7,3,5,2,5,5,4,5,5,5,5,5,5,3,4,5,4,5,5,6,5,6,6,4,5,6
18181057,18182060,1818,3,3,20,M,5,4,7,3,5,2,5,5,4,6,5,5,5,6,6,6,4,4,4,5,5,6,5,6,6,4,5,6
18182059,18181057,1818,3,3,18.75,F,5,5,7,5,6,4,5,4,4,3,3,3,6,4,6,6,4,3,4,5,5,7,5,7,6,4,4,4
18182059,18181056,1818,3,3,18.75,F,5,5,7,5,6,4,5,4,4,4,4,5,4,5,5,4,5,5,5,5,5,7,5,7,6,4,4,4
18182059,18181055,1818,3,3,18.75,F,5,5,7,5,6,4,5,4,4,5,5,5,5,4,5,7,4,4,4,5,5,7,5,7,6,4,4,4
18182060,18181056,1818,3,3,19.16666667,F,6,5,6,5,5,5,5,6,5,4,4,5,6,6,5,4,6,4,6,6,5,7,6,5,5,5,6,5
18182060,18181057,1818,3,3,19.16666667,F,6,5,6,5,5,5,5,6,5,3,3,3,7,6,5,7,4,4,5,6,5,7,6,5,5,5,6,5
18182060,18181055,1818,3,3,19.16666667,F,6,5,6,5,5,5,5,6,5,5,5,5,6,6,5,6,6,4,4,6,5,7,6,5,5,5,6,5
18182061,18181056,1818,3,3,22.08333333,F,5,5,7,7,6,5,6,5,4,5,4,5,5,4,4,4,4,4,3,6,5,7,7,6,6,6,6,6
18182061,18181055,1818,3,3,22.08333333,F,5,5,7,7,6,5,6,5,4,4,4,5,6,5,4,4,4,4,3,6,5,7,7,6,6,6,6,6
18182061,18181057,1818,3,3,22.08333333,F,5,5,7,7,6,5,6,5,4,3,3,4,6,5,4,5,5,4,4,6,5,7,7,6,6,6,6,6
18191058,18192062,1819,3,3,21.66666667,M,6,6,7,7,6,5,7,6,6,2,2,1,5,4,6,6,4,4,5,7,7,7,7,7,7,7,7,7
18191058,18192064,1819,3,3,21.66666667,M,6,6,7,7,6,5,7,6,6,1,1,1,4,2,6,5,2,4,4,7,7,7,7,7,7,7,7,7
18191058,18192063,1819,3,3,21.66666667,M,6,6,7,7,6,5,7,6,6,5,4,5,6,5,6,6,4,4,5,7,7,7,7,7,7,7,7,7
18191059,18192064,1819,3,3,22.5,M,6,6,6,6,6,2,4,6,6,3,1,2,3,4,4,5,4,4,4,5,5,6,7,6,4,2,5,6
18191059,18192062,1819,3,3,22.5,M,6,6,6,6,6,2,4,6,6,3,3,4,6,5,5,6,4,4,4,5,5,6,7,6,4,2,5,6
18191059,18192063,1819,3,3,22.5,M,6,6,6,6,6,2,4,6,6,5,5,4,5,6,5,5,4,4,4,5,5,6,7,6,4,2,5,6
18191060,18192062,1819,3,3,17.91666667,M,5,4,6,6,6,4,6,4,4,5,4,5,7,6,5,6,5,5,5,6,5,6,7,6,6,5,6,6
18191060,18192064,1819,3,3,17.91666667,M,5,4,6,6,6,4,6,4,4,4,3,4,5,4,6,6,5,5,5,6,5,6,7,6,6,5,6,6
18191060,18192063,1819,3,3,17.91666667,M,5,4,6,6,6,4,6,4,4,5,5,5,6,6,6,5,5,5,5,6,5,6,7,6,6,5,6,6
18192062,18191060,1819,3,3,20.75,F,5,6,7,5,6,4,7,6,5,4,2,3,4,4,5,4,4,4,4,4,6,6,5,5,7,4,5,5
18192062,18191058,1819,3,3,20.75,F,5,6,7,5,6,4,7,6,5,5,5,3,5,5,5,5,5,3,4,4,6,6,5,5,7,4,5,5
18192062,18191059,1819,3,3,20.75,F,5,6,7,5,6,4,7,6,5,4,4,4,4,3,4,4,4,4,3,4,6,6,5,5,7,4,5,5
18192063,18191058,1819,3,3,17.41666667,F,4,4,5,5,6,7,6,6,6,6,6,5,6,6,5,5,6,5,4,4,4,5,4,5,5,6,6,6
18192063,18191060,1819,3,3,17.41666667,F,4,4,5,5,6,7,6,6,6,4,4,5,5,5,6,5,5,4,4,4,4,5,4,5,5,6,6,6
18192063,18191059,1819,3,3,17.41666667,F,4,4,5,5,6,7,6,6,6,2,4,3,4,2,5,3,2,3,3,4,4,5,4,5,5,6,6,6
18192064,18191060,1819,3,3,17.5,F,4,4,7,4,4,4,6,6,6,5,5,5,5,6,6,6,5,4,5,6,6,7,5,4,5,4,6,6
18192064,18191058,1819,3,3,17.5,F,4,4,7,4,4,4,6,6,6,6,5,6,5,7,6,6,6,6,6,6,6,7,5,4,5,4,6,6
18192064,18191059,1819,3,3,17.5,F,4,4,7,4,4,4,6,6,6,4,4,4,5,4,6,6,4,4,4,6,6,7,5,4,5,4,6,6
18201061,18202066,1820,3,4,17.5,M,5,6,5,7,7,5,5,5,5,5,6,6,6,6,5,6,4,4,4,5,6,5,6,6,5,4,4,6
18201061,18202065,1820,3,4,17.5,M,5,6,5,7,7,5,5,5,5,4,4,4,6,7,6,6,7,4,5,5,6,5,6,6,5,4,4,6
18201061,18202067,1820,3,4,17.5,M,5,6,5,7,7,5,5,5,5,5,6,5,6,5,5,5,4,4,4,5,6,5,6,6,5,4,4,6
18201061,18202068,1820,3,4,17.5,M,5,6,5,7,7,5,5,5,5,4,4,5,5,6,5,6,4,4,4,5,6,5,6,6,5,4,4,6
18201062,18202067,1820,3,4,18.25,M,6,6,7,7,7,5,7,4,5,5,5,5,5,5,5,5,5,5,5,5,5,5,5,7,7,5,6,6
18201062,18202065,1820,3,4,18.25,M,6,6,7,7,7,5,7,4,5,4,4,4,4,4,4,4,4,4,4,5,5,5,5,7,7,5,6,6
18201062,18202068,1820,3,4,18.25,M,6,6,7,7,7,5,7,4,5,5,6,6,6,6,6,6,7,6,6,5,5,5,5,7,7,5,6,6
18201062,18202066,1820,3,4,18.25,M,6,6,7,7,7,5,7,4,5,6,6,6,6,6,6,6,5,6,5,5,5,5,5,7,7,5,6,6
18201063,18202067,1820,3,4,21.25,M,5,5,7,6,7,5,6,7,5,6,5,6,5,5,5,4,4,4,4,5,5,6,7,7,6,5,6,6
18201063,18202065,1820,3,4,21.25,M,5,5,7,6,7,5,6,7,5,4,4,5,6,6,6,5,6,5,4,5,5,6,7,7,6,5,6,6
18201063,18202066,1820,3,4,21.25,M,5,5,7,6,7,5,6,7,5,5,6,6,5,6,5,5,4,4,4,5,5,6,7,7,6,5,6,6
18201063,18202068,1820,3,4,21.25,M,5,5,7,6,7,5,6,7,5,5,5,5,6,5,5,5,5,5,4,5,5,6,7,7,6,5,6,6
18202065,18201061,1820,3,4,18.33333333,F,2,2,7,6,6,3,6,6,6,5,5,5,5,5,4,6,5,3,5,6,6,7,6,6,6,7,7,7
18202065,18201063,1820,3,4,18.33333333,F,2,2,7,6,6,3,6,6,6,5,6,6,6,6,6,6,6,3,6,6,6,7,6,6,6,7,7,7
18202065,18201062,1820,3,4,18.33333333,F,2,2,7,6,6,3,6,6,6,5,5,5,6,6,5,6,5,3,5,6,6,7,6,6,6,7,7,7
18202066,18201062,1820,3,4,17.91666667,F,6,6,7,4,5,5,6,6,6,1,1,1,5,4,4,4,3,4,4,6,6,7,4,5,6,5,6,6
18202066,18201063,1820,3,4,17.91666667,F,6,6,7,4,5,5,6,6,6,2,2,2,3,4,3,3,3,4,4,6,6,7,4,5,6,5,6,6
18202066,18201061,1820,3,4,17.91666667,F,6,6,7,4,5,5,6,6,6,3,3,4,7,6,6,4,4,4,3,6,6,7,4,5,6,5,6,6
18202067,18201061,1820,3,4,18.08333333,F,7,5,7,3,7,4,5,6,5,4,5,5,7,6,7,6,5,5,4,6,5,7,4,7,6,4,6,6
18202067,18201063,1820,3,4,18.08333333,F,7,5,7,3,7,4,5,6,5,4,5,2,6,3,7,6,4,6,3,6,5,7,4,7,6,4,6,6
18202067,18201062,1820,3,4,18.08333333,F,7,5,7,3,7,4,5,6,5,4,4,5,7,6,7,7,5,4,4,6,5,7,4,7,6,4,6,6
18202068,18201061,1820,3,4,18.16666667,F,6,6,7,7,6,4,6,5,5,2,4,3,6,3,4,4,1,4,3,7,7,7,7,7,5,5,5,5
18202068,18201062,1820,3,4,18.16666667,F,6,6,7,7,6,4,6,5,5,2,4,2,6,4,6,6,4,6,3,7,7,7,7,7,5,5,5,5
18202068,18201063,1820,3,4,18.16666667,F,6,6,7,7,6,4,6,5,5,2,4,2,5,2,5,4,2,4,2,7,7,7,7,7,5,5,5,5
18211064,18212071,1821,3,3,19.16666667,M,5,6,7,4,6,6,4,5,5,5,6,6,7,4,6,7,6,7,5,6,6,6,4,6,6,6,6,6
18211064,18212069,1821,3,3,19.16666667,M,5,6,7,4,6,6,4,5,5,5,5,5,5,4,5,5,5,6,4,6,6,6,4,6,6,6,6,6
18211064,18212070,1821,3,3,19.16666667,M,5,6,7,4,6,6,4,5,5,6,6,6,4,5,4,5,3,5,4,6,6,6,4,6,6,6,6,6
18211065,18212069,1821,3,3,17.41666667,M,5,6,7,6,7,4,6,5,5,3,5,4,5,4,4,5,3,5,3,6,6,7,6,7,6,6,6,6
18211065,18212070,1821,3,3,17.41666667,M,5,6,7,6,7,4,6,5,5,5,5,5,5,5,6,6,5,6,4,6,6,7,6,7,6,6,6,6
18211065,18212071,1821,3,3,17.41666667,M,5,6,7,6,7,4,6,5,5,4,4,4,5,5,5,5,5,5,4,6,6,7,6,7,6,6,6,6
18211066,18212069,1821,3,3,17.91666667,M,4,4,6,2,3,5,5,6,7,4,5,3,6,4,4,3,2,4,3,5,5,6,4,6,5,6,5,7
18211066,18212071,1821,3,3,17.91666667,M,4,4,6,2,3,5,5,6,7,3,4,4,6,6,6,3,4,4,5,5,5,6,4,6,5,6,5,7
18211066,18212070,1821,3,3,17.91666667,M,4,4,6,2,3,5,5,6,7,5,6,6,6,6,7,4,6,5,5,5,5,6,4,6,5,6,5,7
18212069,18211066,1821,3,3,23.41666667,F,5,5,6,6,6,6,6,4,5,4,4,5,6,6,5,5,4,5,3,5,5,6,6,6,6,6,4,5
18212069,18211064,1821,3,3,23.41666667,F,5,5,6,6,6,6,6,4,5,4,4,5,5,6,5,4,4,4,3,5,5,6,6,6,6,6,4,5
18212069,18211065,1821,3,3,23.41666667,F,5,5,6,6,6,6,6,4,5,4,4,5,6,6,5,6,4,4,3,5,5,6,6,6,6,6,4,5
18212070,18211066,1821,3,3,17.75,F,3,3,5,6,6,5,4,6,6,4,5,4,5,4,5,6,5,4,5,5,4,5,6,6,4,5,6,6
18212070,18211064,1821,3,3,17.75,F,3,3,5,6,6,5,4,6,6,5,5,5,6,5,4,4,3,4,4,5,4,5,6,6,4,5,6,6
18212070,18211065,1821,3,3,17.75,F,3,3,5,6,6,5,4,6,6,3,4,3,4,3,4,3,2,4,3,5,4,5,6,6,4,5,6,6
18212071,18211064,1821,3,3,18.5,F,4,4,7,5,6,4,4,6,5,5,6,6,6,6,5,6,5,5,4,6,6,7,6,6,4,4,6,6
18212071,18211065,1821,3,3,18.5,F,4,4,7,5,6,4,4,6,5,5,5,5,6,5,5,5,4,5,4,6,6,7,6,6,4,4,6,6
18212071,18211066,1821,3,3,18.5,F,4,4,7,5,6,4,4,6,5,5,6,6,6,6,5,5,6,4,5,6,6,7,6,6,4,4,6,6
18221067,18222073,1822,3,3,21.91666667,M,6,6,6,2,6,3,3,3,3,2,3,3,6,6,6,5,6,4,4,7,5,5,6,6,5,2,3,7
18221067,18222072,1822,3,3,21.91666667,M,6,6,6,2,6,3,3,3,3,1,1,1,6,7,5,4,5,4,3,7,5,5,6,6,5,2,3,7
18221067,18222074,1822,3,3,21.91666667,M,6,6,6,2,6,3,3,3,3,4,5,3,3,4,5,4,3,5,5,7,5,5,6,6,5,2,3,7
18221068,18222074,1822,3,3,19.75,M,6,6,7,5,4,4,4,5,6,5,5,6,5,5,5,6,5,5,4,6,6,7,6,4,5,5,7,7
18221068,18222073,1822,3,3,19.75,M,6,6,7,5,4,4,4,5,6,4,5,4,5,4,4,5,4,4,4,6,6,7,6,4,5,5,7,7
18221068,18222072,1822,3,3,19.75,M,6,6,7,5,4,4,4,5,6,3,2,3,5,7,5,5,6,5,4,6,6,7,6,4,5,5,7,7
18221069,18222074,1822,3,3,20.75,M,6,6,7,7,5,5,5,7,5,5,6,6,6,5,6,5,5,5,5,6,6,7,6,5,6,7,7,7
18221069,18222073,1822,3,3,20.75,M,6,6,7,7,5,5,5,7,5,5,6,5,6,6,6,5,6,5,5,6,6,7,6,5,6,7,7,7
18221069,18222072,1822,3,3,20.75,M,6,6,7,7,5,5,5,7,5,5,4,5,5,6,4,4,5,5,3,6,6,7,6,5,6,7,7,7
18222072,18221069,1822,3,3,22.83333333,F,4,4,6,5,6,3,6,6,5,5,4,6,5,5,7,4,6,6,3,4,5,6,6,4,6,2,5,6
18222072,18221067,1822,3,3,22.83333333,F,4,4,6,5,6,3,6,6,5,4,4,4,6,3,5,5,3,4,4,4,5,6,6,4,6,2,5,6
18222072,18221068,1822,3,3,22.83333333,F,4,4,6,5,6,3,6,6,5,5,4,6,6,6,5,5,5,3,4,4,5,6,6,4,6,2,5,6
18222073,18221069,1822,3,3,18.08333333,F,4,5,6,6,3,3,5,6,4,5,5,5,6,7,5,6,6,4,5,6,4,6,6,4,6,4,7,5
18222073,18221067,1822,3,3,18.08333333,F,4,5,6,6,3,3,5,6,4,5,5,5,5,5,6,6,4,4,3,6,4,6,6,4,6,4,7,5
18222073,18221068,1822,3,3,18.08333333,F,4,5,6,6,3,3,5,6,4,4,4,5,6,6,6,6,6,4,4,6,4,6,6,4,6,4,7,5
18222074,18221068,1822,3,3,17.75,F,5,4,7,4,4,2,4,5,4,4,6,5,7,6,7,7,5,5,4,5,4,7,4,5,5,3,5,5
18222074,18221069,1822,3,3,17.75,F,5,4,7,4,4,2,4,5,4,7,6,7,7,6,6,5,7,6,4,5,4,7,4,5,5,3,5,5
18222074,18221067,1822,3,3,17.75,F,5,4,7,4,4,2,4,5,4,7,6,7,7,4,5,7,4,6,3,5,4,7,4,5,5,3,5,5
18241071,18242081,1824,2,4,18,M,6,7,6,6,7,6,4,6,6,5,6,5,5,6,6,6,5,4,4,6,7,6,6,6,4,6,6,6
18241071,18242082,1824,2,4,18,M,6,7,6,6,7,6,4,6,6,1,2,3,5,6,6,6,4,6,5,6,7,6,6,6,4,6,6,6
18241071,18242080,1824,2,4,18,M,6,7,6,6,7,6,4,6,6,1,3,2,6,5,6,6,4,5,3,6,7,6,6,6,4,6,6,6
18241071,18242079,1824,2,4,18,M,6,7,6,6,7,6,4,6,6,4,5,4,4,5,5,4,3,3,4,6,7,6,6,6,4,6,6,6
18241072,18242082,1824,2,4,23.66666667,M,5,5,7,7,6,5,3,6,6,4,4,5,6,6,5,6,5,6,4,5,5,7,7,7,3,6,6,6
18241072,18242081,1824,2,4,23.66666667,M,5,5,7,7,6,5,3,6,6,5,6,6,6,NA,6,7,5,4,4,5,5,7,7,7,3,6,6,6
18241072,18242079,1824,2,4,23.66666667,M,5,5,7,7,6,5,3,6,6,6,6,6,7,4,7,7,4,3,4,5,5,7,7,7,3,6,6,6
18241072,18242080,1824,2,4,23.66666667,M,5,5,7,7,6,5,3,6,6,5,5,6,7,7,4,7,7,5,6,5,5,7,7,7,3,6,6,6
18242079,18241071,1824,2,4,17.41666667,F,4,4,5,5,4,4,4,4,4,4,3,4,4,5,5,5,4,3,4,4,5,6,5,4,4,4,5,5
18242079,18241072,1824,2,4,17.41666667,F,4,4,5,5,4,4,4,4,4,4,5,5,5,5,4,5,4,4,4,4,5,6,5,4,4,4,5,5
18242080,18241072,1824,2,4,18.5,F,4,4,7,7,7,6,7,6,6,4,4,5,5,5,5,6,6,6,5,4,4,7,6,5,6,5,6,6
18242080,18241071,1824,2,4,18.5,F,4,4,7,7,7,6,7,6,6,4,4,4,6,6,5,4,5,4,5,4,4,7,6,5,6,5,6,6
18242081,18241071,1824,2,4,20.41666667,F,5,5,7,7,5,4,6,6,6,3,4,4,4,6,6,5,5,4,4,5,6,7,7,6,7,5,6,6
18242081,18241072,1824,2,4,20.41666667,F,5,5,7,7,5,4,6,6,6,5,5,5,5,6,6,6,5,5,4,5,6,7,7,6,7,5,6,6
18242082,18241072,1824,2,4,17.91666667,F,5,5,7,5,5,4,7,6,6,6,6,5,5,5,6,3,4,5,4,6,4,7,6,5,7,5,7,7
18242082,18241071,1824,2,4,17.91666667,F,5,5,7,5,5,4,7,6,6,3,5,4,5,4,5,3,4,3,5,6,4,7,6,5,7,5,7,7
18251073,18252086,1825,2,4,18.25,M,4,4,7,5,6,5,4,4,5,6,6,6,6,6,6,6,4,6,2,5,5,7,6,7,6,6,7,5
18251073,18252083,1825,2,4,18.25,M,4,4,7,5,6,5,4,4,5,6,5,6,6,5,6,6,4,5,1,5,5,7,6,7,6,6,7,5
18251073,18252085,1825,2,4,18.25,M,4,4,7,5,6,5,4,4,5,5,5,6,6,6,6,6,4,6,3,5,5,7,6,7,6,6,7,5
18251073,18252084,1825,2,4,18.25,M,4,4,7,5,6,5,4,4,5,6,5,6,6,6,7,6,5,6,3,5,5,7,6,7,6,6,7,5
18251074,18252085,1825,2,4,18.25,M,4,4,7,7,7,7,7,7,7,4,4,4,7,7,7,5,5,7,5,5,5,7,7,7,7,7,5,7
18251074,18252087,1825,2,4,18.25,M,4,4,7,7,7,7,7,7,7,3,4,4,7,7,7,7,7,7,6,5,5,7,7,7,7,7,5,7
18251074,18252084,1825,2,4,18.25,M,4,4,7,7,7,7,7,7,7,4,4,5,5,3,6,5,5,5,6,5,5,7,7,7,7,7,5,7
18251074,18252086,1825,2,4,18.25,M,4,4,7,7,7,7,7,7,7,3,3,4,6,5,6,7,6,5,2,5,5,7,7,7,7,7,5,7
18252083,18251074,1825,2,4,19.5,F,6,5,5,5,6,2,6,6,6,5,3,5,5,5,5,5,5,3,5,6,6,6,6,6,6,4,7,7
18252083,18251073,1825,2,4,19.5,F,6,5,5,5,6,2,6,6,6,6,5,5,5,6,5,6,6,5,4,6,6,6,6,6,6,4,7,7
18252084,18251073,1825,2,4,18,F,6,3,7,7,6,4,5,7,5,6,5,6,6,6,7,6,5,4,4,6,5,7,7,6,5,5,6,5
18252084,18251074,1825,2,4,18,F,6,3,7,7,6,4,5,7,5,2,3,3,4,6,5,4,4,4,4,6,5,7,7,6,5,5,6,5
18252085,18251073,1825,2,4,17.91666667,F,3,3,6,4,4,2,5,6,4,4,4,5,4,5,4,4,4,5,3,5,5,7,5,5,5,4,6,6
18252085,18251074,1825,2,4,17.91666667,F,3,3,6,4,4,2,5,6,4,3,4,5,5,4,4,5,5,4,3,5,5,7,5,5,5,4,6,6
18252086,18251074,1825,2,4,19.25,F,4,4,7,7,7,7,6,6,6,5,5,6,5,4,4,5,4,5,4,5,5,7,7,7,6,7,6,6
18252086,18251073,1825,2,4,19.25,F,4,4,7,7,7,7,6,6,6,5,5,6,6,6,6,6,5,6,5,5,5,7,7,7,6,7,6,6
18261075,18262089,1826,2,3,18.75,M,6,7,7,5,6,3,4,5,5,4,3,4,4,2,4,4,2,4,4,6,7,6,6,6,5,4,7,7
18261075,18262090,1826,2,3,18.75,M,6,7,7,5,6,3,4,5,5,6,6,6,6,6,7,5,5,5,5,6,7,6,6,6,5,4,7,7
18261075,18262088,1826,2,3,18.75,M,6,7,7,5,6,3,4,5,5,5,6,4,4,5,5,4,6,4,6,6,7,6,6,6,5,4,7,7
18261076,18262090,1826,2,3,19.08333333,M,7,7,5,5,7,4,5,6,4,6,5,6,6,6,4,4,5,5,4,7,7,6,6,7,5,4,6,5
18261076,18262089,1826,2,3,19.08333333,M,7,7,5,5,7,4,5,6,4,5,4,5,4,4,5,4,4,5,4,7,7,6,6,7,5,4,6,5
18261076,18262088,1826,2,3,19.08333333,M,7,7,5,5,7,4,5,6,4,3,4,4,5,5,6,5,4,4,4,7,7,6,6,7,5,4,6,5
18262088,18261075,1826,2,3,17.91666667,F,6,6,7,7,5,5,5,6,6,5,5,5,6,6,6,6,6,6,5,6,6,7,7,5,4,5,6,6
18262088,18261076,1826,2,3,17.91666667,F,6,6,7,7,5,5,5,6,6,5,5,5,6,5,6,5,5,5,3,6,6,7,7,5,4,5,6,6
18262089,18261075,1826,2,3,19.25,F,4,7,5,7,7,4,4,4,5,5,3,5,5,7,4,4,4,4,4,5,6,4,7,7,5,3,4,5
18262089,18261076,1826,2,3,19.25,F,4,7,5,7,7,4,4,4,5,5,5,5,6,6,5,5,4,5,3,5,6,4,7,7,5,3,4,5
18262090,18261075,1826,2,3,17.91666667,F,6,6,6,6,6,5,6,6,7,5,5,5,6,6,7,7,6,4,4,6,5,6,6,6,6,6,6,7
18262090,18262090,1826,2,3,17.91666667,F,6,6,6,6,6,5,6,6,7,5,5,4,7,6,7,6,6,3,6,6,5,6,6,6,6,6,6,7
18271077,18272093,1827,2,3,22.83333333,M,5,5,7,4,5,5,5,4,6,4,4,4,6,6,5,5,6,4,5,5,5,7,4,5,5,4,4,7
18271077,18272091,1827,2,3,22.83333333,M,5,5,7,4,5,5,5,4,6,4,4,5,6,6,5,4,6,5,4,5,5,7,4,5,5,4,4,7
18271077,18272092,1827,2,3,22.83333333,M,5,5,7,4,5,5,5,4,6,4,4,4,6,4,5,5,4,4,4,5,5,7,4,5,5,4,4,7
18271078,18272091,1827,2,3,22.25,M,5,6,6,6,7,6,5,6,7,5,4,5,6,6,6,6,6,6,5,5,6,6,7,7,6,5,7,6
18271078,18272093,1827,2,3,22.25,M,5,6,6,6,7,6,5,6,7,4,4,5,6,5,4,7,5,5,4,5,6,6,7,7,6,5,7,6
18271078,18272092,1827,2,3,22.25,M,5,6,6,6,7,6,5,6,7,4,3,3,5,2,5,5,4,5,3,5,6,6,7,7,6,5,7,6
18272091,18271078,1827,2,3,18.41666667,F,6,5,7,4,5,5,6,7,6,4,4,4,6,5,5,5,4,4,4,6,5,7,5,6,6,6,7,6
18272091,18271077,1827,2,3,18.41666667,F,6,5,7,4,5,5,6,7,6,3,4,4,5,6,6,5,3,4,4,6,5,7,5,6,6,6,7,6
18272092,18271077,1827,2,3,17.66666667,F,4,4,5,6,6,4,5,6,5,4,4,4,4,4,4,4,3,3,1,4,4,5,6,5,4,4,6,5
18272092,18271078,1827,2,3,17.66666667,F,4,4,5,6,6,4,5,6,5,4,4,4,5,4,4,5,4,4,3,4,4,5,6,5,4,4,6,5
18272093,18271077,1827,2,3,17.75,F,5,4,7,5,6,5,5,5,5,1,2,4,5,6,5,6,4,5,4,5,5,7,6,6,5,4,6,6
18272093,18271078,1827,2,3,17.75,F,5,4,7,5,6,5,5,5,5,3,4,4,5,5,5,5,4,4,4,5,5,7,6,6,5,4,6,6
18281079,18282095,1828,4,4,20.5,M,6,6,6,6,6,4,6,5,4,5,5,5,5,5,4,5,5,5,4,6,6,6,6,6,6,5,6,5
18281079,18282097,1828,4,4,20.5,M,6,6,6,6,6,4,6,5,4,5,5,5,5,5,5,5,4,5,3,6,6,6,6,6,6,5,6,5
18281079,18282096,1828,4,4,20.5,M,6,6,6,6,6,4,6,5,4,3,3,4,6,6,5,5,3,4,4,6,6,6,6,6,6,5,6,5
18281079,18282094,1828,4,4,20.5,M,6,6,6,6,6,4,6,5,4,4,4,4,5,6,5,5,4,5,4,6,6,6,6,6,6,5,6,5
18281080,18282095,1828,4,4,21.66666667,M,4,4,6,4,6,4,6,4,7,6,7,7,6,6,4,4,6,4,7,6,6,7,5,6,5,4,6,7
18281080,18282097,1828,4,4,21.66666667,M,4,4,6,4,6,4,6,4,7,6,6,7,6,5,5,4,6,4,5,6,6,7,5,6,5,4,6,7
18281080,18282096,1828,4,4,21.66666667,M,4,4,6,4,6,4,6,4,7,5,5,6,6,5,5,3,4,4,7,6,6,7,5,6,5,4,6,7
18281080,18282094,1828,4,4,21.66666667,M,4,4,6,4,6,4,6,4,7,6,5,7,6,6,6,6,6,6,4,6,6,7,5,6,5,4,6,7
18281081,18282096,1828,4,4,17.66666667,M,6,6,4,3,7,5,4,5,5,3,4,3,5,5,6,3,3,4,5,7,6,5,6,7,6,5,7,7
18281081,18282094,1828,4,4,17.66666667,M,6,6,4,3,7,5,4,5,5,6,4,5,4,6,5,6,4,7,3,7,6,5,6,7,6,5,7,7
18281081,18282095,1828,4,4,17.66666667,M,6,6,4,3,7,5,4,5,5,6,6,6,6,5,5,6,6,4,5,7,6,5,6,7,6,5,7,7
18281081,18282097,1828,4,4,17.66666667,M,6,6,4,3,7,5,4,5,5,5,6,6,6,6,5,4,4,4,5,7,6,5,6,7,6,5,7,7
18281082,18282094,1828,4,4,18.41666667,M,5,4,7,6,5,5,4,5,4,4,4,5,4,5,3,4,4,4,4,5,4,6,5,4,5,5,5,5
18281082,18282097,1828,4,4,18.41666667,M,5,4,7,6,5,5,4,5,4,5,5,5,5,5,5,5,5,6,5,5,4,6,5,4,5,5,5,5
18281082,18282095,1828,4,4,18.41666667,M,5,4,7,6,5,5,4,5,4,4,5,6,5,6,5,4,5,4,4,5,4,6,5,4,5,5,5,5
18281082,18282096,1828,4,4,18.41666667,M,5,4,7,6,5,5,4,5,4,3,5,4,5,5,5,5,5,4,5,5,4,6,5,4,5,5,5,5
18282094,18281082,1828,4,4,22.33333333,F,4,4,6,6,5,5,5,6,6,5,4,4,4,3,5,4,4,4,4,5,4,5,6,5,4,5,5,6
18282094,18281079,1828,4,4,22.33333333,F,4,4,6,6,5,5,5,6,6,3,4,3,6,5,4,6,5,5,4,5,4,5,6,5,4,5,5,6
18282094,18281081,1828,4,4,22.33333333,F,4,4,6,6,5,5,5,6,6,4,4,4,4,3,5,5,3,5,5,5,4,5,6,5,4,5,5,6
18282094,18281080,1828,4,4,22.33333333,F,4,4,6,6,5,5,5,6,6,3,3,4,5,7,4,5,6,5,6,5,4,5,6,5,4,5,5,6
18282095,18281082,1828,4,4,17.91666667,F,5,5,6,6,6,5,6,7,6,4,4,5,5,5,6,5,6,4,3,6,5,5,5,6,5,4,5,6
18282095,18281081,1828,4,4,17.91666667,F,5,5,6,6,6,5,6,7,6,3,3,3,4,3,5,5,3,5,3,6,5,5,5,6,5,4,5,6
18282095,18281079,1828,4,4,17.91666667,F,5,5,6,6,6,5,6,7,6,2,4,2,5,3,5,5,3,4,3,6,5,5,5,6,5,4,5,6
18282095,18281080,1828,4,4,17.91666667,F,5,5,6,6,6,5,6,7,6,4,3,5,6,6,5,5,6,5,5,6,5,5,5,6,5,4,5,6
18282096,18281082,1828,4,4,18.75,F,4,4,7,5,6,4,2,7,5,5,5,6,5,6,6,4,6,4,4,5,4,6,6,6,5,4,6,5
18282096,18281080,1828,4,4,18.75,F,4,4,7,5,6,4,2,7,5,5,4,6,6,6,5,5,6,4,5,5,4,6,6,6,5,4,6,5
18282096,18281079,1828,4,4,18.75,F,4,4,7,5,6,4,2,7,5,5,5,5,5,6,4,6,4,4,4,5,4,6,6,6,5,4,6,5
18282096,18281081,1828,4,4,18.75,F,4,4,7,5,6,4,2,7,5,6,5,6,6,5,5,6,5,5,4,5,4,6,6,6,5,4,6,5
18282097,18281081,1828,4,4,18.66666667,F,5,4,7,6,4,6,5,5,5,4,2,5,7,6,5,7,4,6,4,6,5,7,7,5,6,7,5,5
18282097,18281080,1828,4,4,18.66666667,F,5,4,7,6,4,6,5,5,5,6,4,6,5,6,6,5,6,6,5,6,5,7,7,5,6,7,5,5
18282097,18281082,1828,4,4,18.66666667,F,5,4,7,6,4,6,5,5,5,4,4,5,5,6,5,3,4,5,5,6,5,7,7,5,6,7,5,5
18282097,18281079,1828,4,4,18.66666667,F,5,4,7,6,4,6,5,5,5,4,3,4,7,5,5,5,4,4,4,6,5,7,7,5,6,7,5,5
18291083,18292101,1829,4,4,20.33333333,M,5,4,6,5,5,5,5,6,6,5,6,6,5,6,5,5,5,5,5,6,5,6,5,6,6,5,6,6
18291083,18292099,1829,4,4,20.33333333,M,5,4,6,5,5,5,5,6,6,5,5,5,5,6,6,5,6,5,5,6,5,6,5,6,6,5,6,6
18291083,18292098,1829,4,4,20.33333333,M,5,4,6,5,5,5,5,6,6,6,6,6,5,6,6,6,5,4,5,6,5,6,5,6,6,5,6,6
18291083,18292100,1829,4,4,20.33333333,M,5,4,6,5,5,5,5,6,6,5,4,5,5,6,6,5,6,5,5,6,5,6,5,6,6,5,6,6
18291084,18292101,1829,4,4,18.16666667,M,6,5,6,5,5,3,5,5,5,6,6,6,5,5,5,5,5,5,4,6,6,6,5,5,5,5,5,5
18291084,18292099,1829,4,4,18.16666667,M,6,5,6,5,5,3,5,5,5,4,5,5,5,5,5,6,4,4,4,6,6,6,5,5,5,5,5,5
18291084,18292100,1829,4,4,18.16666667,M,6,5,6,5,5,3,5,5,5,4,4,5,5,6,5,5,5,4,5,6,6,6,5,5,5,5,5,5
18291084,18292098,1829,4,4,18.16666667,M,6,5,6,5,5,3,5,5,5,3,4,4,5,5,5,4,4,5,4,6,6,6,5,5,5,5,5,5
18291085,18292098,1829,4,4,17.5,M,6,7,4,6,7,5,5,7,7,5,3,4,4,5,6,4,3,6,4,6,6,4,5,6,5,5,6,6
18291085,18292100,1829,4,4,17.5,M,6,7,4,6,7,5,5,7,7,6,2,4,3,5,4,2,4,4,5,6,6,4,5,6,5,5,6,6
18291085,18292101,1829,4,4,17.5,M,6,7,4,6,7,5,5,7,7,5,6,6,6,5,5,5,5,3,3,6,6,4,5,6,5,5,6,6
18291085,18292099,1829,4,4,17.5,M,6,7,4,6,7,5,5,7,7,3,6,5,4,6,5,6,4,5,4,6,6,4,5,6,5,5,6,6
18291086,18292099,1829,4,4,19.75,M,6,6,6,6,6,6,6,6,6,4,5,4,6,6,5,5,5,5,5,6,6,7,7,6,5,6,6,7
18291086,18292100,1829,4,4,19.75,M,6,6,6,6,6,6,6,6,6,5,4,5,4,5,4,5,5,5,5,6,6,7,7,6,5,6,6,7
18291086,18292098,1829,4,4,19.75,M,6,6,6,6,6,6,6,6,6,5,5,6,5,5,5,5,4,5,5,6,6,7,7,6,5,6,6,7
18291086,18292101,1829,4,4,19.75,M,6,6,6,6,6,6,6,6,6,4,5,4,4,4,4,4,4,4,5,6,6,7,7,6,5,6,6,7
18292098,18291083,1829,4,4,35.25,F,4,4,6,4,5,5,4,6,6,5,6,5,6,5,6,5,4,5,4,5,4,6,4,6,5,5,7,7
18292098,18291084,1829,4,4,35.25,F,4,4,6,4,5,5,4,6,6,4,4,4,5,3,5,4,4,4,2,5,4,6,4,6,5,5,7,7
18292098,18291086,1829,4,4,35.25,F,4,4,6,4,5,5,4,6,6,6,6,6,6,7,6,6,5,6,3,5,4,6,4,6,5,5,7,7
18292098,18291085,1829,4,4,35.25,F,4,4,6,4,5,5,4,6,6,4,4,5,6,5,6,6,5,6,3,5,4,6,4,6,5,5,7,7
18292099,18291083,1829,4,4,21.25,F,5,4,6,6,6,5,5,6,5,6,6,6,5,5,5,5,5,4,4,5,4,6,6,6,6,5,6,5
18292099,18291086,1829,4,4,21.25,F,5,4,6,6,6,5,5,6,5,6,6,6,6,6,6,6,5,4,4,5,4,6,6,6,6,5,6,5
18292099,18291084,1829,4,4,21.25,F,5,4,6,6,6,5,5,6,5,4,4,4,5,3,4,5,3,4,3,5,4,6,6,6,6,5,6,5
18292099,18291085,1829,4,4,21.25,F,5,4,6,6,6,5,5,6,5,5,4,5,6,5,5,6,4,6,3,5,4,6,6,6,6,5,6,5
18292100,18291085,1829,4,4,17.5,F,5,5,7,3,4,4,5,7,7,4,3,3,5,4,7,6,5,5,6,6,5,7,5,5,5,5,7,7
18292100,18291086,1829,4,4,17.5,F,5,5,7,3,4,4,5,7,7,5,6,6,5,6,7,6,5,5,4,6,5,7,5,5,5,5,7,7
18292100,18291083,1829,4,4,17.5,F,5,5,7,3,4,4,5,7,7,3,4,3,5,5,5,5,5,4,4,6,5,7,5,5,5,5,7,7
18292100,18291084,1829,4,4,17.5,F,5,5,7,3,4,4,5,7,7,3,4,3,4,3,4,3,3,3,4,6,5,7,5,5,5,5,7,7
18292101,18291083,1829,4,4,17.66666667,F,7,7,7,6,6,6,6,7,6,5,6,5,6,6,6,6,5,5,4,6,6,7,6,6,6,6,7,7
18292101,18291084,1829,4,4,17.66666667,F,7,7,7,6,6,6,6,7,6,2,2,2,7,2,5,4,3,5,4,6,6,7,6,6,6,6,7,7
18292101,18291085,1829,4,4,17.66666667,F,7,7,7,6,6,6,6,7,6,4,4,4,7,6,5,5,4,5,3,6,6,7,6,6,6,6,7,7
18292101,18291086,1829,4,4,17.66666667,F,7,7,7,6,6,6,6,7,6,7,7,7,7,7,6,6,7,6,5,6,6,7,6,6,6,6,7,7
18301087,18302106,1830,2,4,20.91666667,M,7,6,7,6,5,5,7,6,7,5,5,5,5,3,5,5,4,4,4,7,7,7,7,5,7,6,6,7
18301087,18302107,1830,2,4,20.91666667,M,7,6,7,6,5,5,7,6,7,5,4,6,6,5,5,6,5,4,4,7,7,7,7,5,7,6,6,7
18301087,18302104,1830,2,4,20.91666667,M,7,6,7,6,5,5,7,6,7,6,6,6,5,6,5,5,6,6,4,7,7,7,7,5,7,6,6,7
18301087,18302105,1830,2,4,20.91666667,M,7,6,7,6,5,5,7,6,7,3,3,4,6,4,6,6,5,5,3,7,7,7,7,5,7,6,6,7
18301088,18302107,1830,2,4,30.41666667,M,5,5,6,5,6,5,6,5,5,5,5,6,6,5,5,5,5,4,4,6,5,5,6,5,6,5,5,5
18301088,18302104,1830,2,4,30.41666667,M,5,5,6,5,6,5,6,5,5,6,6,6,6,6,5,6,5,6,5,6,5,5,6,5,6,5,5,5
18301088,18302105,1830,2,4,30.41666667,M,5,5,6,5,6,5,6,5,5,4,3,4,6,5,5,3,4,4,4,6,5,5,6,5,6,5,5,5
18301088,18302106,1830,2,4,30.41666667,M,5,5,6,5,6,5,6,5,5,5,5,6,6,6,4,5,3,5,3,6,5,5,6,5,6,5,5,5
18302104,18301087,1830,2,4,18.08333333,F,5,4,7,6,7,6,5,7,7,5,4,5,5,6,5,5,5,4,4,7,6,6,6,6,5,6,6,7
18302104,18301088,1830,2,4,18.08333333,F,5,4,7,6,7,6,5,7,7,4,3,3,3,3,7,6,3,5,3,7,6,6,6,6,5,6,6,7
18302105,18301087,1830,2,4,21.5,F,5,4,6,4,5,6,4,6,7,4,4,5,5,5,4,4,4,3,4,5,4,5,4,4,5,5,6,6
18302105,18301088,1830,2,4,21.5,F,5,4,6,4,5,6,4,6,7,4,3,3,4,2,4,3,3,4,2,5,4,5,4,4,5,5,6,6
18302106,18301087,1830,2,4,18.25,F,5,5,7,6,6,5,6,5,4,5,5,6,5,6,6,5,5,4,3,5,5,6,5,5,6,5,5,5
18302106,18301088,1830,2,4,18.25,F,5,5,7,6,6,5,6,5,4,4,3,4,6,6,5,6,4,5,3,5,5,6,5,5,6,5,5,5
18302107,18301088,1830,2,4,18.08333333,F,5,5,6,4,5,5,4,5,6,5,5,6,6,6,5,5,4,4,4,5,5,6,4,5,4,4,5,6
18302107,18301087,1830,2,4,18.08333333,F,5,5,6,4,5,5,4,5,6,4,4,4,4,4,4,4,5,4,4,5,5,6,4,5,4,4,5,6
18311089,18312110,1831,2,4,22.33333333,M,4,4,7,5,5,5,4,5,5,5,5,6,5,5,5,5,5,5,5,5,5,6,6,6,5,5,5,5
18311089,18312108,1831,2,4,22.33333333,M,4,4,7,5,5,5,4,5,5,5,6,6,6,6,5,6,5,5,5,5,5,6,6,6,5,5,5,5
18311089,18312109,1831,2,4,22.33333333,M,4,4,7,5,5,5,4,5,5,6,6,6,6,4,5,5,5,5,5,5,5,6,6,6,5,5,5,5
18311089,18312111,1831,2,4,22.33333333,M,4,4,7,5,5,5,4,5,5,6,6,6,6,6,5,5,5,5,5,5,5,6,6,6,5,5,5,5
18311090,18312108,1831,2,4,17.66666667,M,5,3,7,5,4,5,4,5,6,4,3,4,5,4,4,6,4,5,3,5,5,6,6,5,4,5,5,6
18311090,18312110,1831,2,4,17.66666667,M,5,3,7,5,4,5,4,5,6,5,4,5,6,5,5,6,4,6,4,5,5,6,6,5,4,5,5,6
18311090,18312109,1831,2,4,17.66666667,M,5,3,7,5,4,5,4,5,6,4,4,4,5,5,6,5,4,4,3,5,5,6,6,5,4,5,5,6
18311090,18312111,1831,2,4,17.66666667,M,5,3,7,5,4,5,4,5,6,5,5,5,5,5,4,5,5,4,3,5,5,6,6,5,4,5,5,6
18312108,18311090,1831,2,4,20.83333333,F,4,4,7,5,6,3,6,6,5,4,3,5,4,5,5,3,5,4,4,5,4,7,5,5,6,4,7,7
18312108,18311089,1831,2,4,20.83333333,F,4,4,7,5,6,3,6,6,5,5,5,5,5,6,6,6,6,7,4,5,4,7,5,5,6,4,7,7
18312109,18311090,1831,2,4,20.58333333,F,6,5,6,5,6,4,6,5,5,3,3,2,3,3,4,4,3,4,2,6,5,6,5,6,6,4,6,5
18312109,18311089,1831,2,4,20.58333333,F,6,5,6,5,6,4,6,5,5,4,4,4,4,3,5,5,4,4,4,6,5,6,5,6,6,4,6,5
18312110,18311090,1831,2,4,23.33333333,F,3,3,7,6,7,1,3,7,4,4,4,4,4,3,4,4,3,4,3,4,4,7,6,7,4,4,6,5
18312110,18311089,1831,2,4,23.33333333,F,3,3,7,6,7,1,3,7,4,3,4,5,4,5,4,4,5,4,4,4,4,7,6,7,4,4,6,5
18312111,18311089,1831,2,4,17.83333333,F,4,4,6,5,5,5,4,7,7,4,4,5,5,5,4,4,5,4,4,5,6,5,5,6,4,5,6,6
18312111,18311090,1831,2,4,17.83333333,F,4,4,6,5,5,5,4,7,7,4,4,4,5,3,4,5,3,4,4,5,6,5,5,6,4,5,6,6
18321091,18322112,1832,3,3,18.08333333,M,7,4,7,5,6,7,4,7,4,5,5,6,5,5,6,5,6,5,4,6,6,7,5,6,5,7,7,6
18321091,18322113,1832,3,3,18.08333333,M,7,4,7,5,6,7,4,7,4,7,6,7,6,6,7,7,5,5,4,6,6,7,5,6,5,7,7,6
18321091,18322114,1832,3,3,18.08333333,M,7,4,7,5,6,7,4,7,4,4,5,5,4,5,6,6,5,5,3,6,6,7,5,6,5,7,7,6
18321092,18322112,1832,3,3,17.5,M,5,5,6,5,6,4,3,5,5,4,4,4,5,6,5,4,5,5,4,7,7,7,5,6,5,4,5,6
18321092,18322113,1832,3,3,17.5,M,5,5,6,5,6,4,3,5,5,5,5,6,5,6,5,4,5,3,4,7,7,7,5,6,5,4,5,6
18321092,18322114,1832,3,3,17.5,M,5,5,6,5,6,4,3,5,5,5,4,5,5,4,5,4,4,3,3,7,7,7,5,6,5,4,5,6
18321093,18322112,1832,3,3,19.41666667,M,4,4,5,4,3,3,4,3,3,5,5,6,5,6,5,5,5,4,4,5,5,6,5,5,5,4,5,5
18321093,18322114,1832,3,3,19.41666667,M,4,4,5,4,3,3,4,3,3,5,4,6,5,3,6,4,4,3,2,5,5,6,5,5,5,4,5,5
18321093,18322113,1832,3,3,19.41666667,M,4,4,5,4,3,3,4,3,3,5,5,5,5,5,6,6,4,4,5,5,5,6,5,5,5,4,5,5
18322112,18321093,1832,3,3,20.41666667,F,5,5,7,6,6,4,5,6,6,1,1,2,5,3,4,4,3,5,5,5,6,6,6,6,6,4,5,5
18322112,18321092,1832,3,3,20.41666667,F,5,5,7,6,6,4,5,6,6,3,5,3,4,6,5,6,6,4,6,5,6,6,6,6,6,4,5,5
18322112,18321091,1832,3,3,20.41666667,F,5,5,7,6,6,4,5,6,6,5,3,5,5,5,5,6,4,5,5,5,6,6,6,6,6,4,5,5
18322113,18321091,1832,3,3,21.66666667,F,5,6,6,6,6,4,5,5,6,5,6,5,6,4,5,5,5,4,5,5,6,6,6,6,6,4,5,6
18322113,18321093,1832,3,3,21.66666667,F,5,6,6,6,6,4,5,5,6,3,2,3,6,5,5,5,4,4,4,5,6,6,6,6,6,4,5,6
18322113,18321092,1832,3,3,21.66666667,F,5,6,6,6,6,4,5,5,6,4,6,6,4,6,5,5,6,4,4,5,6,6,6,6,6,4,5,6
18322114,18321091,1832,3,3,18.91666667,F,6,4,7,5,5,4,5,5,4,4,4,4,6,5,5,3,4,5,2,6,5,5,5,5,5,5,5,5
18322114,18321092,1832,3,3,18.91666667,F,6,4,7,5,5,4,5,5,4,4,4,4,5,5,5,4,5,5,2,6,5,5,5,5,5,5,5,5
18322114,18321093,1832,3,3,18.91666667,F,6,4,7,5,5,4,5,5,4,4,4,4,5,5,5,5,4,5,2,6,5,5,5,5,5,5,5,5
18331094,18332117,1833,2,4,17.58333333,M,5,5,7,5,6,4,5,6,6,5,5,6,6,6,5,5,5,5,4,5,5,6,5,6,6,4,6,6
18331094,18332118,1833,2,4,17.58333333,M,5,5,7,5,6,4,5,6,6,5,5,5,5,6,5,5,5,5,4,5,5,6,5,6,6,4,6,6
18331094,18332116,1833,2,4,17.58333333,M,5,5,7,5,6,4,5,6,6,4,4,5,6,7,5,5,5,3,5,5,5,6,5,6,6,4,6,6
18331094,18332115,1833,2,4,17.58333333,M,5,5,7,5,6,4,5,6,6,6,5,6,5,6,3,5,4,5,4,5,5,6,5,6,6,4,6,6
18332115,18331094,1833,2,4,18.16666667,F,4,4,7,6,6,5,5,5,5,5,5,5,6,7,6,6,5,6,3,5,5,7,6,6,5,5,6,5
18332115,18332119,1833,2,4,18.16666667,F,4,4,7,6,6,5,5,5,5,5,4,5,6,5,7,6,5,6,4,5,5,7,6,6,5,5,6,5
18332116,18332119,1833,2,4,17.41666667,F,3,1,7,1,7,5,7,2,1,4,1,3,6,4,2,5,3,1,4,7,7,7,3,7,7,5,4,4
18332116,18331094,1833,2,4,17.41666667,F,3,1,7,1,7,5,7,2,1,5,4,5,3,2,1,3,2,1,5,7,7,7,3,7,7,5,4,4
18332117,18331094,1833,2,4,18.16666667,F,4,4,5,6,4,4,5,5,4,5,5,5,6,6,5,5,5,5,4,6,6,6,6,5,5,5,5,5
18332117,18332119,1833,2,4,18.16666667,F,4,4,5,6,4,4,5,5,4,6,5,6,6,4,7,6,5,7,5,6,6,6,6,5,5,5,5,5
18332118,18331094,1833,2,4,19.41666667,F,6,4,6,5,6,5,4,4,3,6,4,5,6,5,6,5,3,5,3,6,5,4,5,6,4,6,6,4
18332118,18332119,1833,2,4,19.41666667,F,6,4,6,5,6,5,4,4,3,4,3,3,5,4,5,4,2,5,2,6,5,4,5,6,4,6,6,4
18332119,18332115,1833,2,4,17.91666667,M,7,5,7,4,6,7,5,5,5,5,5,5,6,4,6,4,5,3,4,7,7,7,6,6,6,7,6,5
18332119,18332117,1833,2,4,17.91666667,M,7,5,7,4,6,7,5,5,5,4,5,4,5,5,6,5,5,4,4,7,7,7,6,6,6,7,6,5
18332119,18332118,1833,2,4,17.91666667,M,7,5,7,4,6,7,5,5,5,5,6,6,6,5,5,5,5,4,4,7,7,7,6,6,6,7,6,5
18332119,18332116,1833,2,4,17.91666667,M,7,5,7,4,6,7,5,5,5,3,5,4,5,5,5,5,5,4,5,7,7,7,6,6,6,7,6,5
18341095,18342121,1834,2,4,19.75,M,7,5,6,6,5,4,7,4,5,4,5,5,4,3,4,3,3,5,4,6,5,6,5,7,7,4,4,7
18341095,18342120,1834,2,4,19.75,M,7,5,6,6,5,4,7,4,5,3,3,4,5,5,3,6,4,4,4,6,5,6,5,7,7,4,4,7
18341095,18342123,1834,2,4,19.75,M,7,5,6,6,5,4,7,4,5,5,4,5,5,6,5,5,6,4,5,6,5,6,5,7,7,4,4,7
18341095,18342122,1834,2,4,19.75,M,7,5,6,6,5,4,7,4,5,3,3,3,5,3,5,3,3,4,4,6,5,6,5,7,7,4,4,7
18341096,18342121,1834,2,4,19.75,M,5,5,7,5,6,4,5,5,5,3,5,3,3,4,5,3,4,4,4,5,6,7,6,6,4,4,5,5
18341096,18342123,1834,2,4,19.75,M,5,5,7,5,6,4,5,5,5,3,4,3,4,5,6,4,4,4,5,5,6,7,6,6,4,4,5,5
18341096,18342122,1834,2,4,19.75,M,5,5,7,5,6,4,5,5,5,4,4,4,4,4,6,4,4,7,5,5,6,7,6,6,4,4,5,5
18341096,18342120,1834,2,4,19.75,M,5,5,7,5,6,4,5,5,5,5,4,5,7,6,5,7,4,4,4,5,6,7,6,6,4,4,5,5
18342120,18341095,1834,2,4,18.41666667,F,7,7,7,7,7,6,7,7,7,3,3,5,6,7,5,6,6,4,6,7,7,7,7,7,7,5,7,7
18342120,18341096,1834,2,4,18.41666667,F,7,7,7,7,7,6,7,7,7,7,7,7,7,7,7,6,5,4,6,7,7,7,7,7,7,5,7,7
18342121,18341095,1834,2,4,18.41666667,F,5,5,6,5,5,5,5,5,4,4,4,5,5,6,5,5,5,5,4,5,5,6,5,5,5,5,5,4
18342121,18341096,1834,2,4,18.41666667,F,5,5,6,5,5,5,5,5,4,6,5,6,5,6,5,5,5,5,4,5,5,6,5,5,5,5,5,4
18342122,18341095,1834,2,4,18.5,F,4,4,7,6,5,5,4,7,5,4,3,4,4,5,5,5,4,3,4,6,6,7,6,5,5,6,7,6
18342122,18341096,1834,2,4,18.5,F,4,4,7,6,5,5,4,7,5,7,6,7,5,6,5,5,5,5,3,6,6,7,6,5,5,6,7,6
18342123,18341096,1834,2,4,18,F,4,4,6,5,6,5,6,6,5,5,5,6,6,6,4,6,5,4,4,4,5,6,4,6,6,4,6,5
18342123,18341095,1834,2,4,18,F,4,4,6,5,6,5,6,6,5,3,4,3,5,6,6,5,5,5,4,4,5,6,4,6,6,4,6,5
18351097,18352126,1835,3,4,19.75,M,2,3,6,5,6,3,7,7,5,5,6,6,5,6,5,6,6,4,4,3,4,6,6,6,7,3,6,6
18351097,18352127,1835,3,4,19.75,M,2,3,6,5,6,3,7,7,5,4,4,4,5,5,5,5,6,5,4,3,4,6,6,6,7,3,6,6
18351097,18352125,1835,3,4,19.75,M,2,3,6,5,6,3,7,7,5,4,4,4,6,5,5,6,4,3,4,3,4,6,6,6,7,3,6,6
18351097,18352124,1835,3,4,19.75,M,2,3,6,5,6,3,7,7,5,5,5,6,5,6,6,6,5,7,4,3,4,6,6,6,7,3,6,6
18351098,18352126,1835,3,4,24.33333333,M,5,5,6,4,5,5,5,6,7,6,6,6,5,5,5,4,5,4,3,5,5,6,4,5,5,5,6,7
18351098,18352127,1835,3,4,24.33333333,M,5,5,6,4,5,5,5,6,7,4,3,4,5,5,6,4,5,4,3,5,5,6,4,5,5,5,6,7
18351098,18352125,1835,3,4,24.33333333,M,5,5,6,4,5,5,5,6,7,5,4,5,5,6,5,3,5,5,3,5,5,6,4,5,5,5,6,7
18351098,18352124,1835,3,4,24.33333333,M,5,5,6,4,5,5,5,6,7,6,6,6,5,5,5,4,5,4,3,5,5,6,4,5,5,5,6,7
18351099,18352127,1835,3,4,25.41666667,M,4,4,5,3,6,3,4,4,4,4,4,4,5,5,5,5,4,4,4,6,6,6,4,7,5,5,6,6
18351099,18352125,1835,3,4,25.41666667,M,4,4,5,3,6,3,4,4,4,4,4,4,5,5,4,5,4,4,3,6,6,6,4,7,5,5,6,6
18351099,18352124,1835,3,4,25.41666667,M,4,4,5,3,6,3,4,4,4,5,5,4,4,4,5,4,4,4,4,6,6,6,4,7,5,5,6,6
18351099,18352126,1835,3,4,25.41666667,M,4,4,5,3,6,3,4,4,4,5,5,5,5,5,5,4,4,4,4,6,6,6,4,7,5,5,6,6
18352124,18351099,1835,3,4,17.75,F,6,6,7,6,6,5,6,6,5,1,2,1,6,4,5,6,5,3,4,6,6,7,7,6,6,5,6,5
18352124,18351097,1835,3,4,17.75,F,6,6,7,6,6,5,6,6,5,6,6,7,6,7,6,7,7,4,5,6,6,7,7,6,6,5,6,5
18352124,18351098,1835,3,4,17.75,F,6,6,7,6,6,5,6,6,5,2,3,2,6,5,5,6,2,2,4,6,6,7,7,6,6,5,6,5
18352125,18351099,1835,3,4,17.41666667,F,5,5,6,6,4,4,6,6,6,4,5,5,7,5,4,7,4,6,4,5,5,7,6,5,6,6,7,7
18352125,18351097,1835,3,4,17.41666667,F,5,5,6,6,4,4,6,6,6,7,5,7,6,7,4,6,7,6,5,5,5,7,6,5,6,6,7,7
18352125,18351098,1835,3,4,17.41666667,F,5,5,6,6,4,4,6,6,6,5,3,5,7,6,6,7,6,6,6,5,5,7,6,5,6,6,7,7
18352126,18351099,1835,3,4,18.83333333,F,5,6,7,7,7,3,6,6,5,4,4,4,7,6,5,6,3,7,3,5,6,7,7,7,7,3,6,5
18352126,18351098,1835,3,4,18.83333333,F,5,6,7,7,7,3,6,6,5,4,4,4,6,5,5,5,4,4,3,5,6,7,7,7,7,3,6,5
18352126,18351097,1835,3,4,18.83333333,F,5,6,7,7,7,3,6,6,5,6,5,7,7,7,6,6,7,4,2,5,6,7,7,7,7,3,6,5
18352127,18351099,1835,3,4,19.33333333,F,5,4,7,7,6,7,6,6,6,4,4,5,6,6,6,6,6,5,4,5,5,6,6,6,5,6,6,5
18352127,18351097,1835,3,4,19.33333333,F,5,4,7,7,6,7,6,6,6,5,6,6,6,7,6,6,7,5,4,5,5,6,6,6,5,6,6,5
18352127,18351098,1835,3,4,19.33333333,F,5,4,7,7,6,7,6,6,6,4,4,4,5,5,5,5,4,5,2,5,5,6,6,6,5,6,6,5
18361100,18362128,1836,2,4,19.5,M,7,3,6,4,4,5,4,4,6,5,5,6,6,6,6,4,5,4,4,7,5,6,5,5,4,6,5,6
18361100,18362131,1836,2,4,19.5,M,7,3,6,4,4,5,4,4,6,6,6,6,6,6,6,4,6,5,5,7,5,6,5,5,4,6,5,6
18361100,18362129,1836,2,4,19.5,M,7,3,6,4,4,5,4,4,6,6,6,6,6,6,5,4,4,4,4,7,5,6,5,5,4,6,5,6
18361100,18362130,1836,2,4,19.5,M,7,3,6,4,4,5,4,4,6,5,4,5,6,6,5,4,5,4,4,7,5,6,5,5,4,6,5,6
18361101,18362128,1836,2,4,17.25,M,4,4,5,4,5,5,4,5,5,6,6,6,6,6,6,5,5,5,3,4,4,5,5,5,4,5,5,5
18361101,18362131,1836,2,4,17.25,M,4,4,5,4,5,5,4,5,5,5,5,5,6,5,6,4,5,5,3,4,4,5,5,5,4,5,5,5
18361101,18362129,1836,2,4,17.25,M,4,4,5,4,5,5,4,5,5,4,4,4,5,5,5,4,4,5,1,4,4,5,5,5,4,5,5,5
18361101,18362130,1836,2,4,17.25,M,4,4,5,4,5,5,4,5,5,4,3,5,5,6,6,5,6,5,4,4,4,5,5,5,4,5,5,5
18362128,18361101,1836,2,4,18.5,F,4,3,7,4,4,1,4,6,6,5,4,4,6,3,6,7,4,4,4,6,5,7,5,5,5,4,6,6
18362128,18361100,1836,2,4,18.5,F,4,3,7,4,4,1,4,6,6,4,3,4,7,6,6,6,6,4,5,6,5,7,5,5,5,4,6,6
18362129,18361101,1836,2,4,18.41666667,F,4,4,6,5,5,3,5,6,5,2,2,2,4,6,5,5,4,4,3,6,5,6,6,6,5,5,7,6
18362129,18361100,1836,2,4,18.41666667,F,4,4,6,5,5,3,5,6,5,2,2,2,6,6,6,5,5,5,3,6,5,6,6,6,5,5,7,6
18362130,18361100,1836,2,4,17.58333333,F,5,4,7,5,6,6,5,6,6,6,4,5,6,7,6,7,6,5,4,5,4,6,5,6,5,5,6,6
18362130,18361101,1836,2,4,17.58333333,F,5,4,7,5,6,6,5,6,6,5,4,4,6,4,4,5,3,4,4,5,4,6,5,6,5,5,6,6
18362131,18361101,1836,2,4,21.5,F,4,3,7,6,6,6,6,6,6,4,4,5,5,5,4,4,4,4,4,5,5,6,6,6,6,6,6,6
18362131,18361100,1836,2,4,21.5,F,4,3,7,6,6,6,6,6,6,4,4,4,5,5,4,4,5,4,4,5,5,6,6,6,6,6,6,6
18371102,18372132,1837,4,3,20.33333333,M,6,5,5,5,6,4,4,6,6,5,5,6,5,5,5,4,5,4,5,6,6,6,6,6,5,5,5,6
18371102,18372133,1837,4,3,20.33333333,M,6,5,5,5,6,4,4,6,6,3,3,4,5,5,5,6,5,4,5,6,6,6,6,6,5,5,5,6
18371102,18372134,1837,4,3,20.33333333,M,6,5,5,5,6,4,4,6,6,4,5,5,5,6,5,5,5,4,5,6,6,6,6,6,5,5,5,6
18371103,18372133,1837,4,3,18.83333333,M,6,5,7,6,7,6,5,6,5,3,3,4,4,4,6,4,4,4,4,7,7,7,7,7,7,7,7,7
18371103,18372132,1837,4,3,18.83333333,M,6,5,7,6,7,6,5,6,5,5,6,5,5,6,4,3,6,2,4,7,7,7,7,7,7,7,7,7
18371103,18372134,1837,4,3,18.83333333,M,6,5,7,6,7,6,5,6,5,5,6,5,5,5,6,5,6,6,6,7,7,7,7,7,7,7,7,7
18371104,18372133,1837,4,3,19.16666667,M,5,5,3,3,3,3,6,6,5,3,3,3,4,6,4,4,5,4,4,5,5,4,4,4,6,4,5,6
18371104,18372134,1837,4,3,19.16666667,M,5,5,3,3,3,3,6,6,5,4,4,3,6,5,4,6,4,4,4,5,5,4,4,4,6,4,5,6
18371104,18372132,1837,4,3,19.16666667,M,5,5,3,3,3,3,6,6,5,5,4,5,4,3,5,4,3,4,4,5,5,4,4,4,6,4,5,6
18371105,18372132,1837,4,3,17.91666667,M,6,6,7,5,5,2,6,4,3,4,3,5,4,6,6,6,3,4,3,6,6,6,5,5,4,4,5,4
18371105,18372133,1837,4,3,17.91666667,M,6,6,7,5,5,2,6,4,3,3,3,3,3,6,5,2,3,2,2,6,6,6,5,5,4,4,5,4
18371105,18372134,1837,4,3,17.91666667,M,6,6,7,5,5,2,6,4,3,5,5,6,5,6,6,5,5,4,3,6,6,6,5,5,4,4,5,4
18372132,18371105,1837,4,3,17.58333333,F,5,5,6,5,6,3,6,6,6,4,4,5,6,6,5,5,5,4,4,5,5,5,5,5,5,3,6,6
18372132,18371102,1837,4,3,17.58333333,F,5,5,6,5,6,3,6,6,6,4,3,4,5,6,4,6,4,5,3,5,5,5,5,5,5,3,6,6
18372132,18371103,1837,4,3,17.58333333,F,5,5,6,5,6,3,6,6,6,5,5,5,5,5,5,5,4,5,4,5,5,5,5,5,5,3,6,6
18372132,18371104,1837,4,3,17.58333333,F,5,5,6,5,6,3,6,6,6,5,5,6,5,6,5,5,5,5,4,5,5,5,5,5,5,3,6,6
18372133,18371105,1837,4,3,18.25,F,4,4,7,7,4,4,4,7,7,5,5,5,5,6,5,5,5,5,4,4,4,7,7,4,4,4,7,7
18372133,18371102,1837,4,3,18.25,F,4,4,7,7,4,4,4,7,7,3,4,3,5,5,4,5,5,5,4,4,4,7,7,4,4,4,7,7
18372133,18371104,1837,4,3,18.25,F,4,4,7,7,4,4,4,7,7,5,6,6,5,7,5,5,6,5,5,4,4,7,7,4,4,4,7,7
18372133,18371103,1837,4,3,18.25,F,4,4,7,7,4,4,4,7,7,5,4,5,4,5,4,5,4,5,4,4,4,7,7,4,4,4,7,7
18372134,18371103,1837,4,3,19.66666667,F,5,4,4,5,6,3,5,5,4,5,5,6,5,6,5,4,6,6,5,7,7,5,6,7,7,5,6,6
18372134,18371105,1837,4,3,19.66666667,F,5,4,4,5,6,3,5,5,4,3,3,5,4,3,6,4,3,4,5,7,7,5,6,7,7,5,6,6
18372134,18371104,1837,4,3,19.66666667,F,5,4,4,5,6,3,5,5,4,5,4,6,5,6,5,4,6,4,4,7,7,5,6,7,7,5,6,6
18372134,18371102,1837,4,3,19.66666667,F,5,4,4,5,6,3,5,5,4,3,3,2,5,3,4,3,4,4,4,7,7,5,6,7,7,5,6,6
18381106,18382136,1838,4,4,19,M,4,4,6,5,5,4,4,6,3,5,5,5,6,6,6,6,6,5,4,4,4,6,5,6,5,5,6,4
18381106,18382137,1838,4,4,19,M,4,4,6,5,5,4,4,6,3,5,5,5,6,5,5,6,5,6,5,4,4,6,5,6,5,5,6,4
18381106,18382139,1838,4,4,19,M,4,4,6,5,5,4,4,6,3,5,5,5,5,6,5,4,5,4,4,4,4,6,5,6,5,5,6,4
18381106,18382138,1838,4,4,19,M,4,4,6,5,5,4,4,6,3,5,5,5,6,5,5,6,4,6,4,4,4,6,5,6,5,5,6,4
18381107,18382137,1838,4,4,19.25,M,5,5,7,5,6,2,5,4,4,2,3,3,6,3,4,5,2,3,3,5,6,6,6,6,6,4,5,5
18381107,18382136,1838,4,4,19.25,M,5,5,7,5,6,2,5,4,4,4,4,5,6,6,5,6,5,3,4,5,6,6,6,6,6,4,5,5
18381107,18382138,1838,4,4,19.25,M,5,5,7,5,6,2,5,4,4,4,3,4,5,3,5,5,3,4,4,5,6,6,6,6,6,4,5,5
18381107,18382139,1838,4,4,19.25,M,5,5,7,5,6,2,5,4,4,5,6,6,6,5,5,7,4,4,4,5,6,6,6,6,6,4,5,5
18381108,18382138,1838,4,4,20.91666667,M,4,4,5,2,6,3,3,5,5,5,4,5,5,3,5,4,4,3,5,6,5,5,3,6,4,4,5,5
18381108,18382136,1838,4,4,20.91666667,M,4,4,5,2,6,3,3,5,5,3,6,5,5,6,4,4,5,4,4,6,5,5,3,6,4,4,5,5
18381108,18382139,1838,4,4,20.91666667,M,4,4,5,2,6,3,3,5,5,4,4,4,5,3,4,4,4,3,4,6,5,5,3,6,4,4,5,5
18381108,18382137,1838,4,4,20.91666667,M,4,4,5,2,6,3,3,5,5,3,4,3,3,2,5,3,3,5,5,6,5,5,3,6,4,4,5,5
18381109,18382136,1838,4,4,20.75,M,4,4,7,4,6,6,4,7,7,5,5,5,6,6,5,6,6,5,5,5,6,7,4,7,4,5,6,6
18381109,18382137,1838,4,4,20.75,M,4,4,7,4,6,6,4,7,7,5,5,5,6,3,6,6,4,6,5,5,6,7,4,7,4,5,6,6
18381109,18382138,1838,4,4,20.75,M,4,4,7,4,6,6,4,7,7,5,5,5,6,4,6,6,5,6,5,5,6,7,4,7,4,5,6,6
18381109,18382139,1838,4,4,20.75,M,4,4,7,4,6,6,4,7,7,6,6,6,6,4,6,6,4,6,5,5,6,7,4,7,4,5,6,6
18382136,18381108,1838,4,4,19.41666667,F,4,4,5,5,5,5,5,4,4,4,4,3,4,3,5,4,3,5,5,4,4,6,4,6,6,5,4,5
18382136,18381109,1838,4,4,19.41666667,F,4,4,5,5,5,5,5,4,4,4,3,3,5,4,4,4,3,4,5,4,4,6,4,6,6,5,4,5
18382136,18381107,1838,4,4,19.41666667,F,4,4,5,5,5,5,5,4,4,5,4,4,5,5,3,4,4,4,4,4,4,6,4,6,6,5,4,5
18382136,18381106,1838,4,4,19.41666667,F,4,4,5,5,5,5,5,4,4,4,5,5,4,3,3,3,3,3,4,4,4,6,4,6,6,5,4,5
18382137,18381106,1838,4,4,19.16666667,F,4,4,7,4,6,5,4,5,5,4,4,4,5,4,5,4,4,4,1,4,5,7,4,6,4,5,5,5
18382137,18381107,1838,4,4,19.16666667,F,4,4,7,4,6,5,4,5,5,4,3,4,4,3,5,3,5,4,2,4,5,7,4,6,4,5,5,5
18382137,18381109,1838,4,4,19.16666667,F,4,4,7,4,6,5,4,5,5,4,3,4,4,6,4,3,4,3,2,4,5,7,4,6,4,5,5,5
18382137,18381108,1838,4,4,19.16666667,F,4,4,7,4,6,5,4,5,5,4,4,4,4,4,5,2,5,4,3,4,5,7,4,6,4,5,5,5
18382138,18381109,1838,4,4,21.41666667,F,3,3,7,5,6,3,4,5,6,4,4,6,5,6,4,5,6,4,4,3,4,7,5,6,4,3,5,6
18382138,18381108,1838,4,4,21.41666667,F,3,3,7,5,6,3,4,5,6,5,5,5,6,5,4,5,5,5,2,3,4,7,5,6,4,3,5,6
18382138,18381107,1838,4,4,21.41666667,F,3,3,7,5,6,3,4,5,6,5,4,5,6,6,6,6,4,4,1,3,4,7,5,6,4,3,5,6
18382138,18381106,1838,4,4,21.41666667,F,3,3,7,5,6,3,4,5,6,6,5,6,6,5,4,5,4,4,1,3,4,7,5,6,4,3,5,6
18382139,18381109,1838,4,4,20.41666667,F,5,6,7,7,7,5,7,7,7,3,2,3,5,6,5,4,5,4,4,6,6,7,7,6,6,4,7,7
18382139,18381106,1838,4,4,20.41666667,F,5,6,7,7,7,5,7,7,7,2,2,3,6,5,4,4,5,4,4,6,6,7,7,6,6,4,7,7
18382139,18381108,1838,4,4,20.41666667,F,5,6,7,7,7,5,7,7,7,2,2,3,4,5,4,4,5,4,4,6,6,7,7,6,6,4,7,7
18382139,18381107,1838,4,4,20.41666667,F,5,6,7,7,7,5,7,7,7,4,4,4,5,5,4,6,5,4,4,6,6,7,7,6,6,4,7,7
18391110,18392141,1839,2,3,17.5,M,6,5,7,5,5,4,6,6,6,5,5,6,5,4,5,5,3,4,3,6,6,7,7,6,6,5,6,6
18391110,18392142,1839,2,3,17.5,M,6,5,7,5,5,4,6,6,6,6,5,6,6,6,5,5,6,4,5,6,6,7,7,6,6,5,6,6
18391110,18392140,1839,2,3,17.5,M,6,5,7,5,5,4,6,6,6,4,4,4,5,6,5,5,5,4,4,6,6,7,7,6,6,5,6,6
18391111,18392140,1839,2,3,19.41666667,M,6,5,7,4,4,4,5,4,4,6,7,7,6,6,6,4,6,4,5,6,5,6,4,5,5,6,5,6
18391111,18392142,1839,2,3,19.41666667,M,6,5,7,4,4,4,5,4,4,4,5,4,7,7,6,5,5,5,5,6,5,6,4,5,5,6,5,6
18391111,18392141,1839,2,3,19.41666667,M,6,5,7,4,4,4,5,4,4,7,7,7,6,7,6,5,6,5,5,6,5,6,4,5,5,6,5,6
18392140,18391110,1839,2,3,19.16666667,F,4,4,7,7,5,6,6,5,6,7,3,6,5,6,5,5,4,5,4,4,4,6,7,6,6,6,5,6
18392140,18391111,1839,2,3,19.16666667,F,4,4,7,7,5,6,6,5,6,4,3,5,5,4,5,5,4,4,4,4,4,6,7,6,6,6,5,6
18392141,18391111,1839,2,3,18,F,6,5,7,4,5,4,5,6,6,3,4,2,4,5,5,4,5,4,4,6,6,6,5,6,5,7,7,7
18392141,18391110,1839,2,3,18,F,6,5,7,4,5,4,5,6,6,5,3,5,5,4,5,6,3,4,3,6,6,6,5,6,5,7,7,7
18392142,18391111,1839,2,3,19.41666667,F,6,5,7,5,7,4,5,7,4,6,6,5,6,6,6,6,4,4,4,6,5,7,6,7,6,5,7,5
18392142,18391110,1839,2,3,19.41666667,F,6,5,7,5,7,4,5,7,4,5,6,5,6,6,6,6,5,4,4,6,5,7,6,7,6,5,7,5
18401112,18402143,1840,3,3,23.83333333,M,4,4,6,3,6,1,3,4,6,5,6,6,6,6,5,6,5,4,5,4,5,5,4,6,5,3,3,5
18401112,18402145,1840,3,3,23.83333333,M,4,4,6,3,6,1,3,4,6,5,4,4,5,6,5,6,5,4,4,4,5,5,4,6,5,3,3,5
18401112,18402144,1840,3,3,23.83333333,M,4,4,6,3,6,1,3,4,6,6,6,6,5,5,4,5,4,4,4,4,5,5,4,6,5,3,3,5
18401113,18402143,1840,3,3,17.58333333,M,7,6,7,6,6,5,4,6,6,4,4,5,6,6,6,5,5,6,5,6,6,7,6,7,5,5,6,6
18401113,18402144,1840,3,3,17.58333333,M,7,6,7,6,6,5,4,6,6,3,5,4,4,4,4,3,4,3,4,6,6,7,6,7,5,5,6,6
18401113,18402145,1840,3,3,17.58333333,M,7,6,7,6,6,5,4,6,6,5,5,5,5,5,6,5,5,5,5,6,6,7,6,7,5,5,6,6
18401114,18402143,1840,3,3,30.33333333,M,5,5,7,3,6,5,5,5,4,5,4,4,5,4,5,4,5,5,4,4,4,6,3,5,4,5,5,5
18401114,18402144,1840,3,3,30.33333333,M,5,5,7,3,6,5,5,5,4,4,4,4,3,4,4,4,5,4,4,4,4,6,3,5,4,5,5,5
18401114,18402145,1840,3,3,30.33333333,M,5,5,7,3,6,5,5,5,4,4,4,4,5,5,5,4,4,4,4,4,4,6,3,5,4,5,5,5
18402143,18401112,1840,3,3,18,F,4,4,5,5,4,4,5,5,4,3,4,3,3,3,4,3,6,3,5,5,5,6,6,4,5,4,5,5
18402143,18401114,1840,3,3,18,F,4,4,5,5,4,4,5,5,4,3,4,4,6,6,4,3,3,3,4,5,5,6,6,4,5,4,5,5
18402143,18401113,1840,3,3,18,F,4,4,5,5,4,4,5,5,4,4,3,5,6,4,3,5,3,3,3,5,5,6,6,4,5,4,5,5
18402144,18401113,1840,3,3,17.83333333,F,3,1,7,6,4,2,6,6,3,4,5,4,5,4,4,5,3,3,3,4,4,6,6,4,4,5,5,4
18402144,18401112,1840,3,3,17.83333333,F,3,1,7,6,4,2,6,6,3,4,4,4,5,6,4,4,4,4,3,4,4,6,6,4,4,5,5,4
18402144,18401114,1840,3,3,17.83333333,F,3,1,7,6,4,2,6,6,3,4,4,4,5,7,5,5,5,4,4,4,4,6,6,4,4,5,5,4
18402145,18401112,1840,3,3,18.66666667,F,6,6,7,4,6,5,6,7,6,4,4,4,4,4,5,5,4,5,3,6,5,7,5,5,5,5,7,7
18402145,18401113,1840,3,3,18.66666667,F,6,6,7,4,6,5,6,7,6,5,4,4,5,5,5,6,4,4,3,6,5,7,5,5,5,5,7,7
18402145,18401114,1840,3,3,18.66666667,F,6,6,7,4,6,5,6,7,6,4,6,5,5,5,6,6,5,6,4,6,5,7,5,5,5,5,7,7
18411115,18412149,1841,2,4,18.08333333,M,4,4,5,4,6,4,5,5,4,4,4,4,3,4,5,4,4,4,5,6,6,6,5,6,4,4,6,4
18411115,18412147,1841,2,4,18.08333333,M,4,4,5,4,6,4,5,5,4,5,5,5,4,6,5,7,6,5,5,6,6,6,5,6,4,4,6,4
18411115,18412148,1841,2,4,18.08333333,M,4,4,5,4,6,4,5,5,4,3,3,2,6,5,5,5,3,4,5,6,6,6,5,6,4,4,6,4
18411115,18412146,1841,2,4,18.08333333,M,4,4,5,4,6,4,5,5,4,4,3,3,5,5,5,4,4,4,4,6,6,6,5,6,4,4,6,4
18411117,18412148,1841,2,4,17.75,M,6,6,6,5,5,4,6,6,6,5,5,6,6,6,6,6,5,5,5,6,6,6,5,5,6,5,6,6
18411117,18412146,1841,2,4,17.75,M,6,6,6,5,5,4,6,6,6,5,4,4,5,6,6,6,6,5,4,6,6,6,5,5,6,5,6,6
18411117,18412147,1841,2,4,17.75,M,6,6,6,5,5,4,6,6,6,6,6,7,6,6,6,6,6,6,6,6,6,6,5,5,6,5,6,6
18411117,18412149,1841,2,4,17.75,M,6,6,6,5,5,4,6,6,6,5,5,5,5,5,6,5,5,5,4,6,6,6,5,5,6,5,6,6
18412146,18411115,1841,2,4,17.41666667,F,6,5,7,5,5,5,5,6,6,3,5,3,6,6,5,6,4,5,4,6,5,6,5,5,5,5,6,6
18412146,18411117,1841,2,4,17.41666667,F,6,5,7,5,5,5,5,6,6,5,6,6,4,6,6,5,5,5,5,6,5,6,5,5,5,5,6,6
18412147,18411115,1841,2,4,18.83333333,F,5,5,7,6,6,2,7,7,6,5,4,5,6,6,4,4,6,5,4,7,6,7,7,5,7,3,7,6
18412147,18411117,1841,2,4,18.83333333,F,5,5,7,6,6,2,7,7,6,6,6,6,7,7,7,7,7,7,7,7,6,7,7,5,7,3,7,6
18412148,18411117,1841,2,4,18.16666667,F,4,4,6,4,4,4,6,7,5,7,6,7,6,7,7,5,7,6,5,6,5,6,4,5,7,4,6,6
18412148,18411115,1841,2,4,18.16666667,F,4,4,6,4,4,4,6,7,5,5,4,5,6,6,4,5,6,5,5,6,5,6,4,5,7,4,6,6
18412149,18411115,1841,2,4,17.83333333,F,7,7,7,7,6,4,7,7,7,2,2,2,2,5,5,5,6,5,5,6,7,7,7,6,6,5,7,6
18412149,18411117,1841,2,4,17.83333333,F,7,7,7,7,6,4,7,7,7,6,5,5,5,7,7,6,6,6,6,6,7,7,7,6,6,5,7,6
19011002,19012001,1901,4,3,35.08333333,F,6,4,7,5,5,2,5,5,6,6,5,6,5,6,3,6,4,3,3,6,6,7,6,5,5,2,7,7
19011002,19012003,1901,4,3,35.08333333,F,6,4,7,5,5,2,5,5,6,4,4,4,6,4,5,6,3,3,4,6,6,7,6,5,5,2,7,7
19011002,19012002,1901,4,3,35.08333333,F,6,4,7,5,5,2,5,5,6,3,3,3,6,5,4,5,4,3,4,6,6,7,6,5,5,2,7,7
19011002,19012004,1901,4,3,35.08333333,F,6,4,7,5,5,2,5,5,6,6,4,5,5,4,6,5,3,4,4,6,6,7,6,5,5,2,7,7
19011003,19012002,1901,4,3,17.91666667,F,4,4,5,5,5,3,5,4,4,4,2,3,4,4,4,4,4,4,3,6,5,6,5,5,5,2,5,5
19011003,19012004,1901,4,3,17.91666667,F,4,4,5,5,5,3,5,4,4,4,4,4,6,4,5,5,4,4,3,6,5,6,5,5,5,2,5,5
19011003,19012001,1901,4,3,17.91666667,F,4,4,5,5,5,3,5,4,4,3,4,4,4,4,5,4,5,4,3,6,5,6,5,5,5,2,5,5
19011003,19012003,1901,4,3,17.91666667,F,4,4,5,5,5,3,5,4,4,2,2,2,5,5,4,6,4,3,4,6,5,6,5,5,5,2,5,5
19011004,19012002,1901,4,3,18.41666667,F,3,3,6,5,5,4,5,6,6,4,4,5,6,6,5,5,4,4,4,5,4,6,6,4,5,4,7,5
19011004,19012001,1901,4,3,18.41666667,F,3,3,6,5,5,4,5,6,6,3,4,4,4,5,4,4,4,3,3,5,4,6,6,4,5,4,7,5
19011004,19012004,1901,4,3,18.41666667,F,3,3,6,5,5,4,5,6,6,5,5,5,6,5,5,5,4,4,4,5,4,6,6,4,5,4,7,5
19011004,19012003,1901,4,3,18.41666667,F,3,3,6,5,5,4,5,6,6,3,4,4,5,5,5,5,4,4,4,5,4,6,6,4,5,4,7,5
19012001,19011004,1901,4,3,18.75,M,6,4,5,5,6,5,6,5,7,2,1,1,3,2,5,3,4,5,4,6,4,5,5,6,6,5,4,7
19012001,19011003,1901,4,3,18.75,M,6,4,5,5,6,5,6,5,7,6,5,6,4,6,4,3,5,5,4,6,4,5,5,6,6,5,4,7
19012001,19011002,1901,4,3,18.75,M,6,4,5,5,6,5,6,5,7,4,4,4,5,6,4,4,3,3,3,6,4,5,5,6,6,5,4,7
19012002,19011004,1901,4,3,18.83333333,M,4,4,7,7,7,4,5,7,7,4,4,4,5,5,6,4,6,4,4,5,5,6,6,6,6,4,5,6
19012002,19011002,1901,4,3,18.83333333,M,4,4,7,7,7,4,5,7,7,4,4,4,6,6,6,6,4,4,4,5,5,6,6,6,6,4,5,6
19012002,19011003,1901,4,3,18.83333333,M,4,4,7,7,7,4,5,7,7,4,4,4,5,4,5,4,4,4,5,5,5,6,6,6,6,4,5,6
19012003,19011004,1901,4,3,22.66666667,M,4,5,5,5,5,7,6,7,7,3,2,3,4,4,4,5,4,4,3,4,5,5,5,5,5,6,7,7
19012003,19011003,1901,4,3,22.66666667,M,4,5,5,5,5,7,6,7,7,4,3,4,4,3,4,4,5,4,5,4,5,5,5,5,5,6,7,7
19012003,19011002,1901,4,3,22.66666667,M,4,5,5,5,5,7,6,7,7,4,5,5,5,5,5,4,4,5,3,4,5,5,5,5,5,6,7,7
19012004,19011002,1901,4,3,17.5,M,4,4,7,5,4,2,2,2,1,5,4,5,6,6,5,4,5,4,3,5,5,6,6,5,4,5,4,4
19012004,19011003,1901,4,3,17.5,M,4,4,7,5,4,2,2,2,1,4,4,5,4,5,3,3,3,4,3,5,5,6,6,5,4,5,4,4
19012004,19011004,1901,4,3,17.5,M,4,4,7,5,4,2,2,2,1,4,3,3,5,5,5,4,4,5,4,5,5,6,6,5,4,5,4,4
19021006,19022007,1902,4,3,17.66666667,F,5,5,7,2,4,2,4,5,4,6,5,6,5,4,5,5,5,5,4,6,5,7,4,5,5,4,6,5
19021006,19022006,1902,4,3,17.66666667,F,5,5,7,2,4,2,4,5,4,5,4,5,5,5,5,5,5,5,4,6,5,7,4,5,5,4,6,5
19021006,19022008,1902,4,3,17.66666667,F,5,5,7,2,4,2,4,5,4,6,5,5,6,5,5,6,4,5,4,6,5,7,4,5,5,4,6,5
19021006,19022005,1902,4,3,17.66666667,F,5,5,7,2,4,2,4,5,4,5,4,4,5,4,5,6,4,5,4,6,5,7,4,5,5,4,6,5
19021007,19022008,1902,4,3,20.33333333,F,3,3,6,7,7,6,6,4,4,7,7,7,7,7,5,6,5,5,5,7,6,7,7,7,7,7,7,7
19021007,19022006,1902,4,3,20.33333333,F,3,3,6,7,7,6,6,4,4,5,5,6,4,7,4,4,5,4,4,7,6,7,7,7,7,7,7,7
19021007,19022005,1902,4,3,20.33333333,F,3,3,6,7,7,6,6,4,4,4,3,3,4,3,4,4,2,4,4,7,6,7,7,7,7,7,7,7
19021007,19022007,1902,4,3,20.33333333,F,3,3,6,7,7,6,6,4,4,7,5,7,7,7,6,6,7,6,5,7,6,7,7,7,7,7,7,7
19021008,19022006,1902,4,3,18.66666667,F,3,3,6,6,4,3,5,6,5,5,5,5,6,5,5,5,5,3,3,5,5,6,6,6,6,5,6,5
19021008,19022005,1902,4,3,18.66666667,F,3,3,6,6,4,3,5,6,5,5,4,5,6,6,5,6,6,5,4,5,5,6,6,6,6,5,6,5
19021008,19022007,1902,4,3,18.66666667,F,3,3,6,6,4,3,5,6,5,5,5,5,6,6,6,6,6,4,3,5,5,6,6,6,6,5,6,5
19021008,19022008,1902,4,3,18.66666667,F,3,3,6,6,4,3,5,6,5,5,5,5,6,6,6,6,6,2,4,5,5,6,6,6,6,5,6,5
19022005,19021006,1902,4,3,17.83333333,M,7,5,7,5,2,2,4,3,5,7,7,7,5,6,6,5,5,6,4,7,5,7,5,5,6,6,6,7
19022005,19021007,1902,4,3,17.83333333,M,7,5,7,5,2,2,4,3,5,3,4,4,5,7,4,6,6,4,4,7,5,7,5,5,6,6,6,7
19022005,19021008,1902,4,3,17.83333333,M,7,5,7,5,2,2,4,3,5,4,4,6,7,6,5,5,4,4,3,7,5,7,5,5,6,6,6,7
19022006,19021008,1902,4,3,19.75,M,6,6,7,6,6,4,6,7,4,4,4,6,5,7,6,4,5,4,5,7,6,7,7,7,6,7,7,7
19022006,19021006,1902,4,3,19.75,M,6,6,7,6,6,4,6,7,4,6,6,7,6,6,5,5,7,5,6,7,6,7,7,7,6,7,7,7
19022006,19021007,1902,4,3,19.75,M,6,6,7,6,6,4,6,7,4,6,6,6,6,6,6,6,6,4,6,7,6,7,7,7,6,7,7,7
19022007,19021006,1902,4,3,18.16666667,M,7,4,7,4,6,4,6,5,6,5,5,6,4,6,6,5,6,5,4,7,5,7,6,6,7,6,6,7
19022007,19021007,1902,4,3,18.16666667,M,7,4,7,4,6,4,6,5,6,3,5,3,5,6,6,7,5,6,5,7,5,7,6,6,7,6,6,7
19022007,19021008,1902,4,3,18.16666667,M,7,4,7,4,6,4,6,5,6,4,4,4,5,5,7,6,4,5,4,7,5,7,6,6,7,6,6,7
19022008,19021006,1902,4,3,25.33333333,M,4,4,7,6,7,5,7,6,7,4,5,6,6,7,5,6,5,6,4,5,5,7,6,6,6,6,6,7
19022008,19021008,1902,4,3,25.33333333,M,4,4,7,6,7,5,7,6,7,3,4,3,4,5,6,6,5,5,5,5,5,7,6,6,6,6,6,7
19022008,19021007,1902,4,3,25.33333333,M,4,4,7,6,7,5,7,6,7,4,4,5,6,5,6,7,5,6,4,5,5,7,6,6,6,6,6,7
19031009,19032010,1903,2,4,17.41666667,F,4,3,5,2,5,7,6,6,6,5,5,5,5,5,6,4,6,4,5,6,4,6,4,6,5,6,6,5
19031009,19032009,1903,2,4,17.41666667,F,4,3,5,2,5,7,6,6,6,5,6,6,6,5,4,5,5,4,4,6,4,6,4,6,5,6,6,5
19031010,19032010,1903,2,4,17.83333333,F,6,4,7,3,7,3,5,7,4,7,6,6,4,7,5,5,4,4,3,6,5,6,5,6,5,4,6,6
19031010,19032009,1903,2,4,17.83333333,F,6,4,7,3,7,3,5,7,4,5,6,5,5,6,4,4,6,4,4,6,5,6,5,6,5,4,6,6
19031011,19032010,1903,2,4,18.91666667,F,6,7,6,5,6,3,6,5,4,4,5,5,4,6,6,5,5,4,4,6,7,6,6,6,6,4,5,5
19031011,19032009,1903,2,4,18.91666667,F,6,7,6,5,6,3,6,5,4,4,5,4,6,7,6,6,6,5,4,6,7,6,6,6,6,4,5,5
19031012,19032009,1903,2,4,22.25,F,6,5,7,7,6,5,6,7,7,4,4,5,5,5,4,5,5,4,4,5,5,6,6,6,6,5,7,7
19031012,19032010,1903,2,4,22.25,F,6,5,7,7,6,5,6,7,7,5,5,5,4,6,4,4,5,5,4,5,5,6,6,6,6,5,7,7
19032009,19031009,1903,2,4,19.5,M,7,7,7,7,7,7,7,7,7,2,2,3,6,3,4,4,4,4,4,7,7,7,7,7,7,7,7,7
19032009,19031010,1903,2,4,19.5,M,7,7,7,7,7,7,7,7,7,6,6,6,7,7,6,6,7,6,6,7,7,7,7,7,7,7,7,7
19032009,19031012,1903,2,4,19.5,M,7,7,7,7,7,7,7,7,7,4,4,4,5,5,4,4,5,4,5,7,7,7,7,7,7,7,7,7
19032009,19031011,1903,2,4,19.5,M,7,7,7,7,7,7,7,7,7,5,5,5,5,6,5,4,5,4,4,7,7,7,7,7,7,7,7,7
19032010,19031009,1903,2,4,21.58333333,M,6,5,4,6,6,4,4,4,4,4,5,4,5,3,4,4,3,4,4,6,5,4,7,7,6,4,4,5
19032010,19031011,1903,2,4,21.58333333,M,6,5,4,6,6,4,4,4,4,6,5,5,5,4,5,5,4,4,4,6,5,4,7,7,6,4,4,5
19032010,19031010,1903,2,4,21.58333333,M,6,5,4,6,6,4,4,4,4,5,5,5,5,3,5,6,4,4,4,6,5,4,7,7,6,4,4,5
19032010,19031012,1903,2,4,21.58333333,M,6,5,4,6,6,4,4,4,4,5,4,4,4,5,4,5,4,4,3,6,5,4,7,7,6,4,4,5
19041013,19042013,1904,4,3,18.08333333,F,3,2,7,3,3,2,3,6,4,4,4,4,6,5,5,5,5,4,4,5,4,7,4,5,4,4,6,6
19041013,19042014,1904,4,3,18.08333333,F,3,2,7,3,3,2,3,6,4,4,4,5,5,4,4,5,4,4,4,5,4,7,4,5,4,4,6,6
19041013,19042011,1904,4,3,18.08333333,F,3,2,7,3,3,2,3,6,4,5,5,5,6,6,5,5,6,4,4,5,4,7,4,5,4,4,6,6
19041013,19042012,1904,4,3,18.08333333,F,3,2,7,3,3,2,3,6,4,6,4,6,5,5,5,4,4,4,5,5,4,7,4,5,4,4,6,6
19041014,19052011,1904,4,3,17.75,F,6,6,7,7,7,5,7,7,7,5,4,6,5,6,5,6,5,5,4,6,6,7,7,7,7,6,7,7
19041014,19042014,1904,4,3,17.75,F,6,6,7,7,7,5,7,7,7,3,4,4,7,4,4,7,3,4,3,6,6,7,7,7,7,6,7,7
19041014,19042013,1904,4,3,17.75,F,6,6,7,7,7,5,7,7,7,5,4,5,7,7,7,6,7,6,4,6,6,7,7,7,7,6,7,7
19041015,19042013,1904,4,3,20.5,F,4,4,5,7,6,5,6,5,4,5,5,5,7,7,6,5,6,5,4,6,5,6,7,6,7,4,6,5
19041015,19042014,1904,4,3,20.5,F,4,4,5,7,6,5,6,5,4,4,5,4,5,5,6,6,4,4,3,6,5,6,7,6,7,4,6,5
19041015,19042011,1904,4,3,20.5,F,4,4,5,7,6,5,6,5,4,6,5,5,6,7,7,6,6,5,4,6,5,6,7,6,7,4,6,5
19041015,19042012,1904,4,3,20.5,F,4,4,5,7,6,5,6,5,4,6,6,6,5,6,5,5,6,5,4,6,5,6,7,6,7,4,6,5
19042011,19041015,1904,4,3,18.16666667,M,6,6,7,7,7,5,7,5,5,6,4,6,5,6,6,6,5,5,4,6,5,7,7,6,6,4,5,5
19042011,19041013,1904,4,3,18.16666667,M,6,6,7,7,7,5,7,5,5,3,3,3,4,4,5,5,4,5,4,6,5,7,7,6,6,4,5,5
19042011,19041014,1904,4,3,18.16666667,M,6,6,7,7,7,5,7,5,5,5,5,5,7,6,6,6,5,4,4,6,5,7,7,6,6,4,5,5
19042012,19041015,1904,4,3,20.83333333,M,7,5,7,5,6,5,6,5,5,6,6,6,6,6,6,7,6,5,5,7,7,7,6,6,6,7,7,7
19042012,19041014,1904,4,3,20.83333333,M,7,5,7,5,6,5,6,5,5,6,5,6,7,7,6,7,5,5,5,7,7,7,6,6,6,7,7,7
19042012,19041013,1904,4,3,20.83333333,M,7,5,7,5,6,5,6,5,5,5,5,6,6,6,6,5,6,6,5,7,7,7,6,6,6,7,7,7
19042014,19041015,1904,4,3,19.5,M,5,6,5,5,5,5,3,3,5,5,5,5,5,6,5,5,5,5,4,5,6,5,5,5,4,4,2,5
19042014,19041014,1904,4,3,19.5,M,5,6,5,5,5,5,3,3,5,5,5,5,6,5,5,6,4,4,4,5,6,5,5,5,4,4,2,5
19042014,19041013,1904,4,3,19.5,M,5,6,5,5,5,5,3,3,5,3,5,4,4,2,6,3,3,5,3,5,6,5,5,5,4,4,2,5
19051014,19042012,1904,4,3,17.75,F,6,6,7,7,7,5,7,7,7,6,5,6,6,6,6,6,6,4,3,6,6,7,7,7,7,6,7,7
19051016,19052017,1905,4,3,29.83333333,F,5,5,7,7,7,1,4,7,4,6,4,6,5,3,6,3,2,2,2,5,5,7,6,6,5,4,6,6
19051016,19052016,1905,4,3,29.83333333,F,5,5,7,7,7,1,4,7,4,4,4,4,5,5,4,3,2,2,1,5,5,7,6,6,5,4,6,6
19051016,19052015,1905,4,3,29.83333333,F,5,5,7,7,7,1,4,7,4,5,4,5,6,7,5,5,5,2,2,5,5,7,6,6,5,4,6,6
19051016,19052018,1905,4,3,29.83333333,F,5,5,7,7,7,1,4,7,4,5,4,5,6,6,5,6,3,2,2,5,5,7,6,6,5,4,6,6
19051017,19052016,1905,4,3,18.91666667,F,7,4,2,7,7,4,7,5,5,4,4,5,7,5,4,6,5,4,1,4,3,3,6,6,5,3,6,4
19051017,19052015,1905,4,3,18.91666667,F,7,4,2,7,7,4,7,5,5,4,4,4,5,4,2,5,3,4,2,4,3,3,6,6,5,3,6,4
19051017,19052017,1905,4,3,18.91666667,F,7,4,2,7,7,4,7,5,5,4,4,4,4,4,4,4,4,4,2,4,3,3,6,6,5,3,6,4
19051017,19052018,1905,4,3,18.91666667,F,7,4,2,7,7,4,7,5,5,4,3,3,5,4,4,5,2,4,2,4,3,3,6,6,5,3,6,4
19051018,19052015,1905,4,3,20.83333333,F,4,4,7,7,4,6,4,6,6,3,3,3,5,3,5,5,4,5,4,4,4,7,7,4,4,4,6,6
19051018,19052018,1905,4,3,20.83333333,F,4,4,7,7,4,6,4,6,6,4,4,4,6,4,5,5,4,4,4,4,4,7,7,4,4,4,6,6
19051018,19052017,1905,4,3,20.83333333,F,4,4,7,7,4,6,4,6,6,4,4,4,5,5,5,5,5,4,4,4,4,7,7,4,4,4,6,6
19051018,19052016,1905,4,3,20.83333333,F,4,4,7,7,4,6,4,6,6,2,3,2,6,2,6,6,3,5,4,4,4,7,7,4,4,4,6,6
19052015,19051016,1905,4,3,18.16666667,M,4,4,5,6,7,5,6,7,4,4,5,4,5,5,5,5,4,5,3,6,5,5,6,7,6,5,7,6
19052015,19051018,1905,4,3,18.16666667,M,4,4,5,6,7,5,6,7,4,4,5,4,5,5,5,4,5,6,3,6,5,5,6,7,6,5,7,6
19052015,19051017,1905,4,3,18.16666667,M,4,4,5,6,7,5,6,7,4,4,3,4,3,5,5,6,5,4,3,6,5,5,6,7,6,5,7,6
19052016,19051018,1905,4,3,18.16666667,M,5,5,5,5,5,5,5,5,5,5,5,5,5,5,5,5,5,5,5,5,5,5,5,7,6,6,6,6
19052016,19051016,1905,4,3,18.16666667,M,5,5,5,5,5,5,5,5,5,4,4,4,5,5,5,5,5,5,5,5,5,5,5,7,6,6,6,6
19052016,19051017,1905,4,3,18.16666667,M,5,5,5,5,5,5,5,5,5,5,4,5,5,5,5,5,5,5,5,5,5,5,5,7,6,6,6,6
19052017,19051017,1905,4,3,17.41666667,M,7,4,3,1,1,6,7,7,6,5,3,4,5,4,6,6,5,2,5,6,3,2,2,2,6,5,7,6
19052017,19051018,1905,4,3,17.41666667,M,7,4,3,1,1,6,7,7,6,2,6,3,3,5,5,6,4,5,3,6,3,2,2,2,6,5,7,6
19052017,19051016,1905,4,3,17.41666667,M,7,4,3,1,1,6,7,7,6,4,6,4,7,6,6,7,4,5,4,6,3,2,2,2,6,5,7,6
19052018,19051017,1905,4,3,18.33333333,M,5,5,6,2,6,3,3,4,2,3,2,3,5,4,5,4,3,4,3,7,7,7,6,7,7,6,7,7
19052018,19051018,1905,4,3,18.33333333,M,5,5,6,2,6,3,3,4,2,3,5,2,4,2,6,3,5,5,5,7,7,7,6,7,7,6,7,7
19052018,19051016,1905,4,3,18.33333333,M,5,5,6,2,6,3,3,4,2,4,6,4,5,6,4,4,5,3,5,7,7,7,6,7,7,6,7,7
19061019,19062020,1906,2,3,17.91666667,F,4,4,6,5,7,4,6,7,7,2,2,3,5,5,5,6,4,4,4,5,5,6,4,6,7,6,7,7
19061019,19062019,1906,2,3,17.91666667,F,4,4,6,5,7,4,6,7,7,4,3,4,5,7,7,2,6,4,5,5,5,6,4,6,7,6,7,7
19061020,19062019,1906,2,3,17.91666667,F,6,5,7,7,7,7,7,6,6,5,5,6,6,7,7,7,7,7,6,6,5,7,7,6,6,7,6,7
19061020,19062020,1906,2,3,17.91666667,F,6,5,7,7,7,7,7,6,6,5,5,5,7,5,6,7,5,6,4,6,5,7,7,6,6,7,6,7
19061021,19062020,1906,2,3,19.16666667,F,4,5,7,4,5,4,5,6,5,5,5,4,6,5,5,6,4,4,4,5,6,6,5,6,6,5,7,6
19061021,19062019,1906,2,3,19.16666667,F,4,5,7,4,5,4,5,6,5,5,5,5,6,5,5,5,6,4,5,5,6,6,5,6,6,5,7,6
19062019,19061019,1906,2,3,19.41666667,M,6,6,6,6,6,4,6,5,6,5,6,6,6,6,6,5,6,5,6,5,6,6,6,6,6,4,5,6
19062019,19061021,1906,2,3,19.41666667,M,6,6,6,6,6,4,6,5,6,5,6,6,6,6,6,6,5,5,4,5,6,6,6,6,6,4,5,6
19062019,19061020,1906,2,3,19.41666667,M,6,6,6,6,6,4,6,5,6,4,5,4,5,5,5,5,5,4,4,5,6,6,6,6,6,4,5,6
19062020,19061019,1906,2,3,21.41666667,M,6,6,7,7,7,6,7,5,6,5,5,5,6,6,4,5,6,5,3,6,5,6,6,6,6,6,4,5
19062020,19061021,1906,2,3,21.41666667,M,6,6,7,7,7,6,7,5,6,5,3,5,5,6,7,7,4,6,3,6,5,6,6,6,6,6,4,5
19062020,19061020,1906,2,3,21.41666667,M,6,6,7,7,7,6,7,5,6,4,4,4,5,4,5,7,5,6,2,6,5,6,6,6,6,6,4,5
19071022,19072023,1907,3,4,18.91666667,F,4,5,7,4,4,5,7,6,5,7,7,6,6,7,7,7,7,7,6,6,5,7,7,6,7,6,6,5
19071022,19072022,1907,3,4,18.91666667,F,4,5,7,4,4,5,7,6,5,6,6,5,5,5,6,6,5,6,5,6,5,7,7,6,7,6,6,5
19071022,19072021,1907,3,4,18.91666667,F,4,5,7,4,4,5,7,6,5,5,5,6,6,7,7,6,7,6,5,6,5,7,7,6,7,6,6,5
19071023,19072023,1907,3,4,18.91666667,F,3,3,7,5,5,4,6,7,7,7,6,6,7,7,6,6,7,5,4,4,4,7,5,5,6,4,6,6
19071023,19072021,1907,3,4,18.91666667,F,3,3,7,5,5,4,6,7,7,5,5,6,6,7,5,6,5,7,4,4,4,7,5,5,6,4,6,6
19071023,19072022,1907,3,4,18.91666667,F,3,3,7,5,5,4,6,7,7,5,6,7,7,7,5,6,5,5,4,4,4,7,5,5,6,4,6,6
19071024,19072023,1907,3,4,18.16666667,F,4,4,7,5,7,5,5,7,7,7,7,7,7,7,6,5,6,5,6,6,6,7,6,7,6,5,7,7
19071024,19072021,1907,3,4,18.16666667,F,4,4,7,5,7,5,5,7,7,4,5,4,5,6,5,6,5,5,5,6,6,7,6,7,6,5,7,7
19071024,19072022,1907,3,4,18.16666667,F,4,4,7,5,7,5,5,7,7,6,6,6,5,5,6,6,6,5,4,6,6,7,6,7,6,5,7,7
19071025,19072023,1907,3,4,19.08333333,F,5,5,6,7,5,4,7,7,7,5,6,6,6,6,5,6,6,5,5,5,5,5,6,6,6,4,7,7
19071025,19072021,1907,3,4,19.08333333,F,5,5,6,7,5,4,7,7,7,5,5,5,6,6,4,5,5,4,5,5,5,5,6,6,6,4,7,7
19071025,19072022,1907,3,4,19.08333333,F,5,5,6,7,5,4,7,7,7,5,4,4,5,3,5,4,3,4,5,5,5,5,6,6,6,4,7,7
19072021,19071024,1907,3,4,21.91666667,M,7,6,1,7,7,6,6,7,7,4,3,4,5,3,6,6,4,5,6,7,7,4,7,6,6,7,7,7
19072021,19071022,1907,3,4,21.91666667,M,7,6,1,7,7,6,6,7,7,6,7,7,6,7,5,5,6,5,6,7,7,4,7,6,6,7,7,7
19072021,19071025,1907,3,4,21.91666667,M,7,6,1,7,7,6,6,7,7,5,6,6,4,5,5,6,4,5,5,7,7,4,7,6,6,7,7,7
19072021,19071023,1907,3,4,21.91666667,M,7,6,1,7,7,6,6,7,7,3,5,4,6,6,5,4,5,4,5,7,7,4,7,6,6,7,7,7
19072022,19071023,1907,3,4,29.66666667,M,5,6,6,6,6,6,6,6,6,5,5,5,6,6,6,6,5,5,5,5,6,6,5,5,5,5,5,6
19072022,19071024,1907,3,4,29.66666667,M,5,6,6,6,6,6,6,6,6,5,5,5,6,6,6,6,6,5,5,5,6,6,5,5,5,5,5,6
19072022,19071022,1907,3,4,29.66666667,M,5,6,6,6,6,6,6,6,6,7,7,7,6,6,5,5,5,4,5,5,6,6,5,5,5,5,5,6
19072022,19071025,1907,3,4,29.66666667,M,5,6,6,6,6,6,6,6,6,7,6,5,5,5,5,5,4,5,4,5,6,6,5,5,5,5,5,6
19072023,19071022,1907,3,4,17.91666667,M,6,5,7,6,6,7,7,5,4,5,6,7,5,6,7,6,6,6,6,6,6,7,7,5,6,7,7,5
19072023,19071023,1907,3,4,17.91666667,M,6,5,7,6,6,7,7,5,4,6,6,6,7,6,6,6,5,5,5,6,6,7,7,5,6,7,7,5
19072023,19071025,1907,3,4,17.91666667,M,6,5,7,6,6,7,7,5,4,6,6,6,7,7,6,5,6,5,3,6,6,7,7,5,6,7,7,5
19072023,19071024,1907,3,4,17.91666667,M,6,5,7,6,6,7,7,5,4,4,5,4,7,4,6,7,5,6,2,6,6,7,7,5,6,7,7,5
19081026,19082026,1908,3,3,18,F,5,5,7,3,6,4,5,7,6,1,1,2,6,3,5,5,2,3,3,4,5,6,5,6,5,5,7,6
19081026,19082025,1908,3,3,18,F,5,5,7,3,6,4,5,7,6,5,4,5,5,4,5,4,4,4,3,4,5,6,5,6,5,5,7,6
19081026,19082024,1908,3,3,18,F,5,5,7,3,6,4,5,7,6,5,5,6,4,7,5,5,5,4,4,4,5,6,5,6,5,5,7,6
19081027,19082025,1908,3,3,19.83333333,F,4,5,6,6,7,4,5,3,4,5,4,5,4,5,6,6,4,3,5,6,6,6,6,6,5,5,4,5
19081027,19082026,1908,3,3,19.83333333,F,4,5,6,6,7,4,5,3,4,3,3,3,6,5,6,6,5,2,5,6,6,6,6,6,5,5,4,5
19081027,19082024,1908,3,3,19.83333333,F,4,5,6,6,7,4,5,3,4,4,4,4,4,6,5,5,6,3,5,6,6,6,6,6,5,5,4,5
19081028,19082024,1908,3,3,18.75,F,2,2,7,5,7,4,6,5,5,4,4,5,4,5,5,4,4,4,4,5,5,7,5,6,5,5,6,6
19081028,19082025,1908,3,3,18.75,F,2,2,7,5,7,4,6,5,5,4,4,5,5,4,5,5,3,4,4,5,5,7,5,6,5,5,6,6
19081028,19082026,1908,3,3,18.75,F,2,2,7,5,7,4,6,5,5,3,3,4,5,4,7,6,4,4,3,5,5,7,5,6,5,5,6,6
19082024,19081026,1908,3,3,20.16666667,M,6,6,7,6,5,5,6,7,6,4,4,3,7,7,5,5,6,5,6,7,6,7,7,7,7,6,7,7
19082024,19081028,1908,3,3,20.16666667,M,6,6,7,6,5,5,6,7,6,5,5,5,6,6,5,4,5,5,4,7,6,7,7,7,7,6,7,7
19082024,19081027,1908,3,3,20.16666667,M,6,6,7,6,5,5,6,7,6,4,4,4,7,6,5,5,4,4,4,7,6,7,7,7,7,6,7,7
19082025,19081028,1908,3,3,18.41666667,M,5,6,5,3,6,4,4,5,4,6,5,6,6,5,7,4,4,5,4,5,6,6,5,6,5,4,5,6
19082025,19081026,1908,3,3,18.41666667,M,5,6,5,3,6,4,4,5,4,6,6,6,5,6,5,5,6,4,5,5,6,6,5,6,5,4,5,6
19082025,19081027,1908,3,3,18.41666667,M,5,6,5,3,6,4,4,5,4,6,5,6,5,3,5,4,5,5,4,5,6,6,5,6,5,4,5,6
19082026,19081027,1908,3,3,20.08333333,M,3,3,6,4,6,4,6,6,6,6,6,6,6,7,5,4,6,4,4,4,5,7,4,6,7,5,6,7
19082026,19081026,1908,3,3,20.08333333,M,3,3,6,4,6,4,6,6,6,5,6,NA,4,5,6,4,5,6,3,4,5,7,4,6,7,5,6,7
19082026,19081028,1908,3,3,20.08333333,M,3,3,6,4,6,4,6,6,6,5,5,5,7,5,6,7,4,5,3,4,5,7,4,6,7,5,6,7
19091029,19092030,1909,4,2,17.83333333,F,5,5,6,6,6,6,5,7,6,5,4,5,5,6,5,7,5,6,5,5,5,6,5,6,5,5,6,6
19091029,19092027,1909,4,2,17.83333333,F,5,5,6,6,6,6,5,7,6,3,5,3,6,5,3,6,4,5,4,5,5,6,5,6,5,5,6,6
19091029,19092028,1909,4,2,17.83333333,F,5,5,6,6,6,6,5,7,6,5,5,5,5,6,6,6,5,5,4,5,5,6,5,6,5,5,6,6
19091029,19092029,1909,4,2,17.83333333,F,5,5,6,6,6,6,5,7,6,2,2,3,5,3,6,5,3,3,4,5,5,6,5,6,5,5,6,6
19091030,19092028,1909,4,2,17.41666667,F,4,4,7,6,7,7,5,6,6,5,5,6,5,4,5,5,3,4,4,5,5,7,7,7,7,7,6,6
19091030,19092030,1909,4,2,17.41666667,F,4,4,7,6,7,7,5,6,6,6,6,5,6,6,5,7,4,4,4,5,5,7,7,7,7,7,6,6
19091030,19092027,1909,4,2,17.41666667,F,4,4,7,6,7,7,5,6,6,2,2,4,6,3,5,7,5,4,4,5,5,7,7,7,7,7,6,6
19091030,19092029,1909,4,2,17.41666667,F,4,4,7,6,7,7,5,6,6,2,2,4,6,4,6,6,3,4,3,5,5,7,7,7,7,7,6,6
19092027,19091029,1909,4,2,18.91666667,M,5,6,6,5,7,5,6,6,6,4,5,5,5,5,5,5,5,4,4,6,5,6,6,6,6,5,5,6
19092027,19091030,1909,4,2,18.91666667,M,5,6,6,5,7,5,6,6,6,3,3,3,4,3,5,4,3,3,5,6,5,6,6,6,6,5,5,6
19092028,19091029,1909,4,2,17.58333333,M,5,5,7,6,5,6,6,6,7,6,6,6,6,6,6,6,6,6,6,5,5,7,7,6,6,6,6,7
19092028,19091030,1909,4,2,17.58333333,M,5,5,7,6,5,6,6,6,7,5,5,6,6,6,6,5,6,6,6,5,5,7,7,6,6,6,6,7
19092029,19091029,1909,4,2,19.41666667,M,4,3,6,3,5,3,5,5,7,6,6,6,6,6,5,4,6,4,4,6,4,6,4,6,5,4,5,6
19092029,19091030,1909,4,2,19.41666667,M,4,3,6,3,5,3,5,5,7,5,5,6,5,6,5,4,6,4,4,6,4,6,4,6,5,4,5,6
19092030,19091029,1909,4,2,18.5,M,5,5,6,6,6,5,6,6,5,5,5,5,5,5,5,6,5,6,6,6,6,6,5,6,6,6,6,6
19092030,19091030,1909,4,2,18.5,M,5,5,6,6,6,5,6,6,5,6,5,6,6,6,6,6,6,6,5,6,6,6,5,6,6,6,6,6
19101031,19102031,1910,2,4,17.75,F,6,4,7,6,7,5,6,5,5,5,5,6,6,6,5,5,3,4,3,7,6,7,6,6,5,5,5,5
19101031,19102032,1910,2,4,17.75,F,6,4,7,6,7,5,6,5,5,5,5,4,5,5,5,5,2,4,3,7,6,7,6,6,5,5,5,5
19101032,19102031,1910,2,4,18.5,F,3,4,7,7,5,4,5,5,5,7,7,7,6,5,6,6,6,5,3,5,4,7,7,6,4,4,5,5
19101032,19102032,1910,2,4,18.5,F,3,4,7,7,5,4,5,5,5,6,6,6,7,6,6,6,4,5,3,5,4,7,7,6,4,4,5,5
19101033,19102031,1910,2,4,20.5,F,4,5,6,5,5,3,5,6,5,5,4,5,5,6,5,5,4,3,4,5,5,6,6,6,5,4,5,5
19101033,19102032,1910,2,4,20.5,F,4,5,6,5,5,3,5,6,5,4,4,4,4,3,4,4,3,5,4,5,5,6,6,6,5,4,5,5
19101034,19102032,1910,2,4,20.75,F,5,6,7,4,6,4,6,6,4,5,4,5,6,6,4,4,3,4,1,5,4,4,4,4,4,4,4,1
19101034,19102031,1910,2,4,20.75,F,5,6,7,4,6,4,6,6,4,4,4,4,4,6,4,4,4,4,1,5,4,4,4,4,4,4,4,1
19102031,19101031,1910,2,4,20.91666667,M,6,4,6,4,5,4,3,4,4,5,4,6,6,6,5,6,5,4,5,6,4,5,4,5,4,5,4,5
19102031,19101034,1910,2,4,20.91666667,M,6,4,6,4,5,4,3,4,4,4,4,3,5,3,4,5,3,4,3,6,4,5,4,5,4,5,4,5
19102031,19101032,1910,2,4,20.91666667,M,6,4,6,4,5,4,3,4,4,4,4,4,5,5,5,5,5,4,4,6,4,5,4,5,4,5,4,5
19102031,19101033,1910,2,4,20.91666667,M,6,4,6,4,5,4,3,4,4,4,4,4,5,5,5,5,5,4,4,6,4,5,4,5,4,5,4,5
19102032,19101033,1910,2,4,22.91666667,M,7,7,7,7,7,7,7,7,7,5,6,6,5,4,5,3,5,4,5,7,7,7,7,7,7,7,7,7
19102032,19101031,1910,2,4,22.91666667,M,7,7,7,7,7,7,7,7,7,6,7,5,6,5,5,5,4,4,3,7,7,7,7,7,7,7,7,7
19102032,19101034,1910,2,4,22.91666667,M,7,7,7,7,7,7,7,7,7,5,6,4,5,3,5,5,4,3,3,7,7,7,7,7,7,7,7,7
19102032,19101032,1910,2,4,22.91666667,M,7,7,7,7,7,7,7,7,7,5,6,5,5,5,4,6,5,4,3,7,7,7,7,7,7,7,7,7
19111035,19112035,1911,3,3,17.41666667,F,2,2,6,6,7,5,5,6,4,4,4,4,5,4,4,5,4,3,2,2,2,6,6,7,4,5,6,5
19111035,19112034,1911,3,3,17.41666667,F,2,2,6,6,7,5,5,6,4,6,3,5,5,6,5,6,4,4,2,2,2,6,6,7,4,5,6,5
19111035,19112033,1911,3,3,17.41666667,F,2,2,6,6,7,5,5,6,4,4,3,4,3,5,3,4,4,4,3,2,2,6,6,7,4,5,6,5
19111036,19112034,1911,3,3,17.83333333,F,6,6,6,6,6,4,6,4,4,6,5,6,6,6,6,7,6,6,5,5,6,6,7,6,7,5,6,6
19111036,19112035,1911,3,3,17.83333333,F,6,6,6,6,6,4,6,4,4,4,5,4,6,5,5,6,5,5,4,5,6,6,7,6,7,5,6,6
19111036,19112033,1911,3,3,17.83333333,F,6,6,6,6,6,4,6,4,4,6,4,5,5,6,5,6,5,5,6,5,6,6,7,6,7,5,6,6
19112033,19111035,1911,3,3,17.91666667,M,5,6,5,2,3,3,4,3,3,5,4,4,6,5,7,6,4,5,5,6,6,7,5,6,5,6,6,7
19112033,19111036,1911,3,3,17.91666667,M,5,6,5,2,3,3,4,3,3,5,3,6,5,6,5,5,6,4,4,6,6,7,5,6,5,6,6,7
19112034,19111036,1911,3,3,18.58333333,M,5,5,7,6,7,3,4,7,6,5,5,6,5,5,6,6,5,5,4,6,5,7,6,6,6,4,6,6
19112034,19111035,1911,3,3,18.58333333,M,5,5,7,6,7,3,4,7,6,4,4,4,5,5,5,4,5,6,3,6,5,7,6,6,6,4,6,6
19112035,19111036,1911,3,3,20.75,M,6,6,5,6,5,3,5,3,7,6,6,7,3,6,5,5,6,5,5,6,6,6,7,6,5,2,5,7
19112035,19111035,1911,3,3,20.75,M,6,6,5,6,5,3,5,3,7,4,5,5,6,5,6,6,5,5,4,6,6,6,7,6,5,2,5,7
19121039,19122039,1912,3,2,19.16666667,F,6,6,6,6,6,6,6,7,7,2,3,4,5,5,5,5,4,5,4,6,6,6,6,6,7,6,7,7
19121039,19122040,1912,3,2,19.16666667,F,6,6,6,6,6,6,6,7,7,4,4,7,7,7,7,7,7,4,7,6,6,6,6,6,7,6,7,7
19121039,19122038,1912,3,2,19.16666667,F,6,6,6,6,6,6,6,7,7,3,3,4,5,4,5,4,4,3,3,6,6,6,6,6,7,6,7,7
19121040,19122039,1912,3,2,18.75,F,4,4,7,4,7,4,5,6,6,3,3,4,5,5,4,4,4,4,4,6,6,7,5,6,5,5,6,6
19121040,19122038,1912,3,2,18.75,F,4,4,7,4,7,4,5,6,6,3,3,3,5,5,4,4,4,4,4,6,6,7,5,6,5,5,6,6
19121040,19122040,1912,3,2,18.75,F,4,4,7,4,7,4,5,6,6,4,7,7,7,7,7,7,7,7,7,6,6,7,5,6,5,5,6,6
19122038,19121039,1912,3,2,18.08333333,M,6,5,7,5,6,4,5,6,7,5,4,6,4,5,6,4,4,4,4,6,6,6,6,5,5,6,5,6
19122038,19121040,1912,3,2,18.08333333,M,6,5,7,5,6,4,5,6,7,4,4,5,4,3,5,4,2,4,2,6,6,6,6,5,5,6,5,6
19122039,19121039,1912,3,2,19.41666667,M,7,7,7,5,5,5,5,7,6,7,6,7,5,5,4,5,5,5,4,6,6,6,5,5,5,5,7,5
19122039,19121040,1912,3,2,19.41666667,M,7,7,7,5,5,5,5,7,6,4,5,5,5,4,4,5,3,4,4,6,6,6,5,5,5,5,7,5
19122040,19121040,1912,3,2,18.58333333,M,5,5,5,5,4,4,4,4,4,4,7,7,7,7,7,7,7,7,7,5,5,4,4,3,3,3,5,4
19122040,19121039,1912,3,2,18.58333333,M,5,5,5,5,4,4,4,4,4,7,7,7,7,7,7,7,7,7,7,5,5,4,4,3,3,3,5,4
19131041,19132044,1913,4,2,17.75,F,4,5,6,6,5,4,4,6,6,3,3,3,6,5,6,6,5,4,2,6,5,6,6,6,4,4,6,6
19131041,19132042,1913,4,2,17.75,F,4,5,6,6,5,4,4,6,6,3,3,4,5,5,5,4,5,6,4,6,5,6,6,6,4,4,6,6
19131041,19132043,1913,4,2,17.75,F,4,5,6,6,5,4,4,6,6,6,5,6,6,6,5,6,6,6,3,6,5,6,6,6,4,4,6,6
19131041,19132041,1913,4,2,17.75,F,4,5,6,6,5,4,4,6,6,4,3,5,5,5,6,4,6,4,5,6,5,6,6,6,4,4,6,6
19131042,19132041,1913,4,2,17.41666667,F,5,4,7,7,7,3,6,6,7,4,4,4,5,4,5,6,5,4,4,5,4,7,6,5,6,5,6,6
19131042,19132044,1913,4,2,17.41666667,F,5,4,7,7,7,3,6,6,7,2,2,2,6,5,5,5,3,4,3,5,4,7,6,5,6,5,6,6
19131042,19132043,1913,4,2,17.41666667,F,5,4,7,7,7,3,6,6,7,6,4,6,5,5,5,6,5,5,4,5,4,7,6,5,6,5,6,6
19131042,19132042,1913,4,2,17.41666667,F,5,4,7,7,7,3,6,6,7,3,4,2,6,4,5,4,5,5,4,5,4,7,6,5,6,5,6,6
19132041,19131042,1913,4,2,17.66666667,M,4,4,7,4,4,5,4,4,6,6,4,6,6,5,6,6,5,4,4,5,5,6,5,4,4,5,5,6
19132041,19131041,1913,4,2,17.66666667,M,4,4,7,4,4,5,4,4,6,5,5,5,4,4,5,4,4,4,4,5,5,6,5,4,4,5,5,6
19132042,19131042,1913,4,2,19.08333333,M,5,4,5,5,5,4,4,5,4,5,5,6,5,5,5,7,5,5,4,5,4,5,5,5,5,4,4,4
19132042,19131041,1913,4,2,19.08333333,M,5,4,5,5,5,4,4,5,4,5,5,5,5,6,5,4,5,4,4,5,4,5,5,5,5,4,4,4
19132043,19131042,1913,4,2,18.33333333,M,5,5,7,4,5,3,5,6,5,6,5,6,6,6,6,6,6,4,4,6,6,6,5,6,5,4,6,6
19132043,19131041,1913,4,2,18.33333333,M,5,5,7,4,5,3,5,6,5,5,4,5,5,5,5,4,4,4,3,6,6,6,5,6,5,4,6,6
19132044,19131041,1913,4,2,21.91666667,M,4,5,6,5,6,4,6,6,6,5,4,4,4,5,5,4,5,4,4,5,4,6,5,6,4,5,6,6
19132044,19131042,1913,4,2,21.91666667,M,4,5,6,5,6,4,6,6,6,5,5,5,5,5,4,4,4,5,3,5,4,6,5,6,4,5,6,6
19141043,19142047,1914,3,3,20.91666667,F,5,5,6,5,6,3,6,6,6,4,4,5,6,4,6,6,5,4,4,6,5,6,6,6,6,5,6,6
19141043,19142045,1914,3,3,20.91666667,F,5,5,6,5,6,3,6,6,6,5,6,6,5,6,6,5,6,5,4,6,5,6,6,6,6,5,6,6
19141043,19142046,1914,3,3,20.91666667,F,5,5,6,5,6,3,6,6,6,5,4,5,6,6,6,5,6,5,4,6,5,6,6,6,6,5,6,6
19141044,19142046,1914,3,3,18.08333333,F,6,6,7,7,6,5,6,6,5,4,5,4,5,5,5,4,5,4,4,6,6,7,7,7,6,7,6,6
19141044,19142045,1914,3,3,18.08333333,F,6,6,7,7,6,5,6,6,5,5,5,6,6,6,6,5,6,5,5,6,6,7,7,7,6,7,6,6
19141044,19142047,1914,3,3,18.08333333,F,6,6,7,7,6,5,6,6,5,2,1,2,5,4,4,3,4,3,5,6,6,7,7,7,6,7,6,6
19141045,19142046,1914,3,3,18.66666667,F,5,6,7,6,6,3,5,7,5,3,4,3,6,6,6,5,5,4,4,6,6,7,7,6,6,4,7,6
19141045,19142045,1914,3,3,18.66666667,F,5,6,7,6,6,3,5,7,5,5,5,5,4,6,5,5,5,4,5,6,6,7,7,6,6,4,7,6
19141045,19142047,1914,3,3,18.66666667,F,5,6,7,6,6,3,5,7,5,1,1,2,5,4,5,5,3,3,4,6,6,7,7,6,6,4,7,6
19142045,19141045,1914,3,3,19.58333333,M,5,4,6,6,5,4,5,4,7,6,5,6,5,5,5,4,5,4,2,6,5,6,7,5,5,4,5,6
19142045,19141044,1914,3,3,19.58333333,M,5,4,6,6,5,4,5,4,7,5,5,6,5,5,5,4,5,4,4,6,5,6,7,5,5,4,5,6
19142045,19141043,1914,3,3,19.58333333,M,5,4,6,6,5,4,5,4,7,5,6,6,6,6,5,7,4,2,3,6,5,6,7,5,5,4,5,6
19142046,19141043,1914,3,3,17.75,M,4,4,6,5,6,6,5,6,7,5,5,5,5,6,5,6,5,5,4,5,6,6,5,6,5,6,6,6
19142046,19141045,1914,3,3,17.75,M,4,4,6,5,6,6,5,6,7,4,3,4,4,4,5,5,4,4,4,5,6,6,5,6,5,6,6,6
19142046,19141044,1914,3,3,17.75,M,4,4,6,5,6,6,5,6,7,4,4,5,4,5,5,5,4,4,4,5,6,6,5,6,5,6,6,6
19142047,19141044,1914,3,3,23.41666667,M,4,4,6,6,7,6,5,4,4,7,7,7,6,6,6,6,7,4,3,5,4,7,7,7,7,7,7,7
19142047,19141045,1914,3,3,23.41666667,M,4,4,6,6,7,6,5,4,4,6,6,7,5,4,5,3,3,5,1,5,4,7,7,7,7,7,7,7
19142047,19141043,1914,3,3,23.41666667,M,4,4,6,6,7,6,5,4,4,7,7,7,6,7,5,5,6,5,3,5,4,7,7,7,7,7,7,7
19151046,19152049,1915,2,2,18.33333333,F,6,4,7,5,5,5,4,7,5,3,5,3,3,5,5,3,5,4,3,7,4,6,5,6,4,6,7,6
19151046,19152048,1915,2,2,18.33333333,F,6,4,7,5,5,5,4,7,5,5,5,6,6,6,4,6,5,4,4,7,4,6,5,6,4,6,7,6
19151047,19152048,1915,2,2,23.25,F,5,5,5,6,6,5,4,5,5,5,5,5,5,NA,5,5,5,5,5,4,5,5,4,5,4,5,5,5
19151047,19152049,1915,2,2,23.25,F,5,5,5,6,6,5,4,5,5,4,4,4,5,5,5,5,5,5,5,4,5,5,4,5,4,5,5,5
19152048,19151047,1915,2,2,19.58333333,M,4,4,7,1,7,5,4,7,3,6,6,6,4,6,4,4,5,5,4,5,5,6,3,7,5,7,7,6
19152048,19151046,1915,2,2,19.58333333,M,4,4,7,1,7,5,4,7,3,5,4,5,6,6,5,6,5,5,5,5,5,6,3,7,5,7,7,6
19152049,19151047,1915,2,2,20.83333333,M,6,6,5,5,6,6,5,6,6,6,6,6,6,5,6,6,4,6,3,6,6,5,5,6,4,4,6,6
19152049,19151046,1915,2,2,20.83333333,M,6,6,5,5,6,6,5,6,6,4,2,3,6,6,6,6,6,5,5,6,6,5,5,6,4,4,6,6
19161048,19162051,1916,3,3,18.08333333,F,5,4,7,6,7,7,6,7,6,3,2,4,7,6,2,6,2,6,2,6,6,7,6,6,4,6,6,6
19161048,19162050,1916,3,3,18.08333333,F,5,4,7,6,7,7,6,7,6,5,5,6,6,6,5,6,4,6,4,6,6,7,6,6,4,6,6,6
19161048,19162052,1916,3,3,18.08333333,F,5,4,7,6,7,7,6,7,6,2,2,3,6,4,4,6,3,4,5,6,6,7,6,6,4,6,6,6
19161049,19162052,1916,3,3,18.16666667,F,4,4,5,4,4,5,5,6,5,5,4,5,5,4,5,3,6,5,5,5,5,5,4,5,6,5,6,5
19161049,19162050,1916,3,3,18.16666667,F,4,4,5,4,4,5,5,6,5,5,5,5,5,5,5,4,4,4,4,5,5,5,4,5,6,5,6,5
19161049,19162051,1916,3,3,18.16666667,F,4,4,5,4,4,5,5,6,5,4,5,5,5,5,4,4,4,5,4,5,5,5,4,5,6,5,6,5
19161050,19162052,1916,3,3,19.41666667,F,6,6,7,5,6,3,5,7,6,2,3,2,6,5,6,6,4,6,4,7,7,7,6,6,6,4,7,7
19161050,19162051,1916,3,3,19.41666667,F,6,6,7,5,6,3,5,7,6,2,2,2,5,3,4,5,4,4,5,7,7,7,6,6,6,4,7,7
19161050,19162050,1916,3,3,19.41666667,F,6,6,7,5,6,3,5,7,6,4,3,4,5,3,5,5,4,4,3,7,7,7,6,6,6,4,7,7
19162050,19161050,1916,3,3,17.41666667,M,4,4,6,5,6,5,6,5,5,6,6,6,6,6,7,5,6,6,5,6,6,6,6,6,6,7,6,6
19162050,19161049,1916,3,3,17.41666667,M,4,4,6,5,6,5,6,5,5,5,7,6,5,5,6,5,5,5,4,6,6,6,6,6,6,7,6,6
19162050,19161048,1916,3,3,17.41666667,M,4,4,6,5,6,5,6,5,5,5,5,5,6,5,6,6,5,6,6,6,6,6,6,6,6,7,6,6
19162051,19161048,1916,3,3,18.66666667,M,5,4,7,7,5,4,4,4,4,3,1,3,4,3,4,4,3,5,5,5,5,7,7,6,4,7,5,5
19162051,19161050,1916,3,3,18.66666667,M,5,4,7,7,5,4,4,4,4,3,4,4,3,6,6,4,5,5,5,5,5,7,7,6,4,7,5,5
19162051,19161049,1916,3,3,18.66666667,M,5,4,7,7,5,4,4,4,4,6,6,7,5,5,5,4,4,4,4,5,5,7,7,6,4,7,5,5
19162052,19161048,1916,3,3,22.66666667,M,6,5,6,5,6,5,6,5,5,5,5,5,6,6,5,5,5,5,6,6,4,6,5,6,6,5,5,5
19162052,19161049,1916,3,3,22.66666667,M,6,5,6,5,6,5,6,5,5,6,6,6,6,6,5,5,6,5,6,6,4,6,5,6,6,5,5,5
19162052,19161050,1916,3,3,22.66666667,M,6,5,6,5,6,5,6,5,5,6,6,6,6,6,6,6,5,5,5,6,4,6,5,6,6,5,5,5
19171051,19172054,1917,2,2,20.16666667,F,5,5,7,4,5,6,6,7,7,4,4,5,6,6,6,5,5,4,4,6,6,7,4,5,6,6,7,7
19171051,19172053,1917,2,2,20.16666667,F,5,5,7,4,5,6,6,7,7,1,1,1,7,1,4,6,2,5,3,6,6,7,4,5,6,6,7,7
19171052,19172053,1917,2,2,19.41666667,F,4,4,6,7,6,5,6,7,6,4,4,3,6,2,5,6,2,3,2,5,5,7,7,5,6,5,7,5
19171052,19172054,1917,2,2,19.41666667,F,4,4,6,7,6,5,6,7,6,5,5,5,6,6,5,6,4,6,3,5,5,7,7,5,6,5,7,5
19172053,19171051,1917,2,2,19.25,M,4,4,7,4,7,1,5,3,2,4,4,4,5,4,5,4,3,5,3,5,4,6,5,7,5,4,7,7
19172053,19171052,1917,2,2,19.25,M,4,4,7,4,7,1,5,3,2,3,3,3,4,4,5,5,3,3,5,5,4,6,5,7,5,4,7,7
19172054,19171051,1917,2,2,19.75,M,4,4,6,6,5,5,4,6,7,5,5,5,4,4,6,6,3,4,4,6,6,6,6,4,5,5,6,7
19172054,19171052,1917,2,2,19.75,M,4,4,6,6,5,5,4,6,7,4,4,5,4,6,6,4,4,6,4,6,6,6,6,4,5,5,6,7
19181053,19182055,1918,2,3,17.91666667,F,5,5,6,5,6,5,5,7,4,6,5,6,4,6,4,4,6,5,3,6,6,6,5,6,6,6,6,4
19181053,19182056,1918,2,3,17.91666667,F,5,5,6,5,6,5,5,7,4,6,6,7,6,6,5,5,6,3,2,6,6,6,5,6,6,6,6,4
19181054,19182056,1918,2,3,18.91666667,F,5,5,7,6,6,5,5,6,5,4,4,5,5,6,4,4,4,5,5,5,6,7,7,6,5,5,6,5
19181054,19182055,1918,2,3,18.91666667,F,5,5,7,6,6,5,5,6,5,4,4,4,5,6,6,6,5,5,4,5,6,7,7,6,5,5,6,5
19181055,19182056,1918,2,3,18.5,F,4,7,4,7,7,1,7,7,4,4,6,5,7,7,5,5,3,4,1,6,7,4,7,7,7,4,6,6
19181055,19182055,1918,2,3,18.5,F,4,7,4,7,7,1,7,7,4,4,6,4,5,7,6,5,6,6,1,6,7,4,7,7,7,4,6,6
19182055,19181054,1918,2,3,18.08333333,M,6,5,7,6,6,6,6,5,6,6,6,6,6,5,4,5,5,5,4,6,5,7,6,6,6,6,5,6
19182055,19181055,1918,2,3,18.08333333,M,6,5,7,6,6,6,6,5,6,5,5,6,7,5,5,6,4,5,5,6,5,7,6,6,6,6,5,6
19182055,19181053,1918,2,3,18.08333333,M,6,5,7,6,6,6,6,5,6,5,6,6,6,6,5,6,6,6,5,6,5,7,6,6,6,6,5,6
19182056,19181055,1918,2,3,21.16666667,M,4,5,5,5,5,5,4,4,6,5,6,6,5,4,4,5,4,4,3,4,4,6,5,5,4,5,4,5
19182056,19181053,1918,2,3,21.16666667,M,4,5,5,5,5,5,4,4,6,4,5,5,5,5,5,4,4,4,4,4,4,6,5,5,4,5,4,5
19182056,19181054,1918,2,3,21.16666667,M,4,5,5,5,5,5,4,4,6,5,5,5,5,6,5,5,4,4,3,4,4,6,5,5,4,5,4,5
19201057,19202060,1920,3,3,18.75,F,3,3,5,6,5,2,5,5,6,4,4,3,6,5,6,6,4,3,3,5,4,6,6,5,5,3,6,6
19201057,19202061,1920,3,3,18.75,F,3,3,5,6,5,2,5,5,6,5,4,5,6,4,6,4,5,3,5,5,4,6,6,5,5,3,6,6
19201057,19202059,1920,3,3,18.75,F,3,3,5,6,5,2,5,5,6,3,3,3,3,6,3,6,4,2,4,5,4,6,6,5,5,3,6,6
19201058,19202059,1920,3,3,19.25,F,5,5,7,6,6,4,5,6,7,4,4,3,4,7,2,6,4,3,3,6,6,6,6,6,5,4,7,7
19201058,19202060,1920,3,3,19.25,F,5,5,7,6,6,4,5,6,7,4,4,5,6,5,5,6,5,4,4,6,6,6,6,6,5,4,7,7
19201058,19202061,1920,3,3,19.25,F,5,5,7,6,6,4,5,6,7,5,6,6,6,6,5,6,6,3,5,6,6,6,6,6,5,4,7,7
19201059,19202059,1920,3,3,20.5,F,4,5,6,5,5,4,4,4,4,5,4,5,5,4,6,6,6,5,4,6,5,6,5,5,5,5,5,5
19201059,19202060,1920,3,3,20.5,F,4,5,6,5,5,4,4,4,4,5,4,5,5,3,5,5,4,5,4,6,5,6,5,5,5,5,5,5
19201059,19202061,1920,3,3,20.5,F,4,5,6,5,5,4,4,4,4,5,4,5,5,5,5,4,5,5,5,6,5,6,5,5,5,5,5,5
19202059,19201057,1920,3,3,18.75,M,5,4,7,4,7,4,5,5,6,4,4,5,4,6,4,4,5,5,4,5,5,6,4,6,5,4,5,6
19202059,19201058,1920,3,3,18.75,M,5,4,7,4,7,4,5,5,6,5,5,6,5,5,4,5,4,7,4,5,5,6,4,6,5,4,5,6
19202059,19201059,1920,3,3,18.75,M,5,4,7,4,7,4,5,5,6,4,3,4,5,3,6,4,3,4,4,5,5,6,4,6,5,4,5,6
19202060,19201057,1920,3,3,18.83333333,M,4,5,6,4,4,5,5,6,7,4,5,5,6,4,7,5,5,5,3,5,5,7,5,5,6,4,7,7
19202060,19201058,1920,3,3,18.83333333,M,4,5,6,4,4,5,5,6,7,4,5,5,6,7,6,7,6,7,4,5,5,7,5,5,6,4,7,7
19202060,19201059,1920,3,3,18.83333333,M,4,5,6,4,4,5,5,6,7,2,2,2,5,3,6,6,3,5,2,5,5,7,5,5,6,4,7,7
19202061,19201057,1920,3,3,26.33333333,M,4,4,7,5,5,1,5,6,6,6,5,6,5,5,4,3,4,4,4,6,6,7,5,5,5,4,6,6
19202061,19201059,1920,3,3,26.33333333,M,4,4,7,5,5,1,5,6,6,2,2,3,6,3,5,5,4,4,4,6,6,7,5,5,5,4,6,6
19202061,19201058,1920,3,3,26.33333333,M,4,4,7,5,5,1,5,6,6,4,3,4,5,3,4,4,4,4,4,6,6,7,5,5,5,4,6,6
19211060,19212062,1921,2,3,17.33333333,F,6,6,6,6,5,5,5,6,6,3,3,4,5,5,5,5,5,5,3,6,6,6,6,5,3,4,6,6
19211060,19212063,1921,2,3,17.33333333,F,6,6,6,6,5,5,5,6,6,3,5,4,6,6,4,6,5,6,2,6,6,6,6,5,3,4,6,6
19211061,19212062,1921,2,3,20.91666667,F,6,4,7,5,6,4,6,7,6,5,5,5,5,5,6,5,4,5,4,6,4,6,5,6,6,4,6,6
19211061,19212063,1921,2,3,20.91666667,F,6,4,7,5,6,4,6,7,6,5,5,5,6,6,6,6,6,6,5,6,4,6,5,6,6,4,6,6
19211062,19212062,1921,2,3,18.83333333,F,4,3,7,6,6,4,6,4,4,5,5,5,5,5,5,5,4,3,2,5,4,6,6,6,5,6,6,5
19211062,19212063,1921,2,3,18.83333333,F,4,3,7,6,6,4,6,4,4,3,5,5,5,6,5,4,4,3,2,5,4,6,6,6,5,6,6,5
19212062,19211061,1921,2,3,19.41666667,M,7,6,4,4,4,3,4,3,3,4,4,5,7,6,5,6,5,3,6,6,6,7,6,6,5,7,6,7
19212062,19211062,1921,2,3,19.41666667,M,7,6,4,4,4,3,4,3,3,5,4,5,7,4,6,6,5,7,3,6,6,7,6,6,5,7,6,7
19212062,19211060,1921,2,3,19.41666667,M,7,6,4,4,4,3,4,3,3,5,4,5,5,6,6,4,6,4,5,6,6,7,6,6,5,7,6,7
19212063,19211062,1921,2,3,27.41666667,M,7,7,7,7,7,5,7,4,6,5,5,7,7,7,7,7,7,4,4,7,7,7,7,7,7,4,5,7
19212063,19211061,1921,2,3,27.41666667,M,7,7,7,7,7,5,7,4,6,7,7,7,7,7,7,7,7,7,4,7,7,7,7,7,7,4,5,7
19212063,19211060,1921,2,3,27.41666667,M,7,7,7,7,7,5,7,4,6,5,4,7,7,5,5,5,6,4,4,7,7,7,7,7,7,4,5,7
